<?xml version = '1.0' encoding = 'UTF-8'?>
<Entity class="oracle.dbtools.crest.model.design.logical.Entity" directorySegmentName="seg_0" id="439EA753-A4A2-BBBF-2FA7-690BA32782A6" name="ASIG_MATRI">
<createdBy>JUANKA</createdBy>
<createdTime>2021-04-20 07:17:14 UTC</createdTime>
<ownerDesignName>NeuBDModeloLogico</ownerDesignName>
<importedID>CD06B800-9BA6-B415-259A-2CCFE9D48EDC</importedID>
<engineerTo>
<item key="14DFEC09-88A0-67C9-F222-C7919C25966F" value="true"/>
<item key="8E3459F0-9E25-80AB-3397-F5978CA10707" value="true"/>
<item key="9A74C99F-416B-E938-DEE5-A22977160E78" value="true"/>
</engineerTo>
<adequatelyNormalized>NO</adequatelyNormalized>
<expectedVolumes>0</expectedVolumes>
<fwdEngineeringStrategyName>Single Table</fwdEngineeringStrategyName>
<growthPercent>0</growthPercent>
<growthType>Year</growthType>
<maxVolumes>9999999</maxVolumes>
<minVolumes>0</minVolumes>
<normalForm>Third</normalForm>
<attributes itemClass="oracle.dbtools.crest.model.design.logical.Attribute">
<Attribute name="Referencia" id="282023B8-5A04-59C7-1BC4-9C9169604530">
<createdBy>JUANKA</createdBy>
<createdTime>2021-04-20 07:17:14 UTC</createdTime>
<generatorID>18B44746-3A96-B4C9-C27C-987FA70974F8</generatorID>
<ownerDesignName>NeuBDModeloLogico</ownerDesignName>
<importedID>96D8F4FB-3C39-0BC9-DEDE-5368F575CEBE</importedID>
<engineerTo>
<item key="14DFEC09-88A0-67C9-F222-C7919C25966F" value="true"/>
<item key="8E3459F0-9E25-80AB-3397-F5978CA10707" value="true"/>
<item key="9A74C99F-416B-E938-DEE5-A22977160E78" value="true"/>
</engineerTo>
<referedAttribute>57826A70-4A16-931F-47BD-B99BD39A9572</referedAttribute>
<useDomainConstraints>false</useDomainConstraints>
<use>1</use>
<logicalDatatype>LOGDT024</logicalDatatype>
<dataTypeSize>180 CHAR</dataTypeSize>
<ownDataTypeParameters>,,</ownDataTypeParameters>
</Attribute>
<Attribute name="Num_Expediente" id="BA79B2B2-2DEA-F6F5-0F88-89D60F427619">
<createdBy>JUANKA</createdBy>
<createdTime>2021-04-20 07:17:14 UTC</createdTime>
<generatorID>25CD4DD3-201B-299E-0A70-BCDCBF0A5222</generatorID>
<ownerDesignName>NeuBDModeloLogico</ownerDesignName>
<importedID>9F06C81E-A962-C091-18AB-05E3B00910DF</importedID>
<engineerTo>
<item key="14DFEC09-88A0-67C9-F222-C7919C25966F" value="true"/>
<item key="8E3459F0-9E25-80AB-3397-F5978CA10707" value="true"/>
<item key="9A74C99F-416B-E938-DEE5-A22977160E78" value="true"/>
</engineerTo>
<referedAttribute>1A767321-1F91-A59D-A161-B8D001668F9E</referedAttribute>
<useDomainConstraints>false</useDomainConstraints>
<use>1</use>
<logicalDatatype>LOGDT024</logicalDatatype>
<dataTypeSize>180 CHAR</dataTypeSize>
<ownDataTypeParameters>180 CHAR,,</ownDataTypeParameters>
</Attribute>
<Attribute name="Curso_académico" id="B01A48BB-8E2D-0626-2A16-8298E72B6FE0">
<createdBy>JUANKA</createdBy>
<createdTime>2021-04-20 07:17:14 UTC</createdTime>
<generatorID>25CD4DD3-201B-299E-0A70-BCDCBF0A5222</generatorID>
<ownerDesignName>NeuBDModeloLogico</ownerDesignName>
<importedID>283153A2-C842-33CD-533A-A48C1F2BA9A5</importedID>
<engineerTo>
<item key="14DFEC09-88A0-67C9-F222-C7919C25966F" value="true"/>
<item key="8E3459F0-9E25-80AB-3397-F5978CA10707" value="true"/>
<item key="9A74C99F-416B-E938-DEE5-A22977160E78" value="true"/>
</engineerTo>
<referedAttribute>A9587432-090C-1EB8-1379-81DF6928E61A</referedAttribute>
<useDomainConstraints>false</useDomainConstraints>
<use>1</use>
<logicalDatatype>LOGDT024</logicalDatatype>
<dataTypeSize>180 CHAR</dataTypeSize>
<ownDataTypeParameters>180 CHAR,,</ownDataTypeParameters>
</Attribute>
<Attribute name="ID" id="DF45C4A7-41E4-EB60-C131-748F2D5ABA0E">
<createdBy>JUANKA</createdBy>
<createdTime>2021-04-20 07:17:14 UTC</createdTime>
<generatorID>4E4188CC-DDDE-D370-0D59-29AF58DBB8C4</generatorID>
<ownerDesignName>NeuBDModeloLogico</ownerDesignName>
<importedID>C656A996-A48D-CC37-40CF-CB64F1495338</importedID>
<engineerTo>
<item key="14DFEC09-88A0-67C9-F222-C7919C25966F" value="true"/>
<item key="8E3459F0-9E25-80AB-3397-F5978CA10707" value="true"/>
<item key="9A74C99F-416B-E938-DEE5-A22977160E78" value="true"/>
</engineerTo>
<nullsAllowed>true</nullsAllowed>
<referedAttribute>2E90C6FF-AD34-1C46-9F5B-03556DEB9B08</referedAttribute>
<useDomainConstraints>false</useDomainConstraints>
<use>1</use>
<logicalDatatype>LOGDT024</logicalDatatype>
<dataTypeSize>180 CHAR</dataTypeSize>
<ownDataTypeParameters>180 CHAR,,</ownDataTypeParameters>
</Attribute>
<Attribute name="Ingles" id="BA269D83-6FD8-4A5F-561E-5A6CC3ABFA67">
<createdBy>JUANKA</createdBy>
<createdTime>2021-04-20 07:17:48 UTC</createdTime>
<ownerDesignName>NeuBDModeloLogico</ownerDesignName>
<engineerTo>
<item key="14DFEC09-88A0-67C9-F222-C7919C25966F" value="true"/>
<item key="8E3459F0-9E25-80AB-3397-F5978CA10707" value="true"/>
<item key="9A74C99F-416B-E938-DEE5-A22977160E78" value="true"/>
</engineerTo>
<nullsAllowed>true</nullsAllowed>
<useDomainConstraints>false</useDomainConstraints>
<use>1</use>
<logicalDatatype>LOGDT006</logicalDatatype>
<dataTypeSize>1 BYTE</dataTypeSize>
<ownDataTypeParameters>1 BYTE,,</ownDataTypeParameters>
</Attribute>
<Attribute name="AsignacionManual" id="F08B1CF1-00AA-C6D0-B68B-0E33D584627C">
<createdBy>JUANKA</createdBy>
<createdTime>2021-04-20 07:17:59 UTC</createdTime>
<ownerDesignName>NeuBDModeloLogico</ownerDesignName>
<engineerTo>
<item key="14DFEC09-88A0-67C9-F222-C7919C25966F" value="true"/>
<item key="8E3459F0-9E25-80AB-3397-F5978CA10707" value="true"/>
<item key="9A74C99F-416B-E938-DEE5-A22977160E78" value="true"/>
</engineerTo>
<nullsAllowed>true</nullsAllowed>
<useDomainConstraints>false</useDomainConstraints>
<use>1</use>
<logicalDatatype>LOGDT006</logicalDatatype>
<dataTypeSize>1 BYTE</dataTypeSize>
<ownDataTypeParameters>1 BYTE,,</ownDataTypeParameters>
</Attribute>
</attributes>
<identifiers itemClass="oracle.dbtools.crest.model.design.logical.CandidateKey">
<identifier id="99F4B23A-3526-88C5-5E61-88C74114C55A" name="ASIGNATURAS_MATRÍCULA PK">
<createdBy>JUANKA</createdBy>
<createdTime>2021-04-20 07:17:14 UTC</createdTime>
<ownerDesignName>NeuBDModeloLogico</ownerDesignName>
<importedID>C141613B-AF0A-33C3-5B50-3AC61EF4D52E</importedID>
<engineerTo>
<item key="14DFEC09-88A0-67C9-F222-C7919C25966F" value="true"/>
<item key="8E3459F0-9E25-80AB-3397-F5978CA10707" value="true"/>
<item key="9A74C99F-416B-E938-DEE5-A22977160E78" value="true"/>
</engineerTo>
<pk>true</pk>
<usedAttributes>
<attributeRef>BA79B2B2-2DEA-F6F5-0F88-89D60F427619</attributeRef>
<attributeRef>B01A48BB-8E2D-0626-2A16-8298E72B6FE0</attributeRef>
<attributeRef>282023B8-5A04-59C7-1BC4-9C9169604530</attributeRef>
</usedAttributes>
</identifier>
</identifiers>
</Entity>