<?xml version = '1.0' encoding = 'UTF-8'?>
<Entity class="oracle.dbtools.crest.model.design.logical.Entity" directorySegmentName="seg_0" id="9A03D468-B323-B214-2208-33E0A065DE4B" name="OPTATIVA">
<createdBy>JUANKA</createdBy>
<createdTime>2021-04-20 07:17:14 UTC</createdTime>
<ownerDesignName>NeuBDModeloLogico</ownerDesignName>
<importedID>8B2E29AD-C41D-997E-7699-4B4B3A988F98</importedID>
<engineerTo>
<item key="14DFEC09-88A0-67C9-F222-C7919C25966F" value="true"/>
<item key="8E3459F0-9E25-80AB-3397-F5978CA10707" value="true"/>
<item key="9A74C99F-416B-E938-DEE5-A22977160E78" value="true"/>
</engineerTo>
<adequatelyNormalized>NO</adequatelyNormalized>
<expectedVolumes>0</expectedVolumes>
<fwdEngineeringStrategyName>Single Table</fwdEngineeringStrategyName>
<growthPercent>0</growthPercent>
<growthType>Year</growthType>
<hierarchicalParent>5A940B90-E299-47EB-88EF-88485ECACB51</hierarchicalParent>
<maxVolumes>9999999</maxVolumes>
<minVolumes>0</minVolumes>
<normalForm>Third</normalForm>
<attributes itemClass="oracle.dbtools.crest.model.design.logical.Attribute">
<Attribute name="Plazas" id="B9F4DA2A-5E62-CD49-56C9-78F0BF26FE0A">
<createdBy>JUANKA</createdBy>
<createdTime>2021-04-20 07:17:14 UTC</createdTime>
<ownerDesignName>NeuBDModeloLogico</ownerDesignName>
<importedID>DEF01C0D-EA92-93F0-5162-883B6B270F40</importedID>
<engineerTo>
<item key="14DFEC09-88A0-67C9-F222-C7919C25966F" value="true"/>
<item key="8E3459F0-9E25-80AB-3397-F5978CA10707" value="true"/>
<item key="9A74C99F-416B-E938-DEE5-A22977160E78" value="true"/>
</engineerTo>
<useDomainConstraints>false</useDomainConstraints>
<use>1</use>
<logicalDatatype>LOGDT024</logicalDatatype>
<dataTypeSize>180 CHAR</dataTypeSize>
<ownDataTypeParameters>180 CHAR,,</ownDataTypeParameters>
</Attribute>
<Attribute name="Mención" id="FC86A961-7E26-61F7-2A6B-E8ACD1F5C61B">
<createdBy>JUANKA</createdBy>
<createdTime>2021-04-20 07:17:14 UTC</createdTime>
<ownerDesignName>NeuBDModeloLogico</ownerDesignName>
<importedID>E6229E93-00B8-8786-E3AF-0980ED861E0A</importedID>
<engineerTo>
<item key="14DFEC09-88A0-67C9-F222-C7919C25966F" value="true"/>
<item key="8E3459F0-9E25-80AB-3397-F5978CA10707" value="true"/>
<item key="9A74C99F-416B-E938-DEE5-A22977160E78" value="true"/>
</engineerTo>
<nullsAllowed>true</nullsAllowed>
<useDomainConstraints>false</useDomainConstraints>
<use>1</use>
<logicalDatatype>LOGDT024</logicalDatatype>
<dataTypeSize>180 CHAR</dataTypeSize>
<ownDataTypeParameters>180 CHAR,,</ownDataTypeParameters>
</Attribute>
</attributes>
</Entity>