<?xml version = '1.0' encoding = 'UTF-8'?>
<relationalModel class="oracle.dbtools.crest.model.design.relational.RelationalDesign" name="Relational_1(2)(2)" id="14DFEC09-88A0-67C9-F222-C7919C25966F" mainViewID="36DE8921-FFE0-924D-6D3F-A3235558475A">
<createdBy>JUANKA</createdBy>
<createdTime>2021-04-20 07:17:12 UTC</createdTime>
<ownerDesignName>NeuBDModeloLogico</ownerDesignName>
<shouldBeOpen>false</shouldBeOpen>
<selectedRDBMSSite>32076570-2523-435C-2E92-BF29817DFF70</selectedRDBMSSite>
</relationalModel>