<?xml version = '1.0' encoding = 'UTF-8'?>
<relationalModel class="oracle.dbtools.crest.model.design.relational.RelationalDesign" name="Relational_1(2)" id="8E3459F0-9E25-80AB-3397-F5978CA10707" mainViewID="39C61ADB-7D8B-9BFE-5F22-8E04BD3536E2">
<createdBy>JUANKA</createdBy>
<createdTime>2021-04-20 07:17:12 UTC</createdTime>
<ownerDesignName>NeuBDModeloLogico</ownerDesignName>
<shouldBeOpen>false</shouldBeOpen>
<selectedRDBMSSite>32076570-2523-435C-2E92-BF29817DFF70</selectedRDBMSSite>
</relationalModel>