<?xml version = '1.0' encoding = 'UTF-8'?>
<relationalModel class="oracle.dbtools.crest.model.design.relational.RelationalDesign" name="Relational_1" id="9A74C99F-416B-E938-DEE5-A22977160E78" mainViewID="A6ED31F8-719B-0A2B-2CDC-A19DC9CF4B9D">
<createdBy>JUANKA</createdBy>
<createdTime>2021-04-20 07:16:45 UTC</createdTime>
<ownerDesignName>NeuBDModeloLogico</ownerDesignName>
<shouldBeOpen>false</shouldBeOpen>
<selectedRDBMSSite>32076570-2523-435C-2E92-BF29817DFF70</selectedRDBMSSite>
</relationalModel>