<?xml version = '1.0' encoding = 'UTF-8'?>
<Table class="oracle.dbtools.crest.model.design.relational.Table" directorySegmentName="seg_0" id="154D9BA7-AD53-0552-B767-CBC7D3E2BD2B" name="OPTATIVA">
<createdBy>JUANKA</createdBy>
<createdTime>2021-04-20 07:17:14 UTC</createdTime>
<generatorID>9A03D468-B323-B214-2208-33E0A065DE4B</generatorID>
<ownerDesignName>NeuBDModeloLogico</ownerDesignName>
<importedID>6C5B1F31-1174-B9C0-D943-B96A31CAB303</importedID>
<allowColumnReorder>false</allowColumnReorder>
<existDependencyGenerateInDDl>true</existDependencyGenerateInDDl>
<parsed>true</parsed>
<columns itemClass="oracle.dbtools.crest.model.design.relational.Column">
<Column name="Referencia" id="6F89FF07-B28A-6EC4-1C3C-99C2D08EF86C">
<createdBy>JUANKA</createdBy>
<createdTime>2021-04-20 07:17:14 UTC</createdTime>
<generatorID>57826A70-4A16-931F-47BD-B99BD39A9572</generatorID>
<ownerDesignName>NeuBDModeloLogico</ownerDesignName>
<importedID>9C934DDC-7AC4-23C8-34FA-B6C8164C547B</importedID>
<useDomainConstraints>false</useDomainConstraints>
<use>1</use>
<logicalDatatype>LOGDT024</logicalDatatype>
<dataTypeSize>180 CHAR</dataTypeSize>
<ownDataTypeParameters>180 CHAR,,</ownDataTypeParameters>
<autoIncrementCycle>false</autoIncrementCycle>
<associations>
<colAssociation fkAssociation="3FBC30E6-4EBD-31CE-1B7F-7214FC5C78D2" referredColumn="45647557-8D15-E321-FBD4-A1F0954E8434"/>
</associations>
</Column>
<Column name="Plazas" id="D20A67E8-D27E-0087-45EB-F9D7A34A2A41">
<createdBy>JUANKA</createdBy>
<createdTime>2021-04-20 07:17:14 UTC</createdTime>
<generatorID>B9F4DA2A-5E62-CD49-56C9-78F0BF26FE0A</generatorID>
<ownerDesignName>NeuBDModeloLogico</ownerDesignName>
<importedID>604A8A05-0669-9DA3-8DEF-CB7DD08BFEF3</importedID>
<useDomainConstraints>false</useDomainConstraints>
<use>1</use>
<logicalDatatype>LOGDT024</logicalDatatype>
<dataTypeSize>180 CHAR</dataTypeSize>
<ownDataTypeParameters>180 CHAR,,</ownDataTypeParameters>
<autoIncrementCycle>false</autoIncrementCycle>
</Column>
<Column name="Mención" id="3ED7A97A-07AF-D21F-AF0F-202DED913829">
<createdBy>JUANKA</createdBy>
<createdTime>2021-04-20 07:17:14 UTC</createdTime>
<generatorID>FC86A961-7E26-61F7-2A6B-E8ACD1F5C61B</generatorID>
<ownerDesignName>NeuBDModeloLogico</ownerDesignName>
<importedID>BF2B3AB9-0DA4-3B61-407D-DF2F3E4824E9</importedID>
<nullsAllowed>true</nullsAllowed>
<useDomainConstraints>false</useDomainConstraints>
<use>1</use>
<logicalDatatype>LOGDT024</logicalDatatype>
<dataTypeSize>180 CHAR</dataTypeSize>
<ownDataTypeParameters>180 CHAR,,</ownDataTypeParameters>
<autoIncrementCycle>false</autoIncrementCycle>
</Column>
</columns>
<indexes itemClass="oracle.dbtools.crest.model.design.relational.Index">
<ind_PK_UK id="BE19532A-D34C-B05E-57FD-2DEB42172F1D" name="OPTATIVA_PK">
<createdBy>JUANKA</createdBy>
<createdTime>2021-04-20 07:17:14 UTC</createdTime>
<generatorID>68E40367-E053-CF66-66C3-2A3967586146</generatorID>
<ownerDesignName>NeuBDModeloLogico</ownerDesignName>
<importedID>CD3931C7-ED99-A730-AAB4-E487687EDE77</importedID>
<pk>true</pk>
<indexState>Primary Constraint</indexState>
<isSurrogateKey>false</isSurrogateKey>
<indexColumnUsage>
<colUsage columnID="6F89FF07-B28A-6EC4-1C3C-99C2D08EF86C"/>
</indexColumnUsage>
</ind_PK_UK>
<ind_PK_UK id="5F7B95F7-8C14-C917-EFA0-0312092178BB" name="OPTATIVA_ASIGNATURA_FK">
<createdBy>JUANKA</createdBy>
<createdTime>2021-04-20 07:17:14 UTC</createdTime>
<generatorID>BBAFF07E-4119-CD98-8F08-DFB27366869C</generatorID>
<ownerDesignName>NeuBDModeloLogico</ownerDesignName>
<indexState>Foreign Key</indexState>
<isSurrogateKey>false</isSurrogateKey>
<indexColumnUsage>
<colUsage columnID="6F89FF07-B28A-6EC4-1C3C-99C2D08EF86C"/>
</indexColumnUsage>
</ind_PK_UK>
</indexes>
</Table>