<?xml version = '1.0' encoding = 'UTF-8'?>
<Table class="oracle.dbtools.crest.model.design.relational.Table" directorySegmentName="seg_0" id="1B56B278-5266-48AF-FE0E-3819E38B0C9D" name="EXPEDIENTES">
<createdBy>JUANKA</createdBy>
<createdTime>2021-04-20 07:17:14 UTC</createdTime>
<generatorID>C686DAEA-EFC8-E66F-EE08-1F9FE9C23A7D</generatorID>
<ownerDesignName>NeuBDModeloLogico</ownerDesignName>
<importedID>8EB83652-323B-FEF5-0588-0FE6B4C7BB45</importedID>
<allowColumnReorder>false</allowColumnReorder>
<existDependencyGenerateInDDl>true</existDependencyGenerateInDDl>
<parsed>true</parsed>
<columns itemClass="oracle.dbtools.crest.model.design.relational.Column">
<Column name="Num_Expediente" id="E6E10FEB-16A5-6963-A6C2-331D98F2B67B">
<createdBy>JUANKA</createdBy>
<createdTime>2021-04-20 07:17:14 UTC</createdTime>
<generatorID>ED0E38A0-4A52-1677-8FD5-B73CF9C0FB82</generatorID>
<ownerDesignName>NeuBDModeloLogico</ownerDesignName>
<importedID>52BFE16C-5213-D977-FB10-0D51BE64D231</importedID>
<useDomainConstraints>false</useDomainConstraints>
<use>1</use>
<logicalDatatype>LOGDT024</logicalDatatype>
<dataTypeSize>180 CHAR</dataTypeSize>
<ownDataTypeParameters>180 CHAR,,</ownDataTypeParameters>
<autoIncrementCycle>false</autoIncrementCycle>
</Column>
<Column name="Activo" id="FD3F3C64-3EE8-5D3E-B758-241F943F2320">
<createdBy>JUANKA</createdBy>
<createdTime>2021-04-20 07:17:14 UTC</createdTime>
<generatorID>5E10591F-2CF5-3EA7-ECC9-EC632B3E41E5</generatorID>
<ownerDesignName>NeuBDModeloLogico</ownerDesignName>
<importedID>787BA51E-11A8-0023-1C25-508DB6751779</importedID>
<nullsAllowed>true</nullsAllowed>
<useDomainConstraints>false</useDomainConstraints>
<use>1</use>
<logicalDatatype>LOGDT024</logicalDatatype>
<dataTypeSize>180 CHAR</dataTypeSize>
<ownDataTypeParameters>180 CHAR,,</ownDataTypeParameters>
<autoIncrementCycle>false</autoIncrementCycle>
</Column>
<Column name="Nota_Media_Provisional" id="F6770292-C5DF-5CA9-7FAD-C7D77508AE9E">
<createdBy>JUANKA</createdBy>
<createdTime>2021-04-20 07:17:14 UTC</createdTime>
<generatorID>1279495B-5884-10E4-5119-95A6DCC43ED5</generatorID>
<ownerDesignName>NeuBDModeloLogico</ownerDesignName>
<importedID>2297D6AD-7986-D3B1-17BC-AB166FBFA7E8</importedID>
<nullsAllowed>true</nullsAllowed>
<useDomainConstraints>false</useDomainConstraints>
<use>1</use>
<logicalDatatype>LOGDT024</logicalDatatype>
<dataTypeSize>180 CHAR</dataTypeSize>
<ownDataTypeParameters>180 CHAR,,</ownDataTypeParameters>
<autoIncrementCycle>false</autoIncrementCycle>
</Column>
<Column name="Créditos_Superado" id="429A7B3B-DB21-15FD-891D-FBA29CB66632">
<createdBy>JUANKA</createdBy>
<createdTime>2021-04-20 07:17:14 UTC</createdTime>
<generatorID>9B3720B8-6747-C73E-F4E5-6975E4818C2B</generatorID>
<ownerDesignName>NeuBDModeloLogico</ownerDesignName>
<importedID>768E8D2E-CFDE-871B-64E7-54705A6583A3</importedID>
<nullsAllowed>true</nullsAllowed>
<useDomainConstraints>false</useDomainConstraints>
<use>1</use>
<logicalDatatype>LOGDT024</logicalDatatype>
<dataTypeSize>180 CHAR</dataTypeSize>
<ownDataTypeParameters>180 CHAR,,</ownDataTypeParameters>
<autoIncrementCycle>false</autoIncrementCycle>
</Column>
<Column name="Créditos_FB" id="4CF42191-C98D-9FDE-326B-931B2CE3856E">
<createdBy>JUANKA</createdBy>
<createdTime>2021-04-20 07:17:14 UTC</createdTime>
<generatorID>BB3FD538-4381-15E1-2565-F56A202C6AD2</generatorID>
<ownerDesignName>NeuBDModeloLogico</ownerDesignName>
<importedID>9F6E581E-7856-52F6-AD1B-DE6079B52AC9</importedID>
<nullsAllowed>true</nullsAllowed>
<useDomainConstraints>false</useDomainConstraints>
<use>1</use>
<logicalDatatype>LOGDT024</logicalDatatype>
<dataTypeSize>180 CHAR</dataTypeSize>
<ownDataTypeParameters>180 CHAR,,</ownDataTypeParameters>
<autoIncrementCycle>false</autoIncrementCycle>
</Column>
<Column name="Créditos_OB" id="346D53EF-3BE1-7267-2FBD-011887613926">
<createdBy>JUANKA</createdBy>
<createdTime>2021-04-20 07:17:14 UTC</createdTime>
<generatorID>C55F61DD-7D89-01CC-C183-6CEB16653AAD</generatorID>
<ownerDesignName>NeuBDModeloLogico</ownerDesignName>
<importedID>B43BB406-9BA9-8186-08C0-7588D2D39E91</importedID>
<nullsAllowed>true</nullsAllowed>
<useDomainConstraints>false</useDomainConstraints>
<use>1</use>
<logicalDatatype>LOGDT024</logicalDatatype>
<dataTypeSize>180 CHAR</dataTypeSize>
<ownDataTypeParameters>180 CHAR,,</ownDataTypeParameters>
<autoIncrementCycle>false</autoIncrementCycle>
</Column>
<Column name="Créditos_OP" id="A3079ABF-1744-4853-A3CF-3CD4AC163642">
<createdBy>JUANKA</createdBy>
<createdTime>2021-04-20 07:17:14 UTC</createdTime>
<generatorID>364E5792-E04F-9A32-66CF-49BCA2F8A860</generatorID>
<ownerDesignName>NeuBDModeloLogico</ownerDesignName>
<importedID>56B6BD4D-D176-00F2-1DAC-711F78B1BBDC</importedID>
<nullsAllowed>true</nullsAllowed>
<useDomainConstraints>false</useDomainConstraints>
<use>1</use>
<logicalDatatype>LOGDT024</logicalDatatype>
<dataTypeSize>180 CHAR</dataTypeSize>
<ownDataTypeParameters>180 CHAR,,</ownDataTypeParameters>
<autoIncrementCycle>false</autoIncrementCycle>
</Column>
<Column name="Créditos_CF" id="E052B2A1-84BE-0C95-2125-C54748B4CD95">
<createdBy>JUANKA</createdBy>
<createdTime>2021-04-20 07:17:14 UTC</createdTime>
<generatorID>B87D3F5A-89EF-4E9B-4A7A-395EDFDD1B1D</generatorID>
<ownerDesignName>NeuBDModeloLogico</ownerDesignName>
<importedID>65E61BD6-A149-FCDF-09B8-B1E66013B757</importedID>
<nullsAllowed>true</nullsAllowed>
<useDomainConstraints>false</useDomainConstraints>
<use>1</use>
<logicalDatatype>LOGDT024</logicalDatatype>
<dataTypeSize>180 CHAR</dataTypeSize>
<ownDataTypeParameters>180 CHAR,,</ownDataTypeParameters>
<autoIncrementCycle>false</autoIncrementCycle>
</Column>
<Column name="Créditos_PE" id="3BB2641F-3B8B-8C60-F3E9-334FD9F3F4C8">
<createdBy>JUANKA</createdBy>
<createdTime>2021-04-20 07:17:14 UTC</createdTime>
<generatorID>19B9A6B9-728F-938E-3B75-76B2D4D0AA5E</generatorID>
<ownerDesignName>NeuBDModeloLogico</ownerDesignName>
<importedID>6ABF26F5-14D9-A8B1-719C-81240607C26B</importedID>
<nullsAllowed>true</nullsAllowed>
<useDomainConstraints>false</useDomainConstraints>
<use>1</use>
<logicalDatatype>LOGDT024</logicalDatatype>
<dataTypeSize>180 CHAR</dataTypeSize>
<ownDataTypeParameters>180 CHAR,,</ownDataTypeParameters>
<autoIncrementCycle>false</autoIncrementCycle>
</Column>
<Column name="Créditos_TF" id="FA28B421-301D-CAA9-40A5-8C76D8102B44">
<createdBy>JUANKA</createdBy>
<createdTime>2021-04-20 07:17:14 UTC</createdTime>
<generatorID>A2606C19-98FE-7F3A-F614-9E9BF362A544</generatorID>
<ownerDesignName>NeuBDModeloLogico</ownerDesignName>
<importedID>DD67C7F8-CBB1-BE4C-FCD2-37EB5EAD60DF</importedID>
<nullsAllowed>true</nullsAllowed>
<useDomainConstraints>false</useDomainConstraints>
<use>1</use>
<logicalDatatype>LOGDT024</logicalDatatype>
<dataTypeSize>180 CHAR</dataTypeSize>
<ownDataTypeParameters>180 CHAR,,</ownDataTypeParameters>
<autoIncrementCycle>false</autoIncrementCycle>
</Column>
<Column name="TITULACIÓN_Código" id="F5588A85-C4A9-DB37-63C8-481B53E524C9">
<createdBy>JUANKA</createdBy>
<createdTime>2021-04-20 07:17:14 UTC</createdTime>
<generatorID>29BD6603-82F0-CA02-4258-B9FCCB318019</generatorID>
<ownerDesignName>NeuBDModeloLogico</ownerDesignName>
<importedID>50CE8E3C-D283-A3EF-39CC-7286643C8AC5</importedID>
<useDomainConstraints>false</useDomainConstraints>
<use>1</use>
<logicalDatatype>LOGDT024</logicalDatatype>
<dataTypeSize>180 CHAR</dataTypeSize>
<ownDataTypeParameters>180 CHAR,,</ownDataTypeParameters>
<autoIncrementCycle>false</autoIncrementCycle>
<associations>
<colAssociation fkAssociation="5901C829-9892-A92A-B428-F9B882DECE48" referredColumn="CD9BF82C-37BE-9425-7F3B-F22B010A1DD8"/>
</associations>
</Column>
<Column name="ALUMNO_ID" id="9ED30979-2F0E-9C82-2621-3180DA68FA57">
<createdBy>JUANKA</createdBy>
<createdTime>2021-04-20 07:17:14 UTC</createdTime>
<generatorID>1789A0BB-97BF-10FC-3175-49EC497A45AF</generatorID>
<ownerDesignName>NeuBDModeloLogico</ownerDesignName>
<importedID>B098CE29-D603-7A4F-8C0F-DF17E58863B0</importedID>
<useDomainConstraints>false</useDomainConstraints>
<use>1</use>
<logicalDatatype>LOGDT024</logicalDatatype>
<dataTypeSize>180 CHAR</dataTypeSize>
<ownDataTypeParameters>180 CHAR,,</ownDataTypeParameters>
<autoIncrementCycle>false</autoIncrementCycle>
<associations>
<colAssociation fkAssociation="34C47E9D-F315-661B-C2A1-1064D4B1DE8A" referredColumn="C55CDA8C-E5FF-ED70-7CBF-8DBD5C91CF19"/>
</associations>
</Column>
</columns>
<indexes itemClass="oracle.dbtools.crest.model.design.relational.Index">
<ind_PK_UK id="9905900B-2076-E9A6-D7ED-5B962A276B0E" name="EXPEDIENTES_PK">
<createdBy>JUANKA</createdBy>
<createdTime>2021-04-20 07:17:14 UTC</createdTime>
<generatorID>9744BA2E-9378-E500-91AE-FAEA7CF1F02A</generatorID>
<ownerDesignName>NeuBDModeloLogico</ownerDesignName>
<importedID>46EA2DDA-DE58-71E1-3B01-B4B0477F2E25</importedID>
<pk>true</pk>
<indexState>Primary Constraint</indexState>
<isSurrogateKey>false</isSurrogateKey>
<indexColumnUsage>
<colUsage columnID="E6E10FEB-16A5-6963-A6C2-331D98F2B67B"/>
</indexColumnUsage>
</ind_PK_UK>
<ind_PK_UK id="F9C650CA-D31D-DE80-E732-5EA2F9951648" name="EXPEDIENTES_ALUMNO_FK">
<createdBy>JUANKA</createdBy>
<createdTime>2021-04-20 07:17:14 UTC</createdTime>
<generatorID>F8FC9F85-21A6-4A6C-7D59-B409FF74DB98</generatorID>
<ownerDesignName>NeuBDModeloLogico</ownerDesignName>
<indexState>Foreign Key</indexState>
<isSurrogateKey>false</isSurrogateKey>
<indexColumnUsage>
<colUsage columnID="9ED30979-2F0E-9C82-2621-3180DA68FA57"/>
</indexColumnUsage>
</ind_PK_UK>
<ind_PK_UK id="31A399C3-48C8-AC2F-9242-1700FE248B3E" name="EXPEDIENTES_TITULACIÓN_FK">
<createdBy>JUANKA</createdBy>
<createdTime>2021-04-20 07:17:14 UTC</createdTime>
<generatorID>082D703F-A589-CCD8-D8B1-8F5FAA476D19</generatorID>
<ownerDesignName>NeuBDModeloLogico</ownerDesignName>
<indexState>Foreign Key</indexState>
<isSurrogateKey>false</isSurrogateKey>
<indexColumnUsage>
<colUsage columnID="F5588A85-C4A9-DB37-63C8-481B53E524C9"/>
</indexColumnUsage>
</ind_PK_UK>
</indexes>
</Table>