<?xml version = '1.0' encoding = 'UTF-8'?>
<Table class="oracle.dbtools.crest.model.design.relational.Table" directorySegmentName="seg_0" id="2CC3B8DB-59A5-5CEB-FE12-2297736B820D" name="R_ASIG_PROF">
<createdBy>JUANKA</createdBy>
<createdTime>2021-04-20 07:17:14 UTC</createdTime>
<ownerDesignName>NeuBDModeloLogico</ownerDesignName>
<importedID>B5D4835F-0C5A-C620-02BB-D71B0248B79C</importedID>
<ordsAlias>relation_18</ordsAlias>
<allowColumnReorder>false</allowColumnReorder>
<existDependencyGenerateInDDl>true</existDependencyGenerateInDDl>
<parsed>true</parsed>
<columns itemClass="oracle.dbtools.crest.model.design.relational.Column">
<Column name="PROFESOR_ID" id="EAF4450C-1DA2-23B6-D442-D60C4A717A45">
<createdBy>JUANKA</createdBy>
<createdTime>2021-04-20 07:17:14 UTC</createdTime>
<ownerDesignName>NeuBDModeloLogico</ownerDesignName>
<importedID>E507AF74-4E34-298A-AA9D-1621CB163D3E</importedID>
<useDomainConstraints>false</useDomainConstraints>
<use>1</use>
<logicalDatatype>LOGDT024</logicalDatatype>
<dataTypeSize>180 CHAR</dataTypeSize>
<ownDataTypeParameters>180 CHAR,,</ownDataTypeParameters>
<autoIncrementCycle>false</autoIncrementCycle>
<associations>
<colAssociation fkAssociation="5C81C5E9-AA1C-2601-E387-0A912E047B22" referredColumn="71A68A50-2435-CD69-B800-9499890A65C3"/>
</associations>
</Column>
<Column name="ASIGNATURA_Referencia" id="6B151E08-8BA3-8423-0B71-9CB95CFA157C">
<createdBy>JUANKA</createdBy>
<createdTime>2021-04-20 07:17:14 UTC</createdTime>
<ownerDesignName>NeuBDModeloLogico</ownerDesignName>
<importedID>065C43A9-AAC0-E0D7-314F-5C05766A7159</importedID>
<useDomainConstraints>false</useDomainConstraints>
<use>1</use>
<logicalDatatype>LOGDT024</logicalDatatype>
<dataTypeSize>180 CHAR</dataTypeSize>
<ownDataTypeParameters>180 CHAR,,</ownDataTypeParameters>
<autoIncrementCycle>false</autoIncrementCycle>
<associations>
<colAssociation fkAssociation="5F872244-CF4D-54F8-63D1-B3CDAFA49F95" referredColumn="45647557-8D15-E321-FBD4-A1F0954E8434"/>
</associations>
</Column>
</columns>
<indexes itemClass="oracle.dbtools.crest.model.design.relational.Index">
<ind_PK_UK id="497AD4A2-1A3A-13B8-F199-529213538A13" name="Relation_18_PK">
<createdBy>JUANKA</createdBy>
<createdTime>2021-04-20 07:17:14 UTC</createdTime>
<ownerDesignName>NeuBDModeloLogico</ownerDesignName>
<importedID>C5F1A73B-F4D4-05E8-5DE1-FB91833B68FD</importedID>
<pk>true</pk>
<indexState>Primary Constraint</indexState>
<isSurrogateKey>false</isSurrogateKey>
<indexColumnUsage>
<colUsage columnID="EAF4450C-1DA2-23B6-D442-D60C4A717A45"/>
<colUsage columnID="6B151E08-8BA3-8423-0B71-9CB95CFA157C"/>
</indexColumnUsage>
</ind_PK_UK>
<ind_PK_UK id="0DD480C7-E039-0714-B51D-2387E1376503" name="Relation_18_PROFESOR_FK">
<createdBy>JUANKA</createdBy>
<createdTime>2021-04-20 07:17:14 UTC</createdTime>
<generatorID>1D898DF3-A815-40FB-8C3D-B98969B60121</generatorID>
<ownerDesignName>NeuBDModeloLogico</ownerDesignName>
<indexState>Foreign Key</indexState>
<isSurrogateKey>false</isSurrogateKey>
<indexColumnUsage>
<colUsage columnID="EAF4450C-1DA2-23B6-D442-D60C4A717A45"/>
</indexColumnUsage>
</ind_PK_UK>
<ind_PK_UK id="8E4CE733-8A69-ED73-994E-1A8D8BEF0325" name="Relation_18_ASIGNATURA_FK">
<createdBy>JUANKA</createdBy>
<createdTime>2021-04-20 07:17:14 UTC</createdTime>
<generatorID>1D898DF3-A815-40FB-8C3D-B98969B60121</generatorID>
<ownerDesignName>NeuBDModeloLogico</ownerDesignName>
<indexState>Foreign Key</indexState>
<isSurrogateKey>false</isSurrogateKey>
<indexColumnUsage>
<colUsage columnID="6B151E08-8BA3-8423-0B71-9CB95CFA157C"/>
</indexColumnUsage>
</ind_PK_UK>
</indexes>
</Table>