<?xml version = '1.0' encoding = 'UTF-8'?>
<Table class="oracle.dbtools.crest.model.design.relational.Table" directorySegmentName="seg_0" id="3F8455A4-A16B-3C32-3771-05DFB2A0F45B" name="DATOS_ALUM">
<createdBy>JUANKA</createdBy>
<createdTime>2021-04-20 07:17:14 UTC</createdTime>
<generatorID>9D2B6831-08A7-D29D-CA8F-6BA92E0E22EE</generatorID>
<ownerDesignName>NeuBDModeloLogico</ownerDesignName>
<importedID>D2972843-8143-5F3A-9ABD-03B7135E417B</importedID>
<allowColumnReorder>false</allowColumnReorder>
<existDependencyGenerateInDDl>true</existDependencyGenerateInDDl>
<parsed>true</parsed>
<columns itemClass="oracle.dbtools.crest.model.design.relational.Column">
<Column name="DNI" id="8E61C73B-3C7D-FDB7-44D7-3FA88EBD7E66">
<createdBy>JUANKA</createdBy>
<createdTime>2021-04-20 07:17:14 UTC</createdTime>
<generatorID>395CDF4C-5B3A-3D89-F170-BC7933CB0BB3</generatorID>
<ownerDesignName>NeuBDModeloLogico</ownerDesignName>
<importedID>54ED6E22-B8F5-EC4A-1529-94183DAB3BE1</importedID>
<useDomainConstraints>false</useDomainConstraints>
<use>1</use>
<logicalDatatype>LOGDT024</logicalDatatype>
<dataTypeSize>180 CHAR</dataTypeSize>
<ownDataTypeParameters>180 CHAR,,</ownDataTypeParameters>
<autoIncrementCycle>false</autoIncrementCycle>
</Column>
<Column name="Nombre" id="A7FBBDB8-9AFE-14D9-FDD5-B8F338E16F2E">
<createdBy>JUANKA</createdBy>
<createdTime>2021-04-20 07:17:14 UTC</createdTime>
<generatorID>28F79D82-5022-E961-5CC1-1225307049C0</generatorID>
<ownerDesignName>NeuBDModeloLogico</ownerDesignName>
<importedID>AAE20CBB-38DF-CEF0-381E-4CC3220D9B0A</importedID>
<useDomainConstraints>false</useDomainConstraints>
<use>1</use>
<logicalDatatype>LOGDT024</logicalDatatype>
<dataTypeSize>180 CHAR</dataTypeSize>
<ownDataTypeParameters>180 CHAR,,</ownDataTypeParameters>
<autoIncrementCycle>false</autoIncrementCycle>
</Column>
<Column name="Primer_Apellido" id="04FB1145-276F-22A3-6F8C-EEECEA8B067E">
<createdBy>JUANKA</createdBy>
<createdTime>2021-04-20 07:17:14 UTC</createdTime>
<generatorID>4E992FEA-0E7A-750B-5B31-23F405971181</generatorID>
<ownerDesignName>NeuBDModeloLogico</ownerDesignName>
<importedID>8AF97994-C56D-8FEF-DEF2-02CECB15FBF4</importedID>
<useDomainConstraints>false</useDomainConstraints>
<use>1</use>
<logicalDatatype>LOGDT024</logicalDatatype>
<dataTypeSize>180 CHAR</dataTypeSize>
<ownDataTypeParameters>180 CHAR,,</ownDataTypeParameters>
<autoIncrementCycle>false</autoIncrementCycle>
</Column>
<Column name="Segundo_Apellido" id="AD50A4BA-8B5A-0186-672D-DE9C216C2B99">
<createdBy>JUANKA</createdBy>
<createdTime>2021-04-20 07:17:14 UTC</createdTime>
<generatorID>517FAD14-42A9-A668-7031-00F7B2472720</generatorID>
<ownerDesignName>NeuBDModeloLogico</ownerDesignName>
<importedID>AFB6F908-E8CC-9A7B-9AA6-89B61937AC4F</importedID>
<useDomainConstraints>false</useDomainConstraints>
<use>1</use>
<logicalDatatype>LOGDT024</logicalDatatype>
<dataTypeSize>180 CHAR</dataTypeSize>
<ownDataTypeParameters>180 CHAR,,</ownDataTypeParameters>
<autoIncrementCycle>false</autoIncrementCycle>
</Column>
<Column name="Número_Expediente" id="6B19B9ED-2F9A-1565-1694-A2FF3A38F0AE">
<createdBy>JUANKA</createdBy>
<createdTime>2021-04-20 07:17:14 UTC</createdTime>
<generatorID>7839D452-1B7D-884F-2075-45105653C147</generatorID>
<ownerDesignName>NeuBDModeloLogico</ownerDesignName>
<importedID>DCBEBAB4-E617-624F-95C9-5DD7F8AEFB85</importedID>
<useDomainConstraints>false</useDomainConstraints>
<use>1</use>
<logicalDatatype>LOGDT024</logicalDatatype>
<dataTypeSize>180 CHAR</dataTypeSize>
<ownDataTypeParameters>180 CHAR,,</ownDataTypeParameters>
<autoIncrementCycle>false</autoIncrementCycle>
</Column>
<Column name="Email_Institucional" id="C5A04448-3143-920B-8070-A76908D29826">
<createdBy>JUANKA</createdBy>
<createdTime>2021-04-20 07:17:14 UTC</createdTime>
<generatorID>A8616F2E-5CCF-6F3A-541E-9B757C63832D</generatorID>
<ownerDesignName>NeuBDModeloLogico</ownerDesignName>
<importedID>DCDFFBE1-EE5E-5DC8-1997-346090C8E1F6</importedID>
<useDomainConstraints>false</useDomainConstraints>
<use>1</use>
<logicalDatatype>LOGDT024</logicalDatatype>
<dataTypeSize>180 CHAR</dataTypeSize>
<ownDataTypeParameters>180 CHAR,,</ownDataTypeParameters>
<autoIncrementCycle>false</autoIncrementCycle>
</Column>
<Column name="Email_Personal" id="CF4A7449-8158-0C7F-8554-1F32BBDF17B4">
<createdBy>JUANKA</createdBy>
<createdTime>2021-04-20 07:17:14 UTC</createdTime>
<generatorID>86C90C1D-6002-0AA1-1AEC-50E4904F0A19</generatorID>
<ownerDesignName>NeuBDModeloLogico</ownerDesignName>
<importedID>779857D5-A93E-4A9D-AE4E-5459D3C522CE</importedID>
<useDomainConstraints>false</useDomainConstraints>
<use>1</use>
<logicalDatatype>LOGDT024</logicalDatatype>
<dataTypeSize>180 CHAR</dataTypeSize>
<ownDataTypeParameters>180 CHAR,,</ownDataTypeParameters>
<autoIncrementCycle>false</autoIncrementCycle>
</Column>
<Column name="Teléfono" id="31B9513F-121A-385D-E562-E99047CFDB08">
<createdBy>JUANKA</createdBy>
<createdTime>2021-04-20 07:17:14 UTC</createdTime>
<generatorID>14C1FFDE-4493-DED5-D15F-272543B8AC75</generatorID>
<ownerDesignName>NeuBDModeloLogico</ownerDesignName>
<importedID>CDB4ADBD-2D89-7D0C-6CBB-149059BE2EC5</importedID>
<useDomainConstraints>false</useDomainConstraints>
<use>1</use>
<logicalDatatype>LOGDT024</logicalDatatype>
<dataTypeSize>180 CHAR</dataTypeSize>
<ownDataTypeParameters>180 CHAR,,</ownDataTypeParameters>
<autoIncrementCycle>false</autoIncrementCycle>
</Column>
<Column name="Móvil" id="8315ED07-BC07-D1A2-645C-BABB0EC58CEB">
<createdBy>JUANKA</createdBy>
<createdTime>2021-04-20 07:17:14 UTC</createdTime>
<generatorID>F3C8F45D-072F-0EF1-DB93-1E6910799188</generatorID>
<ownerDesignName>NeuBDModeloLogico</ownerDesignName>
<importedID>0AC5D2DF-84C3-8923-A502-3E1CF958DBAD</importedID>
<useDomainConstraints>false</useDomainConstraints>
<use>1</use>
<logicalDatatype>LOGDT024</logicalDatatype>
<dataTypeSize>180 CHAR</dataTypeSize>
<ownDataTypeParameters>180 CHAR,,</ownDataTypeParameters>
<autoIncrementCycle>false</autoIncrementCycle>
</Column>
<Column name="Dirección_Notificación" id="83336179-E0AE-E94B-FF78-8D0944963A6D">
<createdBy>JUANKA</createdBy>
<createdTime>2021-04-20 07:17:14 UTC</createdTime>
<generatorID>31D88467-F7A8-05CE-4B31-F36413EE4E9D</generatorID>
<ownerDesignName>NeuBDModeloLogico</ownerDesignName>
<importedID>89636DF1-3D6D-ADFD-5481-D42F37E8FA37</importedID>
<useDomainConstraints>false</useDomainConstraints>
<use>1</use>
<logicalDatatype>LOGDT024</logicalDatatype>
<dataTypeSize>180 CHAR</dataTypeSize>
<ownDataTypeParameters>180 CHAR,,</ownDataTypeParameters>
<autoIncrementCycle>false</autoIncrementCycle>
</Column>
<Column name="Localidad_Notificación" id="7531E742-FF65-20AE-1C06-B20A9C7686F5">
<createdBy>JUANKA</createdBy>
<createdTime>2021-04-20 07:17:14 UTC</createdTime>
<generatorID>D83805C4-04EE-3A5E-75C7-6F6F188398FF</generatorID>
<ownerDesignName>NeuBDModeloLogico</ownerDesignName>
<importedID>EA7418AF-AFEA-FD74-7271-386164C917B2</importedID>
<useDomainConstraints>false</useDomainConstraints>
<use>1</use>
<logicalDatatype>LOGDT024</logicalDatatype>
<dataTypeSize>180 CHAR</dataTypeSize>
<ownDataTypeParameters>180 CHAR,,</ownDataTypeParameters>
<autoIncrementCycle>false</autoIncrementCycle>
</Column>
<Column name="Provincia_Notificación" id="809C089F-F633-49CE-1CF4-B73E1994BCD9">
<createdBy>JUANKA</createdBy>
<createdTime>2021-04-20 07:17:14 UTC</createdTime>
<generatorID>DC6829E5-B5A0-7AF6-7C68-41F5FCCB2263</generatorID>
<ownerDesignName>NeuBDModeloLogico</ownerDesignName>
<importedID>C84AAF8E-059F-5AAE-D375-D7B4F9C46A9D</importedID>
<useDomainConstraints>false</useDomainConstraints>
<use>1</use>
<logicalDatatype>LOGDT024</logicalDatatype>
<dataTypeSize>180 CHAR</dataTypeSize>
<ownDataTypeParameters>180 CHAR,,</ownDataTypeParameters>
<autoIncrementCycle>false</autoIncrementCycle>
</Column>
<Column name="CP_Notificación" id="650175BA-8EFF-99E1-B7FF-6801E5271850">
<createdBy>JUANKA</createdBy>
<createdTime>2021-04-20 07:17:14 UTC</createdTime>
<generatorID>CD13E85F-AADE-8C27-16EC-D68B9718AFA1</generatorID>
<ownerDesignName>NeuBDModeloLogico</ownerDesignName>
<importedID>AF2BD4C1-AD01-AEEE-0976-430D7462662D</importedID>
<useDomainConstraints>false</useDomainConstraints>
<use>1</use>
<logicalDatatype>LOGDT024</logicalDatatype>
<dataTypeSize>180 CHAR</dataTypeSize>
<ownDataTypeParameters>180 CHAR,,</ownDataTypeParameters>
<autoIncrementCycle>false</autoIncrementCycle>
</Column>
<Column name="Fecha_Matrícula" id="B0110B5D-E000-01AB-DD0F-939234E41AE7">
<createdBy>JUANKA</createdBy>
<createdTime>2021-04-20 07:17:14 UTC</createdTime>
<generatorID>43B2819A-1238-D2AA-04C8-AE0E9C78A2AE</generatorID>
<ownerDesignName>NeuBDModeloLogico</ownerDesignName>
<importedID>A12E0BBF-16CF-20A1-9F6A-A20351CAA25C</importedID>
<useDomainConstraints>false</useDomainConstraints>
<use>1</use>
<logicalDatatype>LOGDT024</logicalDatatype>
<dataTypeSize>180 CHAR</dataTypeSize>
<ownDataTypeParameters>180 CHAR,,</ownDataTypeParameters>
<autoIncrementCycle>false</autoIncrementCycle>
</Column>
<Column name="Turno_Preferente" id="4A4FDB22-3A12-F083-B8E2-E4C8B7CC1345">
<createdBy>JUANKA</createdBy>
<createdTime>2021-04-20 07:17:14 UTC</createdTime>
<generatorID>E545DD1B-3A85-DC5B-CE29-D15CE3235219</generatorID>
<ownerDesignName>NeuBDModeloLogico</ownerDesignName>
<importedID>E209EBF2-C336-EE26-E698-D41A1AB8DE30</importedID>
<useDomainConstraints>false</useDomainConstraints>
<use>1</use>
<logicalDatatype>LOGDT024</logicalDatatype>
<dataTypeSize>180 CHAR</dataTypeSize>
<ownDataTypeParameters>180 CHAR,,</ownDataTypeParameters>
<autoIncrementCycle>false</autoIncrementCycle>
</Column>
<Column name="Grupos_Asignados" id="32FAF1DD-3AD9-9260-38FE-10F3CD4AE738">
<createdBy>JUANKA</createdBy>
<createdTime>2021-04-20 07:17:14 UTC</createdTime>
<generatorID>FCEBF60B-60BB-10AD-C601-0BB7F921A0AA</generatorID>
<ownerDesignName>NeuBDModeloLogico</ownerDesignName>
<importedID>D896DF4E-5EF6-E6D7-3AE7-7996B80F69EC</importedID>
<useDomainConstraints>false</useDomainConstraints>
<use>1</use>
<logicalDatatype>LOGDT024</logicalDatatype>
<dataTypeSize>180 CHAR</dataTypeSize>
<ownDataTypeParameters>180 CHAR,,</ownDataTypeParameters>
<autoIncrementCycle>false</autoIncrementCycle>
</Column>
<Column name="Nota_media" id="612276D3-6DFB-583E-6293-D4B667288374">
<createdBy>JUANKA</createdBy>
<createdTime>2021-04-20 07:17:14 UTC</createdTime>
<generatorID>266E95BE-1F92-E50A-6C88-273CCD1E2BD8</generatorID>
<ownerDesignName>NeuBDModeloLogico</ownerDesignName>
<importedID>07A0FD69-7251-6ABF-3645-86C4436994E1</importedID>
<useDomainConstraints>false</useDomainConstraints>
<use>1</use>
<logicalDatatype>LOGDT024</logicalDatatype>
<dataTypeSize>180 CHAR</dataTypeSize>
<ownDataTypeParameters>180 CHAR,,</ownDataTypeParameters>
<autoIncrementCycle>false</autoIncrementCycle>
</Column>
<Column name="Créditos_Superados" id="107AE164-2A76-2DD0-011C-47A0C0602C85">
<createdBy>JUANKA</createdBy>
<createdTime>2021-04-20 07:17:14 UTC</createdTime>
<generatorID>B80F7715-4EF0-4369-43ED-4BEFD8B50332</generatorID>
<ownerDesignName>NeuBDModeloLogico</ownerDesignName>
<importedID>D0D67B7D-7058-667B-CFF2-B30F5AB718C3</importedID>
<useDomainConstraints>false</useDomainConstraints>
<use>1</use>
<logicalDatatype>LOGDT024</logicalDatatype>
<dataTypeSize>180 CHAR</dataTypeSize>
<ownDataTypeParameters>180 CHAR,,</ownDataTypeParameters>
<autoIncrementCycle>false</autoIncrementCycle>
</Column>
<Column name="Créditos_FB" id="563798B4-7641-1A19-5CCA-4EE18679B305">
<createdBy>JUANKA</createdBy>
<createdTime>2021-04-20 07:17:14 UTC</createdTime>
<generatorID>FFDE3BFA-045C-5FCC-25FC-0F315E9E9520</generatorID>
<ownerDesignName>NeuBDModeloLogico</ownerDesignName>
<importedID>7FB5AFE4-162C-7672-550A-4C822AC51D3F</importedID>
<useDomainConstraints>false</useDomainConstraints>
<use>1</use>
<logicalDatatype>LOGDT024</logicalDatatype>
<dataTypeSize>180 CHAR</dataTypeSize>
<ownDataTypeParameters>180 CHAR,,</ownDataTypeParameters>
<autoIncrementCycle>false</autoIncrementCycle>
</Column>
<Column name="Créditos_OB" id="D0DC693C-E5B1-5705-4C82-E47D00F683D7">
<createdBy>JUANKA</createdBy>
<createdTime>2021-04-20 07:17:14 UTC</createdTime>
<generatorID>F91B2C76-0E01-5EA1-ECBF-25F12CBE36FA</generatorID>
<ownerDesignName>NeuBDModeloLogico</ownerDesignName>
<importedID>DDF60783-245B-FBFA-4D6E-00A604EF7B63</importedID>
<useDomainConstraints>false</useDomainConstraints>
<use>1</use>
<logicalDatatype>LOGDT024</logicalDatatype>
<dataTypeSize>180 CHAR</dataTypeSize>
<ownDataTypeParameters>180 CHAR,,</ownDataTypeParameters>
<autoIncrementCycle>false</autoIncrementCycle>
</Column>
<Column name="Créditos_OP" id="AA5EE665-4DF1-F89E-F2CC-FA9182998325">
<createdBy>JUANKA</createdBy>
<createdTime>2021-04-20 07:17:14 UTC</createdTime>
<generatorID>41D3F843-AA37-E438-8DE2-F80EFC20A24D</generatorID>
<ownerDesignName>NeuBDModeloLogico</ownerDesignName>
<importedID>5D897331-A69D-4B34-9D38-5A569BBDF844</importedID>
<useDomainConstraints>false</useDomainConstraints>
<use>1</use>
<logicalDatatype>LOGDT024</logicalDatatype>
<dataTypeSize>180 CHAR</dataTypeSize>
<ownDataTypeParameters>180 CHAR,,</ownDataTypeParameters>
<autoIncrementCycle>false</autoIncrementCycle>
</Column>
<Column name="Créditos_CF" id="0E580C3D-D684-DED3-0B37-7296488B79C1">
<createdBy>JUANKA</createdBy>
<createdTime>2021-04-20 07:17:14 UTC</createdTime>
<generatorID>8E5F3E26-6DFD-A2D8-DAC1-5B8A911504B4</generatorID>
<ownerDesignName>NeuBDModeloLogico</ownerDesignName>
<importedID>BC361BC8-479F-9B07-3A3F-C60989CCE7B2</importedID>
<useDomainConstraints>false</useDomainConstraints>
<use>1</use>
<logicalDatatype>LOGDT024</logicalDatatype>
<dataTypeSize>180 CHAR</dataTypeSize>
<ownDataTypeParameters>180 CHAR,,</ownDataTypeParameters>
<autoIncrementCycle>false</autoIncrementCycle>
</Column>
<Column name="Créditos_PE" id="0D1D430F-E267-1D98-4F3A-D0A4C8F8D6FF">
<createdBy>JUANKA</createdBy>
<createdTime>2021-04-20 07:17:14 UTC</createdTime>
<generatorID>25390F06-C712-33AE-140C-5F2FBBA98047</generatorID>
<ownerDesignName>NeuBDModeloLogico</ownerDesignName>
<importedID>8CC68606-01E5-4DA5-2915-4527EE801E50</importedID>
<useDomainConstraints>false</useDomainConstraints>
<use>1</use>
<logicalDatatype>LOGDT024</logicalDatatype>
<dataTypeSize>180 CHAR</dataTypeSize>
<ownDataTypeParameters>180 CHAR,,</ownDataTypeParameters>
<autoIncrementCycle>false</autoIncrementCycle>
</Column>
<Column name="Créditos_TF" id="0807A39D-BF7C-3353-FE5E-99BE40D4CD3A">
<createdBy>JUANKA</createdBy>
<createdTime>2021-04-20 07:17:14 UTC</createdTime>
<generatorID>30FBE6CF-4715-F481-7476-648EFA6F6490</generatorID>
<ownerDesignName>NeuBDModeloLogico</ownerDesignName>
<importedID>C56883D9-137C-0995-65F8-574F46CD442B</importedID>
<useDomainConstraints>false</useDomainConstraints>
<use>1</use>
<logicalDatatype>LOGDT024</logicalDatatype>
<dataTypeSize>180 CHAR</dataTypeSize>
<ownDataTypeParameters>180 CHAR,,</ownDataTypeParameters>
<autoIncrementCycle>false</autoIncrementCycle>
</Column>
</columns>
<indexes itemClass="oracle.dbtools.crest.model.design.relational.Index">
<ind_PK_UK id="6C0CA49D-852C-7A79-75B3-6CF36102CF20" name="DATOS_ALUM_PK">
<createdBy>JUANKA</createdBy>
<createdTime>2021-04-20 07:17:14 UTC</createdTime>
<generatorID>83077EAB-CF32-F382-2372-553614CCD53B</generatorID>
<ownerDesignName>NeuBDModeloLogico</ownerDesignName>
<importedID>C67EBCCD-A464-2125-9B74-E66DE23AFB1A</importedID>
<pk>true</pk>
<indexState>Primary Constraint</indexState>
<isSurrogateKey>false</isSurrogateKey>
<indexColumnUsage>
<colUsage columnID="8E61C73B-3C7D-FDB7-44D7-3FA88EBD7E66"/>
</indexColumnUsage>
</ind_PK_UK>
<ind_PK_UK id="C8F14460-EC33-1681-241E-BAEAE16605E5" name="DATOS_ALUM_Num_Exp_UN">
<createdBy>JUANKA</createdBy>
<createdTime>2021-04-20 07:17:14 UTC</createdTime>
<generatorID>2CFE0163-A3BE-901C-09FE-6E3C13FB87D1</generatorID>
<ownerDesignName>NeuBDModeloLogico</ownerDesignName>
<importedID>1A51C8C6-08E4-4A5C-2309-B9AECB6388B6</importedID>
<indexState>Unique Constraint</indexState>
<isSurrogateKey>false</isSurrogateKey>
<indexColumnUsage>
<colUsage columnID="6B19B9ED-2F9A-1565-1694-A2FF3A38F0AE"/>
</indexColumnUsage>
</ind_PK_UK>
<ind_PK_UK id="84A5A192-411B-785F-7809-083425E42B19" name="DATOS_ALUM_Em_Insti_UN">
<createdBy>JUANKA</createdBy>
<createdTime>2021-04-20 07:17:14 UTC</createdTime>
<generatorID>EAB8F82F-017D-1068-E9E6-B71EE0D3A01E</generatorID>
<ownerDesignName>NeuBDModeloLogico</ownerDesignName>
<importedID>27FC9CD7-5490-EBC7-87E5-EEF2A663C3B1</importedID>
<indexState>Unique Constraint</indexState>
<isSurrogateKey>false</isSurrogateKey>
<indexColumnUsage>
<colUsage columnID="C5A04448-3143-920B-8070-A76908D29826"/>
</indexColumnUsage>
</ind_PK_UK>
<ind_PK_UK id="D027DE8E-2A28-9B03-06D7-4137019217C3" name="DATOS_ALUM_Email_Pers_UN">
<createdBy>JUANKA</createdBy>
<createdTime>2021-04-20 07:17:14 UTC</createdTime>
<generatorID>F8502220-E44B-8A9F-8CFC-38CCC1D27D7B</generatorID>
<ownerDesignName>NeuBDModeloLogico</ownerDesignName>
<importedID>1B9CE96D-C132-1B90-61D3-41124506D230</importedID>
<indexState>Unique Constraint</indexState>
<isSurrogateKey>false</isSurrogateKey>
<indexColumnUsage>
<colUsage columnID="CF4A7449-8158-0C7F-8554-1F32BBDF17B4"/>
</indexColumnUsage>
</ind_PK_UK>
<ind_PK_UK id="C369E7AE-C770-35C4-90F1-A573FA1D9D70" name="DATOS_ALUM_Teléfono_UN">
<createdBy>JUANKA</createdBy>
<createdTime>2021-04-20 07:17:14 UTC</createdTime>
<generatorID>B213A11B-0CC1-F716-DAC1-BF8A8F7BE238</generatorID>
<ownerDesignName>NeuBDModeloLogico</ownerDesignName>
<importedID>4C2859AD-3779-DD92-0988-D04CEFD84143</importedID>
<indexState>Unique Constraint</indexState>
<isSurrogateKey>false</isSurrogateKey>
<indexColumnUsage>
<colUsage columnID="31B9513F-121A-385D-E562-E99047CFDB08"/>
</indexColumnUsage>
</ind_PK_UK>
<ind_PK_UK id="F6A67264-8C68-CE0D-F563-80DF6BA2BCAF" name="DATOS_ALUM_Móvil_UN">
<createdBy>JUANKA</createdBy>
<createdTime>2021-04-20 07:17:14 UTC</createdTime>
<generatorID>538750D3-3D96-04E2-062C-127E840AC48B</generatorID>
<ownerDesignName>NeuBDModeloLogico</ownerDesignName>
<importedID>AE391C41-848E-3852-29B3-0BEBB2FC937A</importedID>
<indexState>Unique Constraint</indexState>
<isSurrogateKey>false</isSurrogateKey>
<indexColumnUsage>
<colUsage columnID="8315ED07-BC07-D1A2-645C-BABB0EC58CEB"/>
</indexColumnUsage>
</ind_PK_UK>
</indexes>
</Table>