<?xml version = '1.0' encoding = 'UTF-8'?>
<Table class="oracle.dbtools.crest.model.design.relational.Table" directorySegmentName="seg_0" id="42F5282D-6911-3466-EB5D-09437831E8AE" name="R_ENC_GRUPPASI">
<createdBy>JUANKA</createdBy>
<createdTime>2021-04-20 07:17:14 UTC</createdTime>
<ownerDesignName>NeuBDModeloLogico</ownerDesignName>
<importedID>325D4550-2682-36DD-6B03-84ED7D801B21</importedID>
<ordsAlias>relation_31</ordsAlias>
<allowColumnReorder>false</allowColumnReorder>
<existDependencyGenerateInDDl>true</existDependencyGenerateInDDl>
<parsed>true</parsed>
<columns itemClass="oracle.dbtools.crest.model.design.relational.Column">
<Column name="GRUPO_POR_ASIG_Referencia" id="2B4A0535-C68A-379C-746C-4BE02AC052C9">
<createdBy>JUANKA</createdBy>
<createdTime>2021-04-20 07:17:14 UTC</createdTime>
<ownerDesignName>NeuBDModeloLogico</ownerDesignName>
<importedID>81FBA2C5-B45E-8B57-ABDC-ED3E577F925C</importedID>
<useDomainConstraints>false</useDomainConstraints>
<use>1</use>
<logicalDatatype>LOGDT024</logicalDatatype>
<dataTypeSize>180 CHAR</dataTypeSize>
<ownDataTypeParameters>,,</ownDataTypeParameters>
<autoIncrementCycle>false</autoIncrementCycle>
<associations>
<colAssociation fkAssociation="B3AD51E9-4384-7637-48A9-93035AED52D0" referredColumn="3273AA4A-66E3-5B05-6728-AF2CE6E56BDF"/>
</associations>
</Column>
<Column name="GRUPO_POR_ASIG_ID" id="3BFBFDBB-1A65-06E4-5E7B-A8DF646B1AD8">
<createdBy>JUANKA</createdBy>
<createdTime>2021-04-20 07:17:14 UTC</createdTime>
<ownerDesignName>NeuBDModeloLogico</ownerDesignName>
<importedID>E4013D80-7061-4ADC-D071-3DA526775A3B</importedID>
<useDomainConstraints>false</useDomainConstraints>
<use>1</use>
<logicalDatatype>LOGDT024</logicalDatatype>
<dataTypeSize>180 CHAR</dataTypeSize>
<ownDataTypeParameters>,,</ownDataTypeParameters>
<autoIncrementCycle>false</autoIncrementCycle>
<associations>
<colAssociation fkAssociation="B3AD51E9-4384-7637-48A9-93035AED52D0" referredColumn="50172E9B-50BF-81E7-E24B-B777BF7531FF"/>
</associations>
</Column>
<Column name="GRUPO_POR_ASIG_Curso_Academico" id="071823AB-1CD8-7D9C-D33C-26B0EA8BC91B">
<createdBy>JUANKA</createdBy>
<createdTime>2021-04-20 07:17:14 UTC</createdTime>
<ownerDesignName>NeuBDModeloLogico</ownerDesignName>
<importedID>BBA924A9-75B4-D8E3-99B5-6979771D8138</importedID>
<useDomainConstraints>false</useDomainConstraints>
<use>1</use>
<logicalDatatype>LOGDT024</logicalDatatype>
<dataTypeSize>180 CHAR</dataTypeSize>
<ownDataTypeParameters>,,</ownDataTypeParameters>
<autoIncrementCycle>false</autoIncrementCycle>
<associations>
<colAssociation fkAssociation="B3AD51E9-4384-7637-48A9-93035AED52D0" referredColumn="9C1F81BF-883C-B5EB-B7F0-01AA0585897E"/>
</associations>
</Column>
<Column name="ENCUESTA_Fecha_de_envío" id="0FF12128-F2B5-9480-9A0D-9F6EB53DAC36">
<createdBy>JUANKA</createdBy>
<createdTime>2021-04-20 07:17:14 UTC</createdTime>
<ownerDesignName>NeuBDModeloLogico</ownerDesignName>
<importedID>826DC0AD-F3E8-7ED2-4FFD-D16F933AA6E2</importedID>
<useDomainConstraints>false</useDomainConstraints>
<use>1</use>
<logicalDatatype>LOGDT024</logicalDatatype>
<dataTypeSize>180 CHAR</dataTypeSize>
<ownDataTypeParameters>,,</ownDataTypeParameters>
<autoIncrementCycle>false</autoIncrementCycle>
<associations>
<colAssociation fkAssociation="E6DC8F06-86AF-7220-7F60-D4658810BB05" referredColumn="8755BC66-F730-D39A-26F5-206AAEAE1A4F"/>
</associations>
</Column>
</columns>
<indexes itemClass="oracle.dbtools.crest.model.design.relational.Index">
<ind_PK_UK id="5B4E7633-41EF-C9DE-F895-1DC003251AAD" name="Relation_31_PK">
<createdBy>JUANKA</createdBy>
<createdTime>2021-04-20 07:17:14 UTC</createdTime>
<ownerDesignName>NeuBDModeloLogico</ownerDesignName>
<importedID>6A1BFC14-60D5-8E0C-8D18-9AE9BF1581B3</importedID>
<pk>true</pk>
<indexState>Primary Constraint</indexState>
<isSurrogateKey>false</isSurrogateKey>
<indexColumnUsage>
<colUsage columnID="2B4A0535-C68A-379C-746C-4BE02AC052C9"/>
<colUsage columnID="3BFBFDBB-1A65-06E4-5E7B-A8DF646B1AD8"/>
<colUsage columnID="071823AB-1CD8-7D9C-D33C-26B0EA8BC91B"/>
<colUsage columnID="0FF12128-F2B5-9480-9A0D-9F6EB53DAC36"/>
</indexColumnUsage>
</ind_PK_UK>
<ind_PK_UK id="7094C096-3421-8FB6-49D6-7D5F3AB22ECF" name="Relation_31_GRUPO_POR_ASIG_FK">
<createdBy>JUANKA</createdBy>
<createdTime>2021-04-20 07:17:14 UTC</createdTime>
<generatorID>B9F66AAB-3583-E06D-E32F-9B909843B1A5</generatorID>
<ownerDesignName>NeuBDModeloLogico</ownerDesignName>
<indexState>Foreign Key</indexState>
<isSurrogateKey>false</isSurrogateKey>
<indexColumnUsage>
<colUsage columnID="2B4A0535-C68A-379C-746C-4BE02AC052C9"/>
<colUsage columnID="3BFBFDBB-1A65-06E4-5E7B-A8DF646B1AD8"/>
<colUsage columnID="071823AB-1CD8-7D9C-D33C-26B0EA8BC91B"/>
</indexColumnUsage>
</ind_PK_UK>
<ind_PK_UK id="ED869C1A-D1AD-F8E4-9AF3-A789CAD7D851" name="Relation_31_ENCUESTA_FK">
<createdBy>JUANKA</createdBy>
<createdTime>2021-04-20 07:17:14 UTC</createdTime>
<generatorID>B9F66AAB-3583-E06D-E32F-9B909843B1A5</generatorID>
<ownerDesignName>NeuBDModeloLogico</ownerDesignName>
<indexState>Foreign Key</indexState>
<isSurrogateKey>false</isSurrogateKey>
<indexColumnUsage>
<colUsage columnID="0FF12128-F2B5-9480-9A0D-9F6EB53DAC36"/>
</indexColumnUsage>
</ind_PK_UK>
</indexes>
</Table>