<?xml version = '1.0' encoding = 'UTF-8'?>
<Table class="oracle.dbtools.crest.model.design.relational.Table" directorySegmentName="seg_0" id="503DEE83-6F10-2E77-760D-AB85C2D49194" name="PROFESOR">
<createdBy>JUANKA</createdBy>
<createdTime>2021-04-20 07:17:14 UTC</createdTime>
<generatorID>37E5E9A8-89F0-1600-B717-F70D52109499</generatorID>
<ownerDesignName>NeuBDModeloLogico</ownerDesignName>
<importedID>23EF65C7-3A32-2894-875A-746972598EF5</importedID>
<allowColumnReorder>false</allowColumnReorder>
<existDependencyGenerateInDDl>true</existDependencyGenerateInDDl>
<parsed>true</parsed>
<columns itemClass="oracle.dbtools.crest.model.design.relational.Column">
<Column name="ID" id="71A68A50-2435-CD69-B800-9499890A65C3">
<createdBy>JUANKA</createdBy>
<createdTime>2021-04-20 07:17:14 UTC</createdTime>
<generatorID>3CCE4FEE-06E7-CCF7-E867-794BCF4BC13D</generatorID>
<ownerDesignName>NeuBDModeloLogico</ownerDesignName>
<importedID>9C3BCB4D-2752-0FF6-0AA5-466A55400C7C</importedID>
<useDomainConstraints>false</useDomainConstraints>
<use>1</use>
<logicalDatatype>LOGDT024</logicalDatatype>
<dataTypeSize>180 CHAR</dataTypeSize>
<ownDataTypeParameters>180 CHAR,,</ownDataTypeParameters>
<autoIncrementCycle>false</autoIncrementCycle>
<associations>
<colAssociation fkAssociation="0C80D64B-6BA9-CB02-1F71-DF89723042FD" referredColumn="4476B7F6-05F0-7D6D-960F-8D49AE481EF9"/>
</associations>
</Column>
<Column name="Departamento" id="E963D6C9-1E2D-45B2-AC61-DD856D8D9E71">
<createdBy>JUANKA</createdBy>
<createdTime>2021-04-20 07:17:14 UTC</createdTime>
<generatorID>A3F42953-25E2-A6F3-7FBD-9B6575CC893C</generatorID>
<ownerDesignName>NeuBDModeloLogico</ownerDesignName>
<importedID>AA99174E-E571-7AC9-6050-D883CE1CA812</importedID>
<useDomainConstraints>false</useDomainConstraints>
<use>1</use>
<logicalDatatype>LOGDT024</logicalDatatype>
<dataTypeSize>180 CHAR</dataTypeSize>
<ownDataTypeParameters>180 CHAR,,</ownDataTypeParameters>
<autoIncrementCycle>false</autoIncrementCycle>
</Column>
<Column name="Despacho" id="7DE59305-FCF1-DB9F-6FBD-2C3851AA7206">
<createdBy>JUANKA</createdBy>
<createdTime>2021-04-20 07:17:14 UTC</createdTime>
<generatorID>20FE69B7-4E1B-76B6-872A-18202636B90E</generatorID>
<ownerDesignName>NeuBDModeloLogico</ownerDesignName>
<importedID>890B6057-099C-3234-4600-E7B0A0196081</importedID>
<useDomainConstraints>false</useDomainConstraints>
<use>1</use>
<logicalDatatype>LOGDT024</logicalDatatype>
<dataTypeSize>180 CHAR</dataTypeSize>
<ownDataTypeParameters>180 CHAR,,</ownDataTypeParameters>
<autoIncrementCycle>false</autoIncrementCycle>
</Column>
</columns>
<indexes itemClass="oracle.dbtools.crest.model.design.relational.Index">
<ind_PK_UK id="4AF457C6-608A-C5B7-3483-202209B6ACBE" name="PROFESOR_PK">
<createdBy>JUANKA</createdBy>
<createdTime>2021-04-20 07:17:14 UTC</createdTime>
<generatorID>B4484BA1-B53C-40D8-D84B-9E2B594E576B</generatorID>
<ownerDesignName>NeuBDModeloLogico</ownerDesignName>
<importedID>FCCF25E0-1D98-1BBD-1AEC-FB53866995F6</importedID>
<pk>true</pk>
<indexState>Primary Constraint</indexState>
<isSurrogateKey>false</isSurrogateKey>
<indexColumnUsage>
<colUsage columnID="71A68A50-2435-CD69-B800-9499890A65C3"/>
</indexColumnUsage>
</ind_PK_UK>
<ind_PK_UK id="8536CB4B-D3ED-09E2-6D3A-364AB9896C24" name="PROFESOR_USUARIO_FK">
<createdBy>JUANKA</createdBy>
<createdTime>2021-04-20 07:17:14 UTC</createdTime>
<generatorID>DDF0CBEE-5A3B-E2C4-F693-ECBC877B0E99</generatorID>
<ownerDesignName>NeuBDModeloLogico</ownerDesignName>
<indexState>Foreign Key</indexState>
<isSurrogateKey>false</isSurrogateKey>
<indexColumnUsage>
<colUsage columnID="71A68A50-2435-CD69-B800-9499890A65C3"/>
</indexColumnUsage>
</ind_PK_UK>
</indexes>
</Table>