<?xml version = '1.0' encoding = 'UTF-8'?>
<Table class="oracle.dbtools.crest.model.design.relational.Table" directorySegmentName="seg_0" id="7D89CC65-8DB5-DB46-103F-0FCC57E78991" name="ALUMNO">
<createdBy>JUANKA</createdBy>
<createdTime>2021-04-20 07:17:14 UTC</createdTime>
<generatorID>A25535C1-F667-AE82-CAED-DDA8A0DD3312</generatorID>
<ownerDesignName>NeuBDModeloLogico</ownerDesignName>
<importedID>3C3311D3-300D-E2AF-62A2-5FB7F8274866</importedID>
<allowColumnReorder>false</allowColumnReorder>
<existDependencyGenerateInDDl>true</existDependencyGenerateInDDl>
<parsed>true</parsed>
<columns itemClass="oracle.dbtools.crest.model.design.relational.Column">
<Column name="ID" id="C55CDA8C-E5FF-ED70-7CBF-8DBD5C91CF19">
<createdBy>JUANKA</createdBy>
<createdTime>2021-04-20 07:17:14 UTC</createdTime>
<generatorID>3CCE4FEE-06E7-CCF7-E867-794BCF4BC13D</generatorID>
<ownerDesignName>NeuBDModeloLogico</ownerDesignName>
<importedID>77FDC5DD-6DA2-1DD1-084C-7E495CBE5DD3</importedID>
<useDomainConstraints>false</useDomainConstraints>
<use>1</use>
<logicalDatatype>LOGDT024</logicalDatatype>
<dataTypeSize>180 CHAR</dataTypeSize>
<ownDataTypeParameters>180 CHAR,,</ownDataTypeParameters>
<autoIncrementCycle>false</autoIncrementCycle>
<associations>
<colAssociation fkAssociation="A7F73A4E-22B2-A327-0A33-FFA32AF072AE" referredColumn="4476B7F6-05F0-7D6D-960F-8D49AE481EF9"/>
</associations>
</Column>
<Column name="Email_Institucional" id="5734FB8C-6CBF-C824-0C04-9988690F2711">
<createdBy>JUANKA</createdBy>
<createdTime>2021-04-20 07:17:14 UTC</createdTime>
<generatorID>2795E051-5990-A7E6-5463-609ADF5A2A3C</generatorID>
<ownerDesignName>NeuBDModeloLogico</ownerDesignName>
<importedID>75D1A036-8C4C-E85D-E901-0A91F9ACE815</importedID>
<useDomainConstraints>false</useDomainConstraints>
<use>1</use>
<logicalDatatype>LOGDT024</logicalDatatype>
<dataTypeSize>180 CHAR</dataTypeSize>
<ownDataTypeParameters>180 CHAR,,</ownDataTypeParameters>
<autoIncrementCycle>false</autoIncrementCycle>
</Column>
</columns>
<indexes itemClass="oracle.dbtools.crest.model.design.relational.Index">
<ind_PK_UK id="31548E3A-3CA4-6C1D-D67D-569416BF13D3" name="ALUMNO_PK">
<createdBy>JUANKA</createdBy>
<createdTime>2021-04-20 07:17:14 UTC</createdTime>
<generatorID>B4484BA1-B53C-40D8-D84B-9E2B594E576B</generatorID>
<ownerDesignName>NeuBDModeloLogico</ownerDesignName>
<importedID>ECC7D383-D39D-FF71-B975-EF14F3EF345E</importedID>
<pk>true</pk>
<indexState>Primary Constraint</indexState>
<isSurrogateKey>false</isSurrogateKey>
<indexColumnUsage>
<colUsage columnID="C55CDA8C-E5FF-ED70-7CBF-8DBD5C91CF19"/>
</indexColumnUsage>
</ind_PK_UK>
<ind_PK_UK id="A10A6D60-380F-5272-6E14-C5BC77B9067C" name="ALUMNO_USUARIO_FK">
<createdBy>JUANKA</createdBy>
<createdTime>2021-04-20 07:17:14 UTC</createdTime>
<generatorID>0541801A-D74D-3DBF-167F-309AC7291827</generatorID>
<ownerDesignName>NeuBDModeloLogico</ownerDesignName>
<indexState>Foreign Key</indexState>
<isSurrogateKey>false</isSurrogateKey>
<indexColumnUsage>
<colUsage columnID="C55CDA8C-E5FF-ED70-7CBF-8DBD5C91CF19"/>
</indexColumnUsage>
</ind_PK_UK>
</indexes>
</Table>