<?xml version = '1.0' encoding = 'UTF-8'?>
<Table class="oracle.dbtools.crest.model.design.relational.Table" directorySegmentName="seg_0" id="851FF960-C343-B0BE-EBA2-188818D71EBC" name="SECRETARIO">
<createdBy>JUANKA</createdBy>
<createdTime>2021-04-20 07:17:14 UTC</createdTime>
<generatorID>DCEA9813-851D-CDEB-5632-23D42897B8F8</generatorID>
<ownerDesignName>NeuBDModeloLogico</ownerDesignName>
<importedID>7900B656-386C-9405-246E-7BF2555C030A</importedID>
<allowColumnReorder>false</allowColumnReorder>
<existDependencyGenerateInDDl>true</existDependencyGenerateInDDl>
<parsed>true</parsed>
<columns itemClass="oracle.dbtools.crest.model.design.relational.Column">
<Column name="ID" id="4152EAE9-A404-44BD-27FB-AC1D92002B5C">
<createdBy>JUANKA</createdBy>
<createdTime>2021-04-20 07:17:14 UTC</createdTime>
<generatorID>3CCE4FEE-06E7-CCF7-E867-794BCF4BC13D</generatorID>
<ownerDesignName>NeuBDModeloLogico</ownerDesignName>
<importedID>D0AE05BD-CA6D-DBEE-1388-19D95816C49E</importedID>
<useDomainConstraints>false</useDomainConstraints>
<use>1</use>
<logicalDatatype>LOGDT024</logicalDatatype>
<dataTypeSize>180 CHAR</dataTypeSize>
<ownDataTypeParameters>180 CHAR,,</ownDataTypeParameters>
<autoIncrementCycle>false</autoIncrementCycle>
<associations>
<colAssociation fkAssociation="95679DE7-2CA9-65BE-6D96-8845E9A1B10D" referredColumn="4476B7F6-05F0-7D6D-960F-8D49AE481EF9"/>
</associations>
</Column>
</columns>
<indexes itemClass="oracle.dbtools.crest.model.design.relational.Index">
<ind_PK_UK id="DA148D0B-016E-DD53-E55F-A0803BC3E276" name="SECRETARIO_PK">
<createdBy>JUANKA</createdBy>
<createdTime>2021-04-20 07:17:14 UTC</createdTime>
<generatorID>B4484BA1-B53C-40D8-D84B-9E2B594E576B</generatorID>
<ownerDesignName>NeuBDModeloLogico</ownerDesignName>
<importedID>31E51E3C-E67D-6B8B-E333-5674800B39DC</importedID>
<pk>true</pk>
<indexState>Primary Constraint</indexState>
<isSurrogateKey>false</isSurrogateKey>
<indexColumnUsage>
<colUsage columnID="4152EAE9-A404-44BD-27FB-AC1D92002B5C"/>
</indexColumnUsage>
</ind_PK_UK>
<ind_PK_UK id="41D387F4-B4B0-F787-F155-492F0A39D22D" name="SECRETARIO_USUARIO_FK">
<createdBy>JUANKA</createdBy>
<createdTime>2021-04-20 07:17:14 UTC</createdTime>
<generatorID>32F9A1B6-EF64-E68B-81A0-A22A4E86378A</generatorID>
<ownerDesignName>NeuBDModeloLogico</ownerDesignName>
<indexState>Foreign Key</indexState>
<isSurrogateKey>false</isSurrogateKey>
<indexColumnUsage>
<colUsage columnID="4152EAE9-A404-44BD-27FB-AC1D92002B5C"/>
</indexColumnUsage>
</ind_PK_UK>
</indexes>
</Table>