<?xml version = '1.0' encoding = 'UTF-8'?>
<Table class="oracle.dbtools.crest.model.design.relational.Table" directorySegmentName="seg_0" id="88D2482C-F731-52C9-2F0E-8560C7CA30CF" name="R_TITUL_CENT">
<createdBy>JUANKA</createdBy>
<createdTime>2021-04-20 07:17:14 UTC</createdTime>
<ownerDesignName>NeuBDModeloLogico</ownerDesignName>
<importedID>99F76256-DB93-8A72-DD5E-4B7546C11836</importedID>
<ordsAlias>relation_27</ordsAlias>
<allowColumnReorder>false</allowColumnReorder>
<existDependencyGenerateInDDl>true</existDependencyGenerateInDDl>
<parsed>true</parsed>
<columns itemClass="oracle.dbtools.crest.model.design.relational.Column">
<Column name="CENTRO_ID" id="04FA1916-4C62-636B-2E96-407A770A2FB7">
<createdBy>JUANKA</createdBy>
<createdTime>2021-04-20 07:17:14 UTC</createdTime>
<ownerDesignName>NeuBDModeloLogico</ownerDesignName>
<importedID>22E46D0A-8AB0-AA43-34C6-0E3185A41C38</importedID>
<useDomainConstraints>false</useDomainConstraints>
<use>1</use>
<logicalDatatype>LOGDT024</logicalDatatype>
<dataTypeSize>180 CHAR</dataTypeSize>
<ownDataTypeParameters>180 CHAR,,</ownDataTypeParameters>
<autoIncrementCycle>false</autoIncrementCycle>
<associations>
<colAssociation fkAssociation="35F86E86-F7BB-711F-5287-64DE63EB30FF" referredColumn="181E14EE-88F8-9D49-4100-2D989361A177"/>
</associations>
</Column>
<Column name="TITULACIÓN_Código" id="2CCD6ADD-6F06-56BB-DFF8-E499E1F79324">
<createdBy>JUANKA</createdBy>
<createdTime>2021-04-20 07:17:14 UTC</createdTime>
<ownerDesignName>NeuBDModeloLogico</ownerDesignName>
<importedID>D7C5E803-BD6A-D272-FF84-B0A07280FE11</importedID>
<useDomainConstraints>false</useDomainConstraints>
<use>1</use>
<logicalDatatype>LOGDT024</logicalDatatype>
<dataTypeSize>180 CHAR</dataTypeSize>
<ownDataTypeParameters>180 CHAR,,</ownDataTypeParameters>
<autoIncrementCycle>false</autoIncrementCycle>
<associations>
<colAssociation fkAssociation="DAFF97C8-CDFD-9E82-BA38-8C9AEDE78C7D" referredColumn="CD9BF82C-37BE-9425-7F3B-F22B010A1DD8"/>
</associations>
</Column>
</columns>
<indexes itemClass="oracle.dbtools.crest.model.design.relational.Index">
<ind_PK_UK id="7D017E6A-03C2-CCA6-FD9B-75CC73E5B92A" name="Relation_27_PK">
<createdBy>JUANKA</createdBy>
<createdTime>2021-04-20 07:17:14 UTC</createdTime>
<ownerDesignName>NeuBDModeloLogico</ownerDesignName>
<importedID>F931C9E3-5E4B-CC7D-C17F-4C8EEC4575EB</importedID>
<pk>true</pk>
<indexState>Primary Constraint</indexState>
<isSurrogateKey>false</isSurrogateKey>
<indexColumnUsage>
<colUsage columnID="04FA1916-4C62-636B-2E96-407A770A2FB7"/>
<colUsage columnID="2CCD6ADD-6F06-56BB-DFF8-E499E1F79324"/>
</indexColumnUsage>
</ind_PK_UK>
<ind_PK_UK id="881FAAC2-9574-592A-4D16-B4322F713E32" name="Relation_27_TITULACIÓN_FK">
<createdBy>JUANKA</createdBy>
<createdTime>2021-04-20 07:17:14 UTC</createdTime>
<generatorID>1818261B-22B2-C2E3-0815-68AD9AE5AC9F</generatorID>
<ownerDesignName>NeuBDModeloLogico</ownerDesignName>
<indexState>Foreign Key</indexState>
<isSurrogateKey>false</isSurrogateKey>
<indexColumnUsage>
<colUsage columnID="2CCD6ADD-6F06-56BB-DFF8-E499E1F79324"/>
</indexColumnUsage>
</ind_PK_UK>
<ind_PK_UK id="D0DDA5B6-AB6C-CC7D-4CD2-731E7332EF0C" name="Relation_27_CENTRO_FK">
<createdBy>JUANKA</createdBy>
<createdTime>2021-04-20 07:17:14 UTC</createdTime>
<generatorID>1818261B-22B2-C2E3-0815-68AD9AE5AC9F</generatorID>
<ownerDesignName>NeuBDModeloLogico</ownerDesignName>
<indexState>Foreign Key</indexState>
<isSurrogateKey>false</isSurrogateKey>
<indexColumnUsage>
<colUsage columnID="04FA1916-4C62-636B-2E96-407A770A2FB7"/>
</indexColumnUsage>
</ind_PK_UK>
</indexes>
</Table>