<?xml version = '1.0' encoding = 'UTF-8'?>
<Table class="oracle.dbtools.crest.model.design.relational.Table" directorySegmentName="seg_0" id="8ADD3118-A690-BCBD-742B-A0089398942D" name="ASIG_MATRI">
<createdBy>JUANKA</createdBy>
<createdTime>2021-04-20 07:17:14 UTC</createdTime>
<generatorID>439EA753-A4A2-BBBF-2FA7-690BA32782A6</generatorID>
<ownerDesignName>NeuBDModeloLogico</ownerDesignName>
<importedID>94FEC70E-0451-D0E3-07BC-FB03371D78AB</importedID>
<allowColumnReorder>false</allowColumnReorder>
<existDependencyGenerateInDDl>true</existDependencyGenerateInDDl>
<parsed>true</parsed>
<columns itemClass="oracle.dbtools.crest.model.design.relational.Column">
<Column name="ASIGNATURA_Referencia" id="AF1EDB16-A8EB-4693-FEB5-8137213ED8F8">
<createdBy>JUANKA</createdBy>
<createdTime>2021-04-20 07:17:14 UTC</createdTime>
<generatorID>282023B8-5A04-59C7-1BC4-9C9169604530</generatorID>
<ownerDesignName>NeuBDModeloLogico</ownerDesignName>
<importedID>295EDAA4-5D03-62D0-8C2F-45F1718289BE</importedID>
<useDomainConstraints>false</useDomainConstraints>
<use>1</use>
<logicalDatatype>LOGDT024</logicalDatatype>
<dataTypeSize>180 CHAR</dataTypeSize>
<ownDataTypeParameters>180 CHAR,,</ownDataTypeParameters>
<autoIncrementCycle>false</autoIncrementCycle>
<associations>
<colAssociation fkAssociation="B5A5E8D1-661A-C8D6-6E46-4C46F8BD0A4D" referredColumn="45647557-8D15-E321-FBD4-A1F0954E8434"/>
</associations>
</Column>
<Column name="MATR_Exp_Num_Exp" id="F3A08B63-30F4-5F50-3B80-CB9ABCF20979">
<createdBy>JUANKA</createdBy>
<createdTime>2021-04-20 07:17:14 UTC</createdTime>
<generatorID>BA79B2B2-2DEA-F6F5-0F88-89D60F427619</generatorID>
<ownerDesignName>NeuBDModeloLogico</ownerDesignName>
<importedID>85BADBB8-C3EC-40AA-3224-8080D50A178F</importedID>
<useDomainConstraints>false</useDomainConstraints>
<use>1</use>
<logicalDatatype>LOGDT024</logicalDatatype>
<dataTypeSize>180 CHAR</dataTypeSize>
<ownDataTypeParameters>180 CHAR,,</ownDataTypeParameters>
<autoIncrementCycle>false</autoIncrementCycle>
<associations>
<colAssociation fkAssociation="6CA3F364-C051-CE8E-16AB-523711BD33F1" referredColumn="5BBA9938-FDAA-1947-5852-3E4AF17186B0"/>
</associations>
</Column>
<Column name="MATRÍCULA_Curso_académico" id="4134A7AD-BF68-B500-C09E-6D92B23E3D08">
<createdBy>JUANKA</createdBy>
<createdTime>2021-04-20 07:17:14 UTC</createdTime>
<generatorID>B01A48BB-8E2D-0626-2A16-8298E72B6FE0</generatorID>
<ownerDesignName>NeuBDModeloLogico</ownerDesignName>
<importedID>DA3C1779-A44A-518C-FD9A-0CFB39EDB761</importedID>
<useDomainConstraints>false</useDomainConstraints>
<use>1</use>
<logicalDatatype>LOGDT024</logicalDatatype>
<dataTypeSize>180 CHAR</dataTypeSize>
<ownDataTypeParameters>180 CHAR,,</ownDataTypeParameters>
<autoIncrementCycle>false</autoIncrementCycle>
<associations>
<colAssociation fkAssociation="6CA3F364-C051-CE8E-16AB-523711BD33F1" referredColumn="2ED7D900-1FAB-6A83-EFCF-7FD378504350"/>
</associations>
</Column>
<Column name="GRUPO_ID" id="0325FFC9-40C1-97E7-21FA-0ED5737B31E2">
<createdBy>JUANKA</createdBy>
<createdTime>2021-04-20 07:17:14 UTC</createdTime>
<generatorID>DF45C4A7-41E4-EB60-C131-748F2D5ABA0E</generatorID>
<ownerDesignName>NeuBDModeloLogico</ownerDesignName>
<importedID>14C0054D-9B35-D540-26B3-C0672053EE15</importedID>
<nullsAllowed>true</nullsAllowed>
<useDomainConstraints>false</useDomainConstraints>
<use>1</use>
<logicalDatatype>LOGDT024</logicalDatatype>
<dataTypeSize>180 CHAR</dataTypeSize>
<ownDataTypeParameters>180 CHAR,,</ownDataTypeParameters>
<autoIncrementCycle>false</autoIncrementCycle>
<associations>
<colAssociation fkAssociation="351FA272-015C-894E-D3F8-807F8926E792" referredColumn="5875E9D8-D869-004A-F7D0-FE98246200FC"/>
</associations>
</Column>
</columns>
<indexes itemClass="oracle.dbtools.crest.model.design.relational.Index">
<ind_PK_UK id="745D1F76-BB0E-6F38-56C7-37F9345F938E" name="ASIG_MATRI_PK">
<createdBy>JUANKA</createdBy>
<createdTime>2021-04-20 07:17:14 UTC</createdTime>
<generatorID>99F4B23A-3526-88C5-5E61-88C74114C55A</generatorID>
<ownerDesignName>NeuBDModeloLogico</ownerDesignName>
<importedID>C7B2FFD5-3E86-76AB-271B-9F7AAAC58D36</importedID>
<pk>true</pk>
<indexState>Primary Constraint</indexState>
<isSurrogateKey>false</isSurrogateKey>
<indexColumnUsage>
<colUsage columnID="F3A08B63-30F4-5F50-3B80-CB9ABCF20979"/>
<colUsage columnID="4134A7AD-BF68-B500-C09E-6D92B23E3D08"/>
<colUsage columnID="AF1EDB16-A8EB-4693-FEB5-8137213ED8F8"/>
</indexColumnUsage>
</ind_PK_UK>
<ind_PK_UK id="DE0F9535-532F-D751-A50C-5C3FF0511CB7" name="ASIG_MATRI_ASIGNATURA_FK">
<createdBy>JUANKA</createdBy>
<createdTime>2021-04-20 07:17:14 UTC</createdTime>
<generatorID>18B44746-3A96-B4C9-C27C-987FA70974F8</generatorID>
<ownerDesignName>NeuBDModeloLogico</ownerDesignName>
<indexState>Foreign Key</indexState>
<isSurrogateKey>false</isSurrogateKey>
<indexColumnUsage>
<colUsage columnID="AF1EDB16-A8EB-4693-FEB5-8137213ED8F8"/>
</indexColumnUsage>
</ind_PK_UK>
<ind_PK_UK id="CCC92BD2-02A8-2999-FD62-0659A5002329" name="ASIG_MATRI_GRUPO_FK">
<createdBy>JUANKA</createdBy>
<createdTime>2021-04-20 07:17:14 UTC</createdTime>
<generatorID>4E4188CC-DDDE-D370-0D59-29AF58DBB8C4</generatorID>
<ownerDesignName>NeuBDModeloLogico</ownerDesignName>
<indexState>Foreign Key</indexState>
<isSurrogateKey>false</isSurrogateKey>
<indexColumnUsage>
<colUsage columnID="0325FFC9-40C1-97E7-21FA-0ED5737B31E2"/>
</indexColumnUsage>
</ind_PK_UK>
<ind_PK_UK id="95B17017-755E-EA19-7AD7-62F392E5A9DC" name="ASIG_MATRI_MATRÍCULA_FK">
<createdBy>JUANKA</createdBy>
<createdTime>2021-04-20 07:17:14 UTC</createdTime>
<generatorID>25CD4DD3-201B-299E-0A70-BCDCBF0A5222</generatorID>
<ownerDesignName>NeuBDModeloLogico</ownerDesignName>
<indexState>Foreign Key</indexState>
<isSurrogateKey>false</isSurrogateKey>
<indexColumnUsage>
<colUsage columnID="F3A08B63-30F4-5F50-3B80-CB9ABCF20979"/>
<colUsage columnID="4134A7AD-BF68-B500-C09E-6D92B23E3D08"/>
</indexColumnUsage>
</ind_PK_UK>
</indexes>
</Table>