<?xml version = '1.0' encoding = 'UTF-8'?>
<Table class="oracle.dbtools.crest.model.design.relational.Table" directorySegmentName="seg_0" id="9696C1BB-E26A-4225-9800-0DB8F2B7DC00" name="ASIGNATURA">
<createdBy>JUANKA</createdBy>
<createdTime>2021-04-20 07:17:14 UTC</createdTime>
<generatorID>5A940B90-E299-47EB-88EF-88485ECACB51</generatorID>
<ownerDesignName>NeuBDModeloLogico</ownerDesignName>
<importedID>5836AAB8-C6BE-795A-72EE-247D9743BBD9</importedID>
<allowColumnReorder>false</allowColumnReorder>
<existDependencyGenerateInDDl>true</existDependencyGenerateInDDl>
<parsed>true</parsed>
<columns itemClass="oracle.dbtools.crest.model.design.relational.Column">
<Column name="Referencia" id="45647557-8D15-E321-FBD4-A1F0954E8434">
<createdBy>JUANKA</createdBy>
<createdTime>2021-04-20 07:17:14 UTC</createdTime>
<generatorID>57826A70-4A16-931F-47BD-B99BD39A9572</generatorID>
<ownerDesignName>NeuBDModeloLogico</ownerDesignName>
<importedID>8357BFC3-07DF-D2D3-FD39-0C4F49B60680</importedID>
<useDomainConstraints>false</useDomainConstraints>
<use>1</use>
<logicalDatatype>LOGDT024</logicalDatatype>
<dataTypeSize>180 CHAR</dataTypeSize>
<ownDataTypeParameters>180 CHAR,,</ownDataTypeParameters>
<autoIncrementCycle>false</autoIncrementCycle>
</Column>
<Column name="Código" id="1238DEC9-DD33-66E3-819F-6F7167253E6A">
<createdBy>JUANKA</createdBy>
<createdTime>2021-04-20 07:17:14 UTC</createdTime>
<generatorID>16F8932D-972F-0692-4553-8DFC3C83B696</generatorID>
<ownerDesignName>NeuBDModeloLogico</ownerDesignName>
<importedID>3465B76E-748A-344B-F0A7-EB3793FACB6F</importedID>
<useDomainConstraints>false</useDomainConstraints>
<use>1</use>
<logicalDatatype>LOGDT024</logicalDatatype>
<dataTypeSize>180 CHAR</dataTypeSize>
<ownDataTypeParameters>180 CHAR,,</ownDataTypeParameters>
<autoIncrementCycle>false</autoIncrementCycle>
</Column>
<Column name="Créditos_Práctica" id="11935079-ABC1-84DB-6E22-052DB33B7DF1">
<createdBy>JUANKA</createdBy>
<createdTime>2021-04-20 07:17:14 UTC</createdTime>
<generatorID>01D9A219-F5BB-EEFC-2CD7-31817FA7EF5C</generatorID>
<ownerDesignName>NeuBDModeloLogico</ownerDesignName>
<importedID>F7D7E08F-AFA1-8A99-1C9A-4BDEB8CFA755</importedID>
<useDomainConstraints>false</useDomainConstraints>
<use>1</use>
<logicalDatatype>LOGDT024</logicalDatatype>
<dataTypeSize>180 CHAR</dataTypeSize>
<ownDataTypeParameters>180 CHAR,,</ownDataTypeParameters>
<autoIncrementCycle>false</autoIncrementCycle>
</Column>
<Column name="Créditos_Teoría" id="BDB21895-A32D-5049-085E-72C8D56C8A9C">
<createdBy>JUANKA</createdBy>
<createdTime>2021-04-20 07:17:14 UTC</createdTime>
<generatorID>F398373E-C740-E91B-EB25-34CAECCD2271</generatorID>
<ownerDesignName>NeuBDModeloLogico</ownerDesignName>
<importedID>80BBFFBE-9673-883A-17DC-7D15DEED1E00</importedID>
<useDomainConstraints>false</useDomainConstraints>
<use>1</use>
<logicalDatatype>LOGDT024</logicalDatatype>
<dataTypeSize>180 CHAR</dataTypeSize>
<ownDataTypeParameters>180 CHAR,,</ownDataTypeParameters>
<autoIncrementCycle>false</autoIncrementCycle>
</Column>
<Column name="Créditos" id="9F6C8004-2C0F-EC1C-3F98-B3EDE714250B">
<createdBy>JUANKA</createdBy>
<createdTime>2021-04-20 07:17:14 UTC</createdTime>
<generatorID>A4C48905-C246-A611-68B9-630962BD49D6</generatorID>
<ownerDesignName>NeuBDModeloLogico</ownerDesignName>
<importedID>47A9A08A-B8CF-5A62-E2EA-033EF140C55C</importedID>
<useDomainConstraints>false</useDomainConstraints>
<use>1</use>
<logicalDatatype>LOGDT024</logicalDatatype>
<dataTypeSize>180 CHAR</dataTypeSize>
<ownDataTypeParameters>180 CHAR,,</ownDataTypeParameters>
<autoIncrementCycle>false</autoIncrementCycle>
</Column>
<Column name="Ofertada" id="1F654291-124F-459F-3341-11D4811D36F1">
<createdBy>JUANKA</createdBy>
<createdTime>2021-04-20 07:17:14 UTC</createdTime>
<generatorID>C3D4C426-0326-7DE4-1B05-ADDA67AF54F8</generatorID>
<ownerDesignName>NeuBDModeloLogico</ownerDesignName>
<importedID>545A3F90-96D4-1F7D-9893-EF77C72BAF85</importedID>
<useDomainConstraints>false</useDomainConstraints>
<use>1</use>
<logicalDatatype>LOGDT024</logicalDatatype>
<dataTypeSize>180 CHAR</dataTypeSize>
<ownDataTypeParameters>180 CHAR,,</ownDataTypeParameters>
<autoIncrementCycle>false</autoIncrementCycle>
</Column>
<Column name="Nombre" id="B144FFA1-F555-20E0-8546-029F9D31FD51">
<createdBy>JUANKA</createdBy>
<createdTime>2021-04-20 07:17:14 UTC</createdTime>
<generatorID>C548BFEB-48D5-2861-4AC3-C99424008DF2</generatorID>
<ownerDesignName>NeuBDModeloLogico</ownerDesignName>
<importedID>2659B830-167A-08E2-CF7D-2DAC2D57E84A</importedID>
<useDomainConstraints>false</useDomainConstraints>
<use>1</use>
<logicalDatatype>LOGDT024</logicalDatatype>
<dataTypeSize>180 CHAR</dataTypeSize>
<ownDataTypeParameters>180 CHAR,,</ownDataTypeParameters>
<autoIncrementCycle>false</autoIncrementCycle>
</Column>
<Column name="Curso" id="30FEC91C-7354-91EB-95E4-29240E6D76BE">
<createdBy>JUANKA</createdBy>
<createdTime>2021-04-20 07:17:14 UTC</createdTime>
<generatorID>C7AF010F-B35B-A798-9C51-897A2D008D47</generatorID>
<ownerDesignName>NeuBDModeloLogico</ownerDesignName>
<importedID>3B93282D-0CF3-DFE0-FE3D-05FEB2E9F1A6</importedID>
<nullsAllowed>true</nullsAllowed>
<useDomainConstraints>false</useDomainConstraints>
<use>1</use>
<logicalDatatype>LOGDT024</logicalDatatype>
<dataTypeSize>180 CHAR</dataTypeSize>
<ownDataTypeParameters>180 CHAR,,</ownDataTypeParameters>
<autoIncrementCycle>false</autoIncrementCycle>
</Column>
<Column name="Carácter" id="780D17DF-B217-8A39-8DB2-5B9A650F3F8F">
<createdBy>JUANKA</createdBy>
<createdTime>2021-04-20 07:17:14 UTC</createdTime>
<generatorID>5776506F-EBF3-282A-3568-7514BB5F9563</generatorID>
<ownerDesignName>NeuBDModeloLogico</ownerDesignName>
<importedID>59433E6E-5745-8D54-267F-EF46F5F558C0</importedID>
<nullsAllowed>true</nullsAllowed>
<useDomainConstraints>false</useDomainConstraints>
<use>1</use>
<logicalDatatype>LOGDT024</logicalDatatype>
<dataTypeSize>180 CHAR</dataTypeSize>
<ownDataTypeParameters>180 CHAR,,</ownDataTypeParameters>
<autoIncrementCycle>false</autoIncrementCycle>
</Column>
<Column name="Duración" id="3AE28A43-0B65-21FD-C175-A422B9103272">
<createdBy>JUANKA</createdBy>
<createdTime>2021-04-20 07:17:14 UTC</createdTime>
<generatorID>3A3E99B1-37CC-357C-E325-EBBAE9A13152</generatorID>
<ownerDesignName>NeuBDModeloLogico</ownerDesignName>
<importedID>2F7355D5-A0C4-EC03-71EB-7250449F0352</importedID>
<nullsAllowed>true</nullsAllowed>
<useDomainConstraints>false</useDomainConstraints>
<use>1</use>
<logicalDatatype>LOGDT024</logicalDatatype>
<dataTypeSize>180 CHAR</dataTypeSize>
<ownDataTypeParameters>180 CHAR,,</ownDataTypeParameters>
<autoIncrementCycle>false</autoIncrementCycle>
</Column>
<Column name="Unidad_Temporal(Cuatrimestre)" id="867014CE-7B5D-32F1-9A3C-C08DD27BEF79">
<createdBy>JUANKA</createdBy>
<createdTime>2021-04-20 07:17:14 UTC</createdTime>
<generatorID>579143C5-0CA0-77AF-91F7-B6C9BA3734F9</generatorID>
<ownerDesignName>NeuBDModeloLogico</ownerDesignName>
<importedID>48E07D1C-1D63-D126-2A50-2EA66BC6AF5E</importedID>
<nullsAllowed>true</nullsAllowed>
<useDomainConstraints>false</useDomainConstraints>
<use>1</use>
<logicalDatatype>LOGDT024</logicalDatatype>
<dataTypeSize>180 CHAR</dataTypeSize>
<ownDataTypeParameters>180 CHAR,,</ownDataTypeParameters>
<autoIncrementCycle>false</autoIncrementCycle>
</Column>
<Column name="Idiomas_de_impartición" id="A3799BEF-6B15-8ADE-C167-6732FE1BE0EF">
<createdBy>JUANKA</createdBy>
<createdTime>2021-04-20 07:17:14 UTC</createdTime>
<generatorID>7F4962C2-23C0-FCCF-D61F-FD75F09A298B</generatorID>
<ownerDesignName>NeuBDModeloLogico</ownerDesignName>
<importedID>35CB75FF-5B9E-53EC-70B8-E1DED78E7EA3</importedID>
<nullsAllowed>true</nullsAllowed>
<useDomainConstraints>false</useDomainConstraints>
<use>1</use>
<logicalDatatype>LOGDT024</logicalDatatype>
<dataTypeSize>180 CHAR</dataTypeSize>
<ownDataTypeParameters>180 CHAR,,</ownDataTypeParameters>
<autoIncrementCycle>false</autoIncrementCycle>
</Column>
<Column name="TITULACIÓN_Código" id="34616801-1234-1824-CE7F-1866287DBA59">
<createdBy>JUANKA</createdBy>
<createdTime>2021-04-20 07:17:14 UTC</createdTime>
<generatorID>EBF9952D-469E-1B46-2C9E-4AD82A47688D</generatorID>
<ownerDesignName>NeuBDModeloLogico</ownerDesignName>
<importedID>8E4C49EC-0585-4C92-1396-C7A1566E47CC</importedID>
<useDomainConstraints>false</useDomainConstraints>
<use>1</use>
<logicalDatatype>LOGDT024</logicalDatatype>
<dataTypeSize>180 CHAR</dataTypeSize>
<ownDataTypeParameters>180 CHAR,,</ownDataTypeParameters>
<autoIncrementCycle>false</autoIncrementCycle>
<associations>
<colAssociation fkAssociation="C70CA101-09C6-9C14-BB7F-1091A247B04A" referredColumn="CD9BF82C-37BE-9425-7F3B-F22B010A1DD8"/>
</associations>
</Column>
</columns>
<indexes itemClass="oracle.dbtools.crest.model.design.relational.Index">
<ind_PK_UK id="5D9F2DE7-A357-6F6F-5BCB-B8E3CCF135D6" name="ASIGNATURA_PK">
<createdBy>JUANKA</createdBy>
<createdTime>2021-04-20 07:17:14 UTC</createdTime>
<generatorID>68E40367-E053-CF66-66C3-2A3967586146</generatorID>
<ownerDesignName>NeuBDModeloLogico</ownerDesignName>
<importedID>1E3F8C91-FB70-9470-F719-5483BF81F88F</importedID>
<pk>true</pk>
<indexState>Primary Constraint</indexState>
<isSurrogateKey>false</isSurrogateKey>
<indexColumnUsage>
<colUsage columnID="45647557-8D15-E321-FBD4-A1F0954E8434"/>
</indexColumnUsage>
</ind_PK_UK>
<ind_PK_UK id="F419DB16-F121-4EE1-E6D0-64619EC4195A" name="ASIGNATURA_TITULACIÓN_FK">
<createdBy>JUANKA</createdBy>
<createdTime>2021-04-20 07:17:14 UTC</createdTime>
<generatorID>858553DE-458D-BF2A-2305-C72E1F23F3A6</generatorID>
<ownerDesignName>NeuBDModeloLogico</ownerDesignName>
<indexState>Foreign Key</indexState>
<isSurrogateKey>false</isSurrogateKey>
<indexColumnUsage>
<colUsage columnID="34616801-1234-1824-CE7F-1866287DBA59"/>
</indexColumnUsage>
</ind_PK_UK>
</indexes>
</Table>