<?xml version = '1.0' encoding = 'UTF-8'?>
<Table class="oracle.dbtools.crest.model.design.relational.Table" directorySegmentName="seg_0" id="A47770E2-98F8-CCB7-0701-2B57BF1A5821" name="GRUPO_POR_ASIG">
<createdBy>JUANKA</createdBy>
<createdTime>2021-04-20 07:17:14 UTC</createdTime>
<generatorID>01F04449-DD55-56E9-903F-A66319D5FE7C</generatorID>
<ownerDesignName>NeuBDModeloLogico</ownerDesignName>
<importedID>ECDFC755-1AB8-DB93-F569-235A4543F627</importedID>
<allowColumnReorder>false</allowColumnReorder>
<existDependencyGenerateInDDl>true</existDependencyGenerateInDDl>
<parsed>true</parsed>
<columns itemClass="oracle.dbtools.crest.model.design.relational.Column">
<Column name="Curso_Academico" id="9C1F81BF-883C-B5EB-B7F0-01AA0585897E">
<createdBy>JUANKA</createdBy>
<createdTime>2021-04-20 07:17:14 UTC</createdTime>
<generatorID>3822B11B-6AA7-E85F-A21D-3F25D4F1B528</generatorID>
<ownerDesignName>NeuBDModeloLogico</ownerDesignName>
<importedID>69E549F5-2CAE-602C-07EC-995B42D93714</importedID>
<useDomainConstraints>false</useDomainConstraints>
<use>1</use>
<logicalDatatype>LOGDT024</logicalDatatype>
<dataTypeSize>180 CHAR</dataTypeSize>
<ownDataTypeParameters>180 CHAR,,</ownDataTypeParameters>
<autoIncrementCycle>false</autoIncrementCycle>
</Column>
<Column name="Oferta" id="658FCDD8-23FE-0ADC-25D0-69D3A9CD0315">
<createdBy>JUANKA</createdBy>
<createdTime>2021-04-20 07:17:14 UTC</createdTime>
<generatorID>1911BECD-46CF-6FE3-0DFE-50D821ADE3BE</generatorID>
<ownerDesignName>NeuBDModeloLogico</ownerDesignName>
<importedID>BACF5446-AD7A-0D13-3385-944F17072519</importedID>
<nullsAllowed>true</nullsAllowed>
<useDomainConstraints>false</useDomainConstraints>
<use>1</use>
<logicalDatatype>LOGDT024</logicalDatatype>
<dataTypeSize>180 CHAR</dataTypeSize>
<ownDataTypeParameters>180 CHAR,,</ownDataTypeParameters>
<autoIncrementCycle>false</autoIncrementCycle>
</Column>
<Column name="ASIGNATURA_Referencia" id="3273AA4A-66E3-5B05-6728-AF2CE6E56BDF">
<createdBy>JUANKA</createdBy>
<createdTime>2021-04-20 07:17:14 UTC</createdTime>
<generatorID>6EA9B0A0-5BB3-0EAB-1498-31EC2498809C</generatorID>
<ownerDesignName>NeuBDModeloLogico</ownerDesignName>
<importedID>6F952059-79CC-F90D-60F7-0BF4AA95B2DB</importedID>
<useDomainConstraints>false</useDomainConstraints>
<use>1</use>
<logicalDatatype>LOGDT024</logicalDatatype>
<dataTypeSize>180 CHAR</dataTypeSize>
<ownDataTypeParameters>180 CHAR,,</ownDataTypeParameters>
<autoIncrementCycle>false</autoIncrementCycle>
<associations>
<colAssociation fkAssociation="C1E7FF92-1134-BB54-D848-56390DE43DEF" referredColumn="45647557-8D15-E321-FBD4-A1F0954E8434"/>
</associations>
</Column>
<Column name="GRUPO_ID" id="50172E9B-50BF-81E7-E24B-B777BF7531FF">
<createdBy>JUANKA</createdBy>
<createdTime>2021-04-20 07:17:14 UTC</createdTime>
<generatorID>005D792E-AF33-377A-8D6B-A714AA787F8B</generatorID>
<ownerDesignName>NeuBDModeloLogico</ownerDesignName>
<importedID>3661C0D5-4DC5-8E9C-B71D-EA17747497D6</importedID>
<useDomainConstraints>false</useDomainConstraints>
<use>1</use>
<logicalDatatype>LOGDT024</logicalDatatype>
<dataTypeSize>180 CHAR</dataTypeSize>
<ownDataTypeParameters>180 CHAR,,</ownDataTypeParameters>
<autoIncrementCycle>false</autoIncrementCycle>
<associations>
<colAssociation fkAssociation="6F7032DD-1697-CA2A-89EE-444923646E9F" referredColumn="5875E9D8-D869-004A-F7D0-FE98246200FC"/>
</associations>
</Column>
</columns>
<indexes itemClass="oracle.dbtools.crest.model.design.relational.Index">
<ind_PK_UK id="BF112A80-3A55-9AAA-6720-2F9B22D92ED6" name="GRUPO_POR_ASIG_PK">
<createdBy>JUANKA</createdBy>
<createdTime>2021-04-20 07:17:14 UTC</createdTime>
<generatorID>BF043316-4024-85AF-34CC-9B56CE5A25A0</generatorID>
<ownerDesignName>NeuBDModeloLogico</ownerDesignName>
<importedID>ECFA0682-3F4A-1328-BE41-C29F84D23714</importedID>
<pk>true</pk>
<indexState>Primary Constraint</indexState>
<isSurrogateKey>false</isSurrogateKey>
<indexColumnUsage>
<colUsage columnID="3273AA4A-66E3-5B05-6728-AF2CE6E56BDF"/>
<colUsage columnID="50172E9B-50BF-81E7-E24B-B777BF7531FF"/>
<colUsage columnID="9C1F81BF-883C-B5EB-B7F0-01AA0585897E"/>
</indexColumnUsage>
</ind_PK_UK>
<ind_PK_UK id="0682B6C8-BECE-A17A-20D9-C304E0F575D3" name="GRUPO_POR_ASIG_ASIGNATURA_FK">
<createdBy>JUANKA</createdBy>
<createdTime>2021-04-20 07:17:14 UTC</createdTime>
<generatorID>D4FB54E7-2F61-01C2-A329-CAB8A958688E</generatorID>
<ownerDesignName>NeuBDModeloLogico</ownerDesignName>
<indexState>Foreign Key</indexState>
<isSurrogateKey>false</isSurrogateKey>
<indexColumnUsage>
<colUsage columnID="3273AA4A-66E3-5B05-6728-AF2CE6E56BDF"/>
</indexColumnUsage>
</ind_PK_UK>
<ind_PK_UK id="A5D1238E-EAE0-7619-27E0-8F49B212BEE8" name="GRUPO_POR_ASIG_GRUPO_FK">
<createdBy>JUANKA</createdBy>
<createdTime>2021-04-20 07:17:14 UTC</createdTime>
<generatorID>FF57B311-72DC-6C9A-8E95-7E3DC2674DDA</generatorID>
<ownerDesignName>NeuBDModeloLogico</ownerDesignName>
<indexState>Foreign Key</indexState>
<isSurrogateKey>false</isSurrogateKey>
<indexColumnUsage>
<colUsage columnID="50172E9B-50BF-81E7-E24B-B777BF7531FF"/>
</indexColumnUsage>
</ind_PK_UK>
</indexes>
</Table>