<?xml version = '1.0' encoding = 'UTF-8'?>
<Table class="oracle.dbtools.crest.model.design.relational.Table" directorySegmentName="seg_0" id="AAA53ECA-8F4F-1559-C041-AAC85A146C3B" name="ENCUESTA">
<createdBy>JUANKA</createdBy>
<createdTime>2021-04-20 07:17:14 UTC</createdTime>
<generatorID>F7B2D27C-8ECA-AFA6-151D-0AF3E7E2FCA3</generatorID>
<ownerDesignName>NeuBDModeloLogico</ownerDesignName>
<importedID>DB6B6312-B866-D562-B261-E363A47FC56C</importedID>
<allowColumnReorder>false</allowColumnReorder>
<existDependencyGenerateInDDl>true</existDependencyGenerateInDDl>
<parsed>true</parsed>
<columns itemClass="oracle.dbtools.crest.model.design.relational.Column">
<Column name="Fecha_de_envío" id="8755BC66-F730-D39A-26F5-206AAEAE1A4F">
<createdBy>JUANKA</createdBy>
<createdTime>2021-04-20 07:17:14 UTC</createdTime>
<generatorID>0C8EA1D3-2AC3-930D-939A-565EF37A776F</generatorID>
<ownerDesignName>NeuBDModeloLogico</ownerDesignName>
<importedID>E92C8941-A78B-2653-572C-EBA3BEE0A67A</importedID>
<useDomainConstraints>false</useDomainConstraints>
<use>1</use>
<logicalDatatype>LOGDT024</logicalDatatype>
<dataTypeSize>180 CHAR</dataTypeSize>
<ownDataTypeParameters>180 CHAR,,</ownDataTypeParameters>
<autoIncrementCycle>false</autoIncrementCycle>
</Column>
<Column name="EXPEDIENTES_Num_Expediente" id="C40A1394-3D2B-835A-558B-F111577A9BB7">
<createdBy>JUANKA</createdBy>
<createdTime>2021-04-20 07:17:14 UTC</createdTime>
<generatorID>AA07D97D-0388-5453-B275-BBD4DD753F7B</generatorID>
<ownerDesignName>NeuBDModeloLogico</ownerDesignName>
<importedID>C39EEA2B-C328-DF58-834E-8F2DCB52070B</importedID>
<useDomainConstraints>false</useDomainConstraints>
<use>1</use>
<logicalDatatype>LOGDT024</logicalDatatype>
<dataTypeSize>180 CHAR</dataTypeSize>
<ownDataTypeParameters>180 CHAR,,</ownDataTypeParameters>
<autoIncrementCycle>false</autoIncrementCycle>
<associations>
<colAssociation fkAssociation="B1EBA28F-0FA0-CA2D-D3F5-D3DC8338F825" referredColumn="E6E10FEB-16A5-6963-A6C2-331D98F2B67B"/>
</associations>
</Column>
</columns>
<indexes itemClass="oracle.dbtools.crest.model.design.relational.Index">
<ind_PK_UK id="EE3A42D9-BA95-9460-7496-8ED6EADE05B1" name="ENCUESTA_PK">
<createdBy>JUANKA</createdBy>
<createdTime>2021-04-20 07:17:14 UTC</createdTime>
<generatorID>051428F0-F8D9-7305-0225-63B6482ED387</generatorID>
<ownerDesignName>NeuBDModeloLogico</ownerDesignName>
<importedID>4740228D-2A39-43B4-74E1-48E7D4BB7980</importedID>
<pk>true</pk>
<indexState>Primary Constraint</indexState>
<isSurrogateKey>false</isSurrogateKey>
<indexColumnUsage>
<colUsage columnID="8755BC66-F730-D39A-26F5-206AAEAE1A4F"/>
</indexColumnUsage>
</ind_PK_UK>
<ind_PK_UK id="EE7E7403-A07B-2C02-6F7B-CF687767AE87" name="ENCUESTA_EXPEDIENTES_FK">
<createdBy>JUANKA</createdBy>
<createdTime>2021-04-20 07:17:14 UTC</createdTime>
<generatorID>FD1C2F18-2DE3-DD92-5550-490A90DCBB69</generatorID>
<ownerDesignName>NeuBDModeloLogico</ownerDesignName>
<indexState>Foreign Key</indexState>
<isSurrogateKey>false</isSurrogateKey>
<indexColumnUsage>
<colUsage columnID="C40A1394-3D2B-835A-558B-F111577A9BB7"/>
</indexColumnUsage>
</ind_PK_UK>
</indexes>
</Table>