<?xml version = '1.0' encoding = 'UTF-8'?>
<Table class="oracle.dbtools.crest.model.design.relational.Table" directorySegmentName="seg_0" id="C6B1A8C2-53CD-32A3-8AE8-0C7E3D7900BD" name="MATRÍCULA">
<createdBy>JUANKA</createdBy>
<createdTime>2021-04-20 07:17:14 UTC</createdTime>
<generatorID>851FC8F1-3D10-AF77-58CE-FD17F77A8464</generatorID>
<ownerDesignName>NeuBDModeloLogico</ownerDesignName>
<importedID>02276B5E-0E00-FC58-15DB-F14F7DCB1D04</importedID>
<allowColumnReorder>false</allowColumnReorder>
<existDependencyGenerateInDDl>true</existDependencyGenerateInDDl>
<parsed>true</parsed>
<columns itemClass="oracle.dbtools.crest.model.design.relational.Column">
<Column name="Curso_académico" id="2ED7D900-1FAB-6A83-EFCF-7FD378504350">
<createdBy>JUANKA</createdBy>
<createdTime>2021-04-20 07:17:14 UTC</createdTime>
<generatorID>A9587432-090C-1EB8-1379-81DF6928E61A</generatorID>
<ownerDesignName>NeuBDModeloLogico</ownerDesignName>
<importedID>8052E91A-BB3C-ACC4-5D4E-CBBFB08337E6</importedID>
<useDomainConstraints>false</useDomainConstraints>
<use>1</use>
<logicalDatatype>LOGDT024</logicalDatatype>
<dataTypeSize>180 CHAR</dataTypeSize>
<ownDataTypeParameters>180 CHAR,,</ownDataTypeParameters>
<autoIncrementCycle>false</autoIncrementCycle>
</Column>
<Column name="Estado" id="02DD46CB-831D-63AF-9EC4-3BD4BC1823BC">
<createdBy>JUANKA</createdBy>
<createdTime>2021-04-20 07:17:14 UTC</createdTime>
<generatorID>1D55B6E6-4411-9969-0C1B-492B054EF35A</generatorID>
<ownerDesignName>NeuBDModeloLogico</ownerDesignName>
<importedID>8C23B194-AD47-1613-96C8-16E3387B165B</importedID>
<useDomainConstraints>false</useDomainConstraints>
<use>1</use>
<logicalDatatype>LOGDT024</logicalDatatype>
<dataTypeSize>180 CHAR</dataTypeSize>
<ownDataTypeParameters>180 CHAR,,</ownDataTypeParameters>
<autoIncrementCycle>false</autoIncrementCycle>
</Column>
<Column name="Num_Archivo" id="BCE0D446-6CA6-ACEA-E0E5-D0AD349C2E03">
<createdBy>JUANKA</createdBy>
<createdTime>2021-04-20 07:17:14 UTC</createdTime>
<generatorID>02FE8416-96CE-7F7F-27E4-F202EBC5B833</generatorID>
<ownerDesignName>NeuBDModeloLogico</ownerDesignName>
<importedID>8FA7BD81-32E9-A635-424D-597BB44BF5A6</importedID>
<nullsAllowed>true</nullsAllowed>
<useDomainConstraints>false</useDomainConstraints>
<use>1</use>
<logicalDatatype>LOGDT024</logicalDatatype>
<dataTypeSize>180 CHAR</dataTypeSize>
<ownDataTypeParameters>180 CHAR,,</ownDataTypeParameters>
<autoIncrementCycle>false</autoIncrementCycle>
</Column>
<Column name="Turno_preferente" id="F2DFFF74-3876-0868-2DE9-3B4DD9EB8D84">
<createdBy>JUANKA</createdBy>
<createdTime>2021-04-20 07:17:14 UTC</createdTime>
<generatorID>E34DD6A5-3046-A556-57F2-63D704FC11B9</generatorID>
<ownerDesignName>NeuBDModeloLogico</ownerDesignName>
<importedID>8690FF3D-ABBC-0A4A-B1F8-211A20BC87D7</importedID>
<nullsAllowed>true</nullsAllowed>
<useDomainConstraints>false</useDomainConstraints>
<use>1</use>
<logicalDatatype>LOGDT024</logicalDatatype>
<dataTypeSize>180 CHAR</dataTypeSize>
<ownDataTypeParameters>180 CHAR,,</ownDataTypeParameters>
<autoIncrementCycle>false</autoIncrementCycle>
</Column>
<Column name="Fecha_de_matrícula" id="72B134CD-A228-65E8-DDFE-4D7106E02821">
<createdBy>JUANKA</createdBy>
<createdTime>2021-04-20 07:17:14 UTC</createdTime>
<generatorID>30B4D101-C9CB-4B21-99EE-A3AACDFA745B</generatorID>
<ownerDesignName>NeuBDModeloLogico</ownerDesignName>
<importedID>E860B52B-1187-65D3-327B-6605BF971644</importedID>
<useDomainConstraints>false</useDomainConstraints>
<use>1</use>
<logicalDatatype>LOGDT024</logicalDatatype>
<dataTypeSize>180 CHAR</dataTypeSize>
<ownDataTypeParameters>180 CHAR,,</ownDataTypeParameters>
<autoIncrementCycle>false</autoIncrementCycle>
</Column>
<Column name="Nuevo_ingreso" id="C2A21BE1-9FA2-9D4F-0E00-A6A97E111633">
<createdBy>JUANKA</createdBy>
<createdTime>2021-04-20 07:17:14 UTC</createdTime>
<generatorID>76B4A0B2-2D2E-602B-006E-9CB9B8C08007</generatorID>
<ownerDesignName>NeuBDModeloLogico</ownerDesignName>
<importedID>14BE0A76-D87C-2AB2-EF53-1E2AFE2D9676</importedID>
<nullsAllowed>true</nullsAllowed>
<useDomainConstraints>false</useDomainConstraints>
<use>1</use>
<logicalDatatype>LOGDT024</logicalDatatype>
<dataTypeSize>180 CHAR</dataTypeSize>
<ownDataTypeParameters>180 CHAR,,</ownDataTypeParameters>
<autoIncrementCycle>false</autoIncrementCycle>
</Column>
<Column name="Listado_Asignaturas" id="DFBB2F45-D5B0-36AC-79E8-A4AAA6C8C66D">
<createdBy>JUANKA</createdBy>
<createdTime>2021-04-20 07:17:14 UTC</createdTime>
<generatorID>15EC4FBA-6E06-37CB-9F69-38EB6F306D97</generatorID>
<ownerDesignName>NeuBDModeloLogico</ownerDesignName>
<importedID>50F6208F-7321-4A3B-B261-7AF0263A2FBB</importedID>
<nullsAllowed>true</nullsAllowed>
<useDomainConstraints>false</useDomainConstraints>
<use>1</use>
<logicalDatatype>LOGDT024</logicalDatatype>
<dataTypeSize>180 CHAR</dataTypeSize>
<ownDataTypeParameters>180 CHAR,,</ownDataTypeParameters>
<autoIncrementCycle>false</autoIncrementCycle>
</Column>
<Column name="EXPEDIENTES_Num_Expediente" id="5BBA9938-FDAA-1947-5852-3E4AF17186B0">
<createdBy>JUANKA</createdBy>
<createdTime>2021-04-20 07:17:14 UTC</createdTime>
<generatorID>1A767321-1F91-A59D-A161-B8D001668F9E</generatorID>
<ownerDesignName>NeuBDModeloLogico</ownerDesignName>
<importedID>31965766-9713-4224-CCBE-F7E372F25EEF</importedID>
<useDomainConstraints>false</useDomainConstraints>
<use>1</use>
<logicalDatatype>LOGDT024</logicalDatatype>
<dataTypeSize>180 CHAR</dataTypeSize>
<ownDataTypeParameters>180 CHAR,,</ownDataTypeParameters>
<autoIncrementCycle>false</autoIncrementCycle>
<associations>
<colAssociation fkAssociation="F8CD4DB0-0C12-FC1B-558F-BE17E4E2918F" referredColumn="E6E10FEB-16A5-6963-A6C2-331D98F2B67B"/>
</associations>
</Column>
</columns>
<indexes itemClass="oracle.dbtools.crest.model.design.relational.Index">
<ind_PK_UK id="ABCEA4FF-E414-086D-3DFE-2FA6C4D08296" name="MATRÍCULA_PK">
<createdBy>JUANKA</createdBy>
<createdTime>2021-04-20 07:17:14 UTC</createdTime>
<generatorID>375BFFD3-0661-72C1-E410-D3AD7990132F</generatorID>
<ownerDesignName>NeuBDModeloLogico</ownerDesignName>
<importedID>EFDFCF53-8114-18C0-CFB8-0EF4CA54AE3C</importedID>
<pk>true</pk>
<indexState>Primary Constraint</indexState>
<isSurrogateKey>false</isSurrogateKey>
<indexColumnUsage>
<colUsage columnID="5BBA9938-FDAA-1947-5852-3E4AF17186B0"/>
<colUsage columnID="2ED7D900-1FAB-6A83-EFCF-7FD378504350"/>
</indexColumnUsage>
</ind_PK_UK>
<ind_PK_UK id="419B44DD-B194-AB18-F6FB-52B2823B283D" name="MATRÍCULA_EXPEDIENTES_FK">
<createdBy>JUANKA</createdBy>
<createdTime>2021-04-20 07:17:14 UTC</createdTime>
<generatorID>463FE457-70B7-EA16-1218-25A225CCF950</generatorID>
<ownerDesignName>NeuBDModeloLogico</ownerDesignName>
<indexState>Foreign Key</indexState>
<isSurrogateKey>false</isSurrogateKey>
<indexColumnUsage>
<colUsage columnID="5BBA9938-FDAA-1947-5852-3E4AF17186B0"/>
</indexColumnUsage>
</ind_PK_UK>
</indexes>
</Table>