<?xml version = '1.0' encoding = 'UTF-8'?>
<Table class="oracle.dbtools.crest.model.design.relational.Table" directorySegmentName="seg_0" id="D3E0A3D3-A604-32F0-FCAB-F72DFB9596FA" name="CLASE">
<createdBy>JUANKA</createdBy>
<createdTime>2021-04-20 07:17:14 UTC</createdTime>
<generatorID>452CE750-785B-B9D4-C61D-9B464BE2C17A</generatorID>
<ownerDesignName>NeuBDModeloLogico</ownerDesignName>
<importedID>C9425394-1AFF-4B68-2F1C-2064B05FA56B</importedID>
<allowColumnReorder>false</allowColumnReorder>
<existDependencyGenerateInDDl>true</existDependencyGenerateInDDl>
<parsed>true</parsed>
<columns itemClass="oracle.dbtools.crest.model.design.relational.Column">
<Column name="Día" id="52D43103-33C2-7E76-4979-B63DF81AE967">
<createdBy>JUANKA</createdBy>
<createdTime>2021-04-20 07:17:14 UTC</createdTime>
<generatorID>6CC14FBC-EF98-EFDB-ABA0-BFF5D5332AFD</generatorID>
<ownerDesignName>NeuBDModeloLogico</ownerDesignName>
<importedID>D0E6B9AE-398A-4AE4-930B-748959174EEF</importedID>
<useDomainConstraints>false</useDomainConstraints>
<use>1</use>
<logicalDatatype>LOGDT024</logicalDatatype>
<dataTypeSize>180 CHAR</dataTypeSize>
<ownDataTypeParameters>180 CHAR,,</ownDataTypeParameters>
<autoIncrementCycle>false</autoIncrementCycle>
</Column>
<Column name="Hora_inicio" id="9265702F-7BC4-4227-80EF-6B619FFFFFDC">
<createdBy>JUANKA</createdBy>
<createdTime>2021-04-20 07:17:14 UTC</createdTime>
<generatorID>FBAFE0C9-ED48-5A15-4F08-01F1B59D9D39</generatorID>
<ownerDesignName>NeuBDModeloLogico</ownerDesignName>
<importedID>5B728E6E-7610-3427-8DE0-CD51B03A5689</importedID>
<useDomainConstraints>false</useDomainConstraints>
<use>1</use>
<logicalDatatype>LOGDT024</logicalDatatype>
<dataTypeSize>180 CHAR</dataTypeSize>
<ownDataTypeParameters>180 CHAR,,</ownDataTypeParameters>
<autoIncrementCycle>false</autoIncrementCycle>
</Column>
<Column name="Hora_fin" id="6E8D3E47-2E12-2BFE-1B76-EDD475A3DFBD">
<createdBy>JUANKA</createdBy>
<createdTime>2021-04-20 07:17:14 UTC</createdTime>
<generatorID>4E90E6C4-E9BC-D6B0-9D65-7A4428A8F31B</generatorID>
<ownerDesignName>NeuBDModeloLogico</ownerDesignName>
<importedID>DA09394D-1C0D-9588-5453-9326817DBE15</importedID>
<nullsAllowed>true</nullsAllowed>
<useDomainConstraints>false</useDomainConstraints>
<use>1</use>
<logicalDatatype>LOGDT024</logicalDatatype>
<dataTypeSize>180 CHAR</dataTypeSize>
<ownDataTypeParameters>180 CHAR,,</ownDataTypeParameters>
<autoIncrementCycle>false</autoIncrementCycle>
</Column>
<Column name="ASIGNATURA_Referencia" id="682187EB-25FA-6A52-8DEB-33E1E8E9F329">
<createdBy>JUANKA</createdBy>
<createdTime>2021-04-20 07:17:14 UTC</createdTime>
<generatorID>EFE5A284-FD86-1E6C-6AE7-40AABC23A6FD</generatorID>
<ownerDesignName>NeuBDModeloLogico</ownerDesignName>
<importedID>C71675ED-B3B2-25A3-D934-488AA27B38BD</importedID>
<useDomainConstraints>false</useDomainConstraints>
<use>1</use>
<logicalDatatype>LOGDT024</logicalDatatype>
<dataTypeSize>180 CHAR</dataTypeSize>
<ownDataTypeParameters>180 CHAR,,</ownDataTypeParameters>
<autoIncrementCycle>false</autoIncrementCycle>
<associations>
<colAssociation fkAssociation="E2581AA4-B3A6-5D17-C8BD-906263564943" referredColumn="45647557-8D15-E321-FBD4-A1F0954E8434"/>
</associations>
</Column>
<Column name="GRUPO_ID" id="5FEE9999-5B05-AFF2-A3E8-95237F4005B2">
<createdBy>JUANKA</createdBy>
<createdTime>2021-04-20 07:17:14 UTC</createdTime>
<generatorID>B17B2AD4-E549-C48E-3FFE-7A6D9134AC7D</generatorID>
<ownerDesignName>NeuBDModeloLogico</ownerDesignName>
<importedID>1F992B9B-0465-6DFE-3C0D-8FB42E28EC86</importedID>
<useDomainConstraints>false</useDomainConstraints>
<use>1</use>
<logicalDatatype>LOGDT024</logicalDatatype>
<dataTypeSize>180 CHAR</dataTypeSize>
<ownDataTypeParameters>180 CHAR,,</ownDataTypeParameters>
<autoIncrementCycle>false</autoIncrementCycle>
<associations>
<colAssociation fkAssociation="B0712FC1-327D-6C5A-EE05-929D68CF1455" referredColumn="5875E9D8-D869-004A-F7D0-FE98246200FC"/>
</associations>
</Column>
</columns>
<indexes itemClass="oracle.dbtools.crest.model.design.relational.Index">
<ind_PK_UK id="2FE1E8D3-1F46-08E0-DC88-80ED2729F54C" name="CLASE_PK">
<createdBy>JUANKA</createdBy>
<createdTime>2021-04-20 07:17:14 UTC</createdTime>
<generatorID>DDD2490C-C1FC-2FD8-4239-47ED9846C447</generatorID>
<ownerDesignName>NeuBDModeloLogico</ownerDesignName>
<importedID>5E9CD736-F8A0-1FAE-4E4A-7E2A988D8AFC</importedID>
<pk>true</pk>
<indexState>Primary Constraint</indexState>
<isSurrogateKey>false</isSurrogateKey>
<indexColumnUsage>
<colUsage columnID="5FEE9999-5B05-AFF2-A3E8-95237F4005B2"/>
<colUsage columnID="52D43103-33C2-7E76-4979-B63DF81AE967"/>
<colUsage columnID="9265702F-7BC4-4227-80EF-6B619FFFFFDC"/>
</indexColumnUsage>
</ind_PK_UK>
<ind_PK_UK id="83D52859-C7BD-6B48-02EC-2B200C00CD6C" name="CLASE_ASIGNATURA_FK">
<createdBy>JUANKA</createdBy>
<createdTime>2021-04-20 07:17:14 UTC</createdTime>
<generatorID>4933A276-18ED-77F6-9595-BFA274A780ED</generatorID>
<ownerDesignName>NeuBDModeloLogico</ownerDesignName>
<indexState>Foreign Key</indexState>
<isSurrogateKey>false</isSurrogateKey>
<indexColumnUsage>
<colUsage columnID="682187EB-25FA-6A52-8DEB-33E1E8E9F329"/>
</indexColumnUsage>
</ind_PK_UK>
<ind_PK_UK id="39251AF0-B4B1-3610-082A-B464981309CE" name="CLASE_GRUPO_FK">
<createdBy>JUANKA</createdBy>
<createdTime>2021-04-20 07:17:14 UTC</createdTime>
<generatorID>AF305140-49E4-2DC4-832B-AFC15199C0A7</generatorID>
<ownerDesignName>NeuBDModeloLogico</ownerDesignName>
<indexState>Foreign Key</indexState>
<isSurrogateKey>false</isSurrogateKey>
<indexColumnUsage>
<colUsage columnID="5FEE9999-5B05-AFF2-A3E8-95237F4005B2"/>
</indexColumnUsage>
</ind_PK_UK>
</indexes>
</Table>