<?xml version = '1.0' encoding = 'UTF-8'?>
<Table class="oracle.dbtools.crest.model.design.relational.Table" directorySegmentName="seg_0" id="D49FFB20-50B7-45E9-4891-6528DD722F2E" name="TITULACIÓN">
<createdBy>JUANKA</createdBy>
<createdTime>2021-04-20 07:17:14 UTC</createdTime>
<generatorID>51F09180-0E1B-2C98-B2A7-59DA68C25E5F</generatorID>
<ownerDesignName>NeuBDModeloLogico</ownerDesignName>
<importedID>DBF2FCD5-F16B-6AEC-423F-782866F711F9</importedID>
<allowColumnReorder>false</allowColumnReorder>
<existDependencyGenerateInDDl>true</existDependencyGenerateInDDl>
<parsed>true</parsed>
<columns itemClass="oracle.dbtools.crest.model.design.relational.Column">
<Column name="Código" id="CD9BF82C-37BE-9425-7F3B-F22B010A1DD8">
<createdBy>JUANKA</createdBy>
<createdTime>2021-04-20 07:17:14 UTC</createdTime>
<generatorID>C6D769F9-8163-A8B6-EDF6-69F731E1C8EF</generatorID>
<ownerDesignName>NeuBDModeloLogico</ownerDesignName>
<importedID>D239100F-B756-50C5-2BCD-5CF53234BAC7</importedID>
<useDomainConstraints>false</useDomainConstraints>
<use>1</use>
<logicalDatatype>LOGDT024</logicalDatatype>
<dataTypeSize>180 CHAR</dataTypeSize>
<ownDataTypeParameters>180 CHAR,,</ownDataTypeParameters>
<autoIncrementCycle>false</autoIncrementCycle>
</Column>
<Column name="Nombre" id="7C34C708-0FE2-F738-5230-1431489C052D">
<createdBy>JUANKA</createdBy>
<createdTime>2021-04-20 07:17:14 UTC</createdTime>
<generatorID>3073F62B-8130-2F81-A34F-7FD705E6F732</generatorID>
<ownerDesignName>NeuBDModeloLogico</ownerDesignName>
<importedID>E093A2D9-7995-6B57-31B3-95C29E5E8D95</importedID>
<useDomainConstraints>false</useDomainConstraints>
<use>1</use>
<logicalDatatype>LOGDT024</logicalDatatype>
<dataTypeSize>180 CHAR</dataTypeSize>
<ownDataTypeParameters>180 CHAR,,</ownDataTypeParameters>
<autoIncrementCycle>false</autoIncrementCycle>
</Column>
<Column name="Créditos" id="F4A46F63-3739-C7AF-0488-6EE9BE80EB22">
<createdBy>JUANKA</createdBy>
<createdTime>2021-04-20 07:17:14 UTC</createdTime>
<generatorID>A7136E6F-E774-DB8D-12BB-A2C41EEE92FB</generatorID>
<ownerDesignName>NeuBDModeloLogico</ownerDesignName>
<importedID>E449387C-2334-7992-824B-DBCD81E1ADB2</importedID>
<useDomainConstraints>false</useDomainConstraints>
<use>1</use>
<logicalDatatype>LOGDT024</logicalDatatype>
<dataTypeSize>180 CHAR</dataTypeSize>
<ownDataTypeParameters>180 CHAR,,</ownDataTypeParameters>
<autoIncrementCycle>false</autoIncrementCycle>
</Column>
</columns>
<indexes itemClass="oracle.dbtools.crest.model.design.relational.Index">
<ind_PK_UK id="7B07342E-54E2-777D-553B-5E01EB3DF83E" name="TITULACIÓN_PK">
<createdBy>JUANKA</createdBy>
<createdTime>2021-04-20 07:17:14 UTC</createdTime>
<generatorID>94F56D5E-1A0A-AFEE-CCE0-2EABBE64BE6D</generatorID>
<ownerDesignName>NeuBDModeloLogico</ownerDesignName>
<importedID>54BD17E4-B1CB-626E-80E1-CD0477609A2D</importedID>
<pk>true</pk>
<indexState>Primary Constraint</indexState>
<isSurrogateKey>false</isSurrogateKey>
<indexColumnUsage>
<colUsage columnID="CD9BF82C-37BE-9425-7F3B-F22B010A1DD8"/>
</indexColumnUsage>
</ind_PK_UK>
</indexes>
</Table>