<?xml version = '1.0' encoding = 'UTF-8'?>
<Table class="oracle.dbtools.crest.model.design.relational.Table" directorySegmentName="seg_0" id="D679AD27-0765-0B6E-39B9-2E1BCAE14AE6" name="CENTRO">
<createdBy>JUANKA</createdBy>
<createdTime>2021-04-20 07:17:14 UTC</createdTime>
<generatorID>0C49DD88-B596-0536-6ADC-3EF6B68E2543</generatorID>
<ownerDesignName>NeuBDModeloLogico</ownerDesignName>
<importedID>1A3795D1-64C1-1FE2-EA1D-7464B95106A2</importedID>
<allowColumnReorder>false</allowColumnReorder>
<existDependencyGenerateInDDl>true</existDependencyGenerateInDDl>
<parsed>true</parsed>
<columns itemClass="oracle.dbtools.crest.model.design.relational.Column">
<Column name="ID" id="181E14EE-88F8-9D49-4100-2D989361A177">
<createdBy>JUANKA</createdBy>
<createdTime>2021-04-20 07:17:14 UTC</createdTime>
<generatorID>EF37FBC6-1BF4-AFC6-8C86-BE0D145CAC5E</generatorID>
<ownerDesignName>NeuBDModeloLogico</ownerDesignName>
<importedID>C83B86E1-09C9-871C-CFEA-E0A3A13B7781</importedID>
<useDomainConstraints>false</useDomainConstraints>
<use>1</use>
<logicalDatatype>LOGDT024</logicalDatatype>
<dataTypeSize>180 CHAR</dataTypeSize>
<ownDataTypeParameters>180 CHAR,,</ownDataTypeParameters>
<autoIncrementCycle>false</autoIncrementCycle>
</Column>
<Column name="Nombre" id="5073F6D5-F81A-6DA9-53D0-7B979332B9F1">
<createdBy>JUANKA</createdBy>
<createdTime>2021-04-20 07:17:14 UTC</createdTime>
<generatorID>2CAD3BD0-84D6-F9BC-8A22-C15A16B148A1</generatorID>
<ownerDesignName>NeuBDModeloLogico</ownerDesignName>
<importedID>13BEDC00-BCE6-B5A9-7045-ECC4527C9C81</importedID>
<useDomainConstraints>false</useDomainConstraints>
<use>1</use>
<logicalDatatype>LOGDT024</logicalDatatype>
<dataTypeSize>180 CHAR</dataTypeSize>
<ownDataTypeParameters>180 CHAR,,</ownDataTypeParameters>
<autoIncrementCycle>false</autoIncrementCycle>
</Column>
<Column name="Dirección" id="027CC8DF-7212-C001-2589-42B04E3B6BF5">
<createdBy>JUANKA</createdBy>
<createdTime>2021-04-20 07:17:14 UTC</createdTime>
<generatorID>F0AE8240-FA94-3CE4-5566-2EC3413A330D</generatorID>
<ownerDesignName>NeuBDModeloLogico</ownerDesignName>
<importedID>AAC90D3C-0E80-1E40-107B-4C8A67A91C08</importedID>
<useDomainConstraints>false</useDomainConstraints>
<use>1</use>
<logicalDatatype>LOGDT024</logicalDatatype>
<dataTypeSize>180 CHAR</dataTypeSize>
<ownDataTypeParameters>180 CHAR,,</ownDataTypeParameters>
<autoIncrementCycle>false</autoIncrementCycle>
</Column>
<Column name="TLF_Conserjería" id="38EAD65A-BBFC-9FBB-7BBC-98DD637960B0">
<createdBy>JUANKA</createdBy>
<createdTime>2021-04-20 07:17:14 UTC</createdTime>
<generatorID>3D7F0146-761F-BFB0-754F-096BE415DA8A</generatorID>
<ownerDesignName>NeuBDModeloLogico</ownerDesignName>
<importedID>C2C3AD90-422A-4B8A-C9F6-4249A4394649</importedID>
<nullsAllowed>true</nullsAllowed>
<useDomainConstraints>false</useDomainConstraints>
<use>1</use>
<logicalDatatype>LOGDT024</logicalDatatype>
<dataTypeSize>180 CHAR</dataTypeSize>
<ownDataTypeParameters>180 CHAR,,</ownDataTypeParameters>
<autoIncrementCycle>false</autoIncrementCycle>
</Column>
</columns>
<indexes itemClass="oracle.dbtools.crest.model.design.relational.Index">
<ind_PK_UK id="526DBFA2-DF77-EA69-51EA-36587855174A" name="CENTRO_PK">
<createdBy>JUANKA</createdBy>
<createdTime>2021-04-20 07:17:14 UTC</createdTime>
<generatorID>D9BD4405-F878-47D9-641C-A347C33117EB</generatorID>
<ownerDesignName>NeuBDModeloLogico</ownerDesignName>
<importedID>DFFF78B9-4F7A-66F0-BEB4-4985CF0084C5</importedID>
<pk>true</pk>
<indexState>Primary Constraint</indexState>
<isSurrogateKey>false</isSurrogateKey>
<indexColumnUsage>
<colUsage columnID="181E14EE-88F8-9D49-4100-2D989361A177"/>
</indexColumnUsage>
</ind_PK_UK>
<ind_PK_UK id="88BBB454-7639-584B-6ADC-E46031FD9666" name="CENTRO_Nombre_UN">
<createdBy>JUANKA</createdBy>
<createdTime>2021-04-20 07:17:14 UTC</createdTime>
<generatorID>A9BDBD8C-67A8-7DDA-E9FB-C7F14597DCBE</generatorID>
<ownerDesignName>NeuBDModeloLogico</ownerDesignName>
<importedID>FCE16A2F-3ACD-C504-E0F0-7F9E88BF364A</importedID>
<indexState>Unique Constraint</indexState>
<isSurrogateKey>false</isSurrogateKey>
<indexColumnUsage>
<colUsage columnID="5073F6D5-F81A-6DA9-53D0-7B979332B9F1"/>
</indexColumnUsage>
</ind_PK_UK>
</indexes>
</Table>