<?xml version = '1.0' encoding = 'UTF-8'?>
<Table class="oracle.dbtools.crest.model.design.relational.Table" directorySegmentName="seg_0" id="D8EEBABD-E9DB-AD60-4645-2FCAF8D0A71B" name="OFERTA_ASIG">
<createdBy>JUANKA</createdBy>
<createdTime>2021-04-20 07:17:14 UTC</createdTime>
<generatorID>1FC28075-B366-4F04-D337-2A8F5484AB72</generatorID>
<ownerDesignName>NeuBDModeloLogico</ownerDesignName>
<importedID>23BB21A5-5C82-3704-1CA3-5D94E05939BB</importedID>
<allowColumnReorder>false</allowColumnReorder>
<existDependencyGenerateInDDl>true</existDependencyGenerateInDDl>
<parsed>true</parsed>
<columns itemClass="oracle.dbtools.crest.model.design.relational.Column">
<Column name="Titulación" id="09C4C3F2-3A82-062B-DFE7-62A085CC7782">
<createdBy>JUANKA</createdBy>
<createdTime>2021-04-20 07:17:14 UTC</createdTime>
<generatorID>26234F20-E68F-2192-5B5F-0450371CAFBC</generatorID>
<ownerDesignName>NeuBDModeloLogico</ownerDesignName>
<importedID>70F5443E-9BD2-AC72-32D9-F050FA208166</importedID>
<useDomainConstraints>false</useDomainConstraints>
<use>1</use>
<logicalDatatype>LOGDT024</logicalDatatype>
<dataTypeSize>180 CHAR</dataTypeSize>
<ownDataTypeParameters>180 CHAR,,</ownDataTypeParameters>
<autoIncrementCycle>false</autoIncrementCycle>
</Column>
<Column name="Ofertada" id="6F96D8FB-0015-014F-5DA3-F1F5E9327326">
<createdBy>JUANKA</createdBy>
<createdTime>2021-04-20 07:17:14 UTC</createdTime>
<generatorID>1627A457-28D0-E7ED-BEDA-B599849A0CA3</generatorID>
<ownerDesignName>NeuBDModeloLogico</ownerDesignName>
<importedID>B47EB5B7-A13E-D65C-FCA6-20DBEDB6B50B</importedID>
<useDomainConstraints>false</useDomainConstraints>
<use>1</use>
<logicalDatatype>LOGDT024</logicalDatatype>
<dataTypeSize>180 CHAR</dataTypeSize>
<ownDataTypeParameters>180 CHAR,,</ownDataTypeParameters>
<autoIncrementCycle>false</autoIncrementCycle>
</Column>
<Column name="Código" id="264D16EF-C0F4-FECA-6BD3-B64E08150FC6">
<createdBy>JUANKA</createdBy>
<createdTime>2021-04-20 07:17:14 UTC</createdTime>
<generatorID>F425E138-75B2-D5E1-548A-972DF443D845</generatorID>
<ownerDesignName>NeuBDModeloLogico</ownerDesignName>
<importedID>F75896F7-9AF3-A316-21B6-0D4697CC7507</importedID>
<useDomainConstraints>false</useDomainConstraints>
<use>1</use>
<logicalDatatype>LOGDT024</logicalDatatype>
<dataTypeSize>180 CHAR</dataTypeSize>
<ownDataTypeParameters>180 CHAR,,</ownDataTypeParameters>
<autoIncrementCycle>false</autoIncrementCycle>
</Column>
<Column name="Referencia" id="5F00EB0C-A4F9-702E-6359-7B8A097662F1">
<createdBy>JUANKA</createdBy>
<createdTime>2021-04-20 07:17:14 UTC</createdTime>
<generatorID>34F6F37B-CE6D-AB85-11D5-9D8E2D3DFA01</generatorID>
<ownerDesignName>NeuBDModeloLogico</ownerDesignName>
<importedID>597F5F2F-8B4C-3862-BBEA-969001B8CB0F</importedID>
<useDomainConstraints>false</useDomainConstraints>
<use>1</use>
<logicalDatatype>LOGDT024</logicalDatatype>
<dataTypeSize>180 CHAR</dataTypeSize>
<ownDataTypeParameters>180 CHAR,,</ownDataTypeParameters>
<autoIncrementCycle>false</autoIncrementCycle>
</Column>
<Column name="Asignatura" id="7AC75263-B504-EBB8-91D3-8FE7DFF1F7AE">
<createdBy>JUANKA</createdBy>
<createdTime>2021-04-20 07:17:14 UTC</createdTime>
<generatorID>995D4070-0B30-6677-FD12-33E6ABEC9683</generatorID>
<ownerDesignName>NeuBDModeloLogico</ownerDesignName>
<importedID>BC998D2F-E898-726B-6EC6-9FF7041AFA3C</importedID>
<useDomainConstraints>false</useDomainConstraints>
<use>1</use>
<logicalDatatype>LOGDT024</logicalDatatype>
<dataTypeSize>180 CHAR</dataTypeSize>
<ownDataTypeParameters>180 CHAR,,</ownDataTypeParameters>
<autoIncrementCycle>false</autoIncrementCycle>
</Column>
<Column name="Curso" id="B3C58620-60D7-9CAD-DD5C-89B85EADD9C3">
<createdBy>JUANKA</createdBy>
<createdTime>2021-04-20 07:17:14 UTC</createdTime>
<generatorID>7809E2A7-42FA-D1DC-9617-CA840776ABB6</generatorID>
<ownerDesignName>NeuBDModeloLogico</ownerDesignName>
<importedID>C37B55D3-E875-6010-C90A-B2EF06C45536</importedID>
<useDomainConstraints>false</useDomainConstraints>
<use>1</use>
<logicalDatatype>LOGDT024</logicalDatatype>
<dataTypeSize>180 CHAR</dataTypeSize>
<ownDataTypeParameters>180 CHAR,,</ownDataTypeParameters>
<autoIncrementCycle>false</autoIncrementCycle>
</Column>
<Column name="Créditos_teoría" id="C15910E5-7C62-71F0-C3E2-941AB0A9A583">
<createdBy>JUANKA</createdBy>
<createdTime>2021-04-20 07:17:14 UTC</createdTime>
<generatorID>0F5DA556-0B6F-9B03-88B1-176AAAAD1236</generatorID>
<ownerDesignName>NeuBDModeloLogico</ownerDesignName>
<importedID>DBC4336C-4E6A-1F48-1240-3688C66CCA1F</importedID>
<useDomainConstraints>false</useDomainConstraints>
<use>1</use>
<logicalDatatype>LOGDT024</logicalDatatype>
<dataTypeSize>180 CHAR</dataTypeSize>
<ownDataTypeParameters>180 CHAR,,</ownDataTypeParameters>
<autoIncrementCycle>false</autoIncrementCycle>
</Column>
<Column name="Crédtos_Práctica" id="129CEB6C-FB8B-9CAB-81AC-D7F830235C71">
<createdBy>JUANKA</createdBy>
<createdTime>2021-04-20 07:17:14 UTC</createdTime>
<generatorID>2B5CBDFE-2848-5359-5C63-8CB3C5B032CC</generatorID>
<ownerDesignName>NeuBDModeloLogico</ownerDesignName>
<importedID>A246B0C6-5F0B-1B86-D590-7548EA0A98A3</importedID>
<useDomainConstraints>false</useDomainConstraints>
<use>1</use>
<logicalDatatype>LOGDT024</logicalDatatype>
<dataTypeSize>180 CHAR</dataTypeSize>
<ownDataTypeParameters>180 CHAR,,</ownDataTypeParameters>
<autoIncrementCycle>false</autoIncrementCycle>
</Column>
<Column name="Créditos_Totales" id="71D6EFDC-AAF1-0BF8-6469-A2A587EDD327">
<createdBy>JUANKA</createdBy>
<createdTime>2021-04-20 07:17:14 UTC</createdTime>
<generatorID>B59EC580-FFD8-28BA-CC34-0966B008E358</generatorID>
<ownerDesignName>NeuBDModeloLogico</ownerDesignName>
<importedID>00F3E26A-0BA5-DBFD-25D7-8C1807E6B4D5</importedID>
<useDomainConstraints>false</useDomainConstraints>
<use>1</use>
<logicalDatatype>LOGDT024</logicalDatatype>
<dataTypeSize>180 CHAR</dataTypeSize>
<ownDataTypeParameters>180 CHAR,,</ownDataTypeParameters>
<autoIncrementCycle>false</autoIncrementCycle>
</Column>
<Column name="Duración" id="FE460386-48BC-9FA0-B0DD-0A7AFDBC6A36">
<createdBy>JUANKA</createdBy>
<createdTime>2021-04-20 07:17:14 UTC</createdTime>
<generatorID>3D14EA1F-6EDC-0B75-E56B-EF98DA6124B3</generatorID>
<ownerDesignName>NeuBDModeloLogico</ownerDesignName>
<importedID>479287D9-2AE6-2670-F6F6-0C0D62958926</importedID>
<nullsAllowed>true</nullsAllowed>
<useDomainConstraints>false</useDomainConstraints>
<use>1</use>
<logicalDatatype>LOGDT024</logicalDatatype>
<dataTypeSize>180 CHAR</dataTypeSize>
<ownDataTypeParameters>180 CHAR,,</ownDataTypeParameters>
<autoIncrementCycle>false</autoIncrementCycle>
</Column>
<Column name="Plazas" id="92A71B80-64F6-7231-E640-6FA5DE90C934">
<createdBy>JUANKA</createdBy>
<createdTime>2021-04-20 07:17:14 UTC</createdTime>
<generatorID>849352FE-7E4C-7201-190E-E2C21DA647E5</generatorID>
<ownerDesignName>NeuBDModeloLogico</ownerDesignName>
<importedID>41E87FAC-907C-014A-BC3D-16A256B010A6</importedID>
<nullsAllowed>true</nullsAllowed>
<useDomainConstraints>false</useDomainConstraints>
<use>1</use>
<logicalDatatype>LOGDT024</logicalDatatype>
<dataTypeSize>180 CHAR</dataTypeSize>
<ownDataTypeParameters>180 CHAR,,</ownDataTypeParameters>
<autoIncrementCycle>false</autoIncrementCycle>
</Column>
<Column name="Otro_idioma" id="92447C15-8619-9F8F-1D2D-08C0B89042F0">
<createdBy>JUANKA</createdBy>
<createdTime>2021-04-20 07:17:14 UTC</createdTime>
<generatorID>1B192396-E8BB-62F7-3865-B5B99F1E9934</generatorID>
<ownerDesignName>NeuBDModeloLogico</ownerDesignName>
<importedID>FF2CB052-25CC-21A5-F0E1-8A0926DF4F3F</importedID>
<nullsAllowed>true</nullsAllowed>
<useDomainConstraints>false</useDomainConstraints>
<use>1</use>
<logicalDatatype>LOGDT024</logicalDatatype>
<dataTypeSize>180 CHAR</dataTypeSize>
<ownDataTypeParameters>180 CHAR,,</ownDataTypeParameters>
<autoIncrementCycle>false</autoIncrementCycle>
</Column>
</columns>
<indexes itemClass="oracle.dbtools.crest.model.design.relational.Index">
<ind_PK_UK id="243F7234-08BA-F5F3-E6E0-0BD114506748" name="OFERTA_ASIG_PK">
<createdBy>JUANKA</createdBy>
<createdTime>2021-04-20 07:17:14 UTC</createdTime>
<generatorID>8046F5E0-6A41-6D12-1E5E-45AEA0BC8CBE</generatorID>
<ownerDesignName>NeuBDModeloLogico</ownerDesignName>
<importedID>D8E105CC-7F43-102D-7194-376FB8F506D2</importedID>
<pk>true</pk>
<indexState>Primary Constraint</indexState>
<isSurrogateKey>false</isSurrogateKey>
<indexColumnUsage>
<colUsage columnID="264D16EF-C0F4-FECA-6BD3-B64E08150FC6"/>
</indexColumnUsage>
</ind_PK_UK>
<ind_PK_UK id="48129A29-457F-A2CF-0C29-9064ABEC23C4" name="OFERTA_ASIG_Referencia_UN">
<createdBy>JUANKA</createdBy>
<createdTime>2021-04-20 07:17:14 UTC</createdTime>
<generatorID>F6B79FC9-BD97-7213-C403-FB7BA00251D8</generatorID>
<ownerDesignName>NeuBDModeloLogico</ownerDesignName>
<importedID>0FD836DC-C0D3-2ABE-A284-6551CEF67828</importedID>
<indexState>Unique Constraint</indexState>
<isSurrogateKey>false</isSurrogateKey>
<indexColumnUsage>
<colUsage columnID="5F00EB0C-A4F9-702E-6359-7B8A097662F1"/>
</indexColumnUsage>
</ind_PK_UK>
</indexes>
</Table>