<?xml version = '1.0' encoding = 'UTF-8'?>
<Table class="oracle.dbtools.crest.model.design.relational.Table" directorySegmentName="seg_0" id="E9295438-B166-D591-1BB1-6AF98A2DD71D" name="USUARIO">
<createdBy>JUANKA</createdBy>
<createdTime>2021-04-20 07:17:14 UTC</createdTime>
<generatorID>078DC6AA-E30D-EEFE-9D5A-5D2A589DEF14</generatorID>
<ownerDesignName>NeuBDModeloLogico</ownerDesignName>
<importedID>81F9CC76-D5DE-DE50-4D6D-D22CDFA76625</importedID>
<allowColumnReorder>false</allowColumnReorder>
<existDependencyGenerateInDDl>true</existDependencyGenerateInDDl>
<parsed>true</parsed>
<columns itemClass="oracle.dbtools.crest.model.design.relational.Column">
<Column name="ID" id="4476B7F6-05F0-7D6D-960F-8D49AE481EF9">
<createdBy>JUANKA</createdBy>
<createdTime>2021-04-20 07:17:14 UTC</createdTime>
<generatorID>3CCE4FEE-06E7-CCF7-E867-794BCF4BC13D</generatorID>
<ownerDesignName>NeuBDModeloLogico</ownerDesignName>
<importedID>EA2A23C7-EE28-0A1E-ADFA-E90048B83622</importedID>
<useDomainConstraints>false</useDomainConstraints>
<use>1</use>
<logicalDatatype>LOGDT024</logicalDatatype>
<dataTypeSize>180 CHAR</dataTypeSize>
<ownDataTypeParameters>180 CHAR,,</ownDataTypeParameters>
<autoIncrementCycle>false</autoIncrementCycle>
</Column>
<Column name="Password" id="D13373F7-BFBC-C3C2-9C50-9D906B2B9C2F">
<createdBy>JUANKA</createdBy>
<createdTime>2021-04-20 07:17:14 UTC</createdTime>
<generatorID>18354FBC-6337-6E83-9806-DF01E9228A20</generatorID>
<ownerDesignName>NeuBDModeloLogico</ownerDesignName>
<importedID>021C9F4E-FE1B-DB95-EB5A-867021982337</importedID>
<useDomainConstraints>false</useDomainConstraints>
<use>1</use>
<logicalDatatype>LOGDT024</logicalDatatype>
<dataTypeSize>180 CHAR</dataTypeSize>
<ownDataTypeParameters>180 CHAR,,</ownDataTypeParameters>
<autoIncrementCycle>false</autoIncrementCycle>
</Column>
<Column name="DNI" id="4883E336-DF54-6D7A-6E75-AA00E790822F">
<createdBy>JUANKA</createdBy>
<createdTime>2021-04-20 07:17:14 UTC</createdTime>
<generatorID>05852AE1-CCFD-6EBA-B4C0-9AC87307E902</generatorID>
<ownerDesignName>NeuBDModeloLogico</ownerDesignName>
<importedID>9DE9030B-E241-5E2B-05AC-879F98A73E3B</importedID>
<useDomainConstraints>false</useDomainConstraints>
<use>1</use>
<logicalDatatype>LOGDT024</logicalDatatype>
<dataTypeSize>180 CHAR</dataTypeSize>
<ownDataTypeParameters>180 CHAR,,</ownDataTypeParameters>
<autoIncrementCycle>false</autoIncrementCycle>
</Column>
<Column name="Nombre" id="82F4618A-78D8-42A1-03DA-BA7BDE1C663A">
<createdBy>JUANKA</createdBy>
<createdTime>2021-04-20 07:17:14 UTC</createdTime>
<generatorID>4D56113B-D988-C7ED-DAA9-D2AC6583057D</generatorID>
<ownerDesignName>NeuBDModeloLogico</ownerDesignName>
<importedID>819FF124-881B-8828-8B8B-0B2CF9A8706C</importedID>
<useDomainConstraints>false</useDomainConstraints>
<use>1</use>
<logicalDatatype>LOGDT024</logicalDatatype>
<dataTypeSize>180 CHAR</dataTypeSize>
<ownDataTypeParameters>180 CHAR,,</ownDataTypeParameters>
<autoIncrementCycle>false</autoIncrementCycle>
</Column>
<Column name="Primer_Apellido" id="F98DB90B-8DC6-5667-35EA-2ADFA10B47BB">
<createdBy>JUANKA</createdBy>
<createdTime>2021-04-20 07:17:14 UTC</createdTime>
<generatorID>C3349F6D-61F2-ACB2-7965-3D87656CBF10</generatorID>
<ownerDesignName>NeuBDModeloLogico</ownerDesignName>
<importedID>621586FF-ED16-91C4-6949-5DDE95BBDEF4</importedID>
<nullsAllowed>true</nullsAllowed>
<useDomainConstraints>false</useDomainConstraints>
<use>1</use>
<logicalDatatype>LOGDT024</logicalDatatype>
<dataTypeSize>180 CHAR</dataTypeSize>
<ownDataTypeParameters>180 CHAR,,</ownDataTypeParameters>
<autoIncrementCycle>false</autoIncrementCycle>
</Column>
<Column name="Segundo_Apellido" id="EA8E0CEA-5EF3-84F3-EA15-9B5F2F07F2F7">
<createdBy>JUANKA</createdBy>
<createdTime>2021-04-20 07:17:14 UTC</createdTime>
<generatorID>B9EDF6B3-5DFD-C2CB-53A7-3C4AD250C3DA</generatorID>
<ownerDesignName>NeuBDModeloLogico</ownerDesignName>
<importedID>EFDB7568-C45F-6080-C4B3-F392708DBD9A</importedID>
<nullsAllowed>true</nullsAllowed>
<useDomainConstraints>false</useDomainConstraints>
<use>1</use>
<logicalDatatype>LOGDT024</logicalDatatype>
<dataTypeSize>180 CHAR</dataTypeSize>
<ownDataTypeParameters>180 CHAR,,</ownDataTypeParameters>
<autoIncrementCycle>false</autoIncrementCycle>
</Column>
<Column name="Email_personal" id="B6C752B5-0EE1-6272-4ACB-1F1996C3F816">
<createdBy>JUANKA</createdBy>
<createdTime>2021-04-20 07:17:14 UTC</createdTime>
<generatorID>D92672C8-549E-DCAB-1680-FD47C261F851</generatorID>
<ownerDesignName>NeuBDModeloLogico</ownerDesignName>
<importedID>0D6D5A92-A6EB-22A5-CA34-8233291AB822</importedID>
<useDomainConstraints>false</useDomainConstraints>
<use>1</use>
<logicalDatatype>LOGDT024</logicalDatatype>
<dataTypeSize>180 CHAR</dataTypeSize>
<ownDataTypeParameters>180 CHAR,,</ownDataTypeParameters>
<autoIncrementCycle>false</autoIncrementCycle>
</Column>
<Column name="Móvil" id="1C00BFD6-1E4B-AD35-9354-D8CF2972760D">
<createdBy>JUANKA</createdBy>
<createdTime>2021-04-20 07:17:14 UTC</createdTime>
<generatorID>CD9975AF-E519-4828-5290-2535AC8E29E7</generatorID>
<ownerDesignName>NeuBDModeloLogico</ownerDesignName>
<importedID>A7809308-4889-4295-B754-F6ED8B21F640</importedID>
<useDomainConstraints>false</useDomainConstraints>
<use>1</use>
<logicalDatatype>LOGDT024</logicalDatatype>
<dataTypeSize>180 CHAR</dataTypeSize>
<ownDataTypeParameters>180 CHAR,,</ownDataTypeParameters>
<autoIncrementCycle>false</autoIncrementCycle>
</Column>
<Column name="Teléfono" id="9A4C9EA8-2475-19C8-8177-9095556E6A48">
<createdBy>JUANKA</createdBy>
<createdTime>2021-04-20 07:17:14 UTC</createdTime>
<generatorID>2934E302-2032-A1A5-85B0-3800329652B5</generatorID>
<ownerDesignName>NeuBDModeloLogico</ownerDesignName>
<importedID>2A5ED033-FD84-ADF3-05E1-EC9E2206EA95</importedID>
<nullsAllowed>true</nullsAllowed>
<useDomainConstraints>false</useDomainConstraints>
<use>1</use>
<logicalDatatype>LOGDT024</logicalDatatype>
<dataTypeSize>180 CHAR</dataTypeSize>
<ownDataTypeParameters>180 CHAR,,</ownDataTypeParameters>
<autoIncrementCycle>false</autoIncrementCycle>
</Column>
<Column name="Dirección" id="6075DE0D-95EB-4D22-B537-F148F1E3201B">
<createdBy>JUANKA</createdBy>
<createdTime>2021-04-20 07:17:14 UTC</createdTime>
<generatorID>AF488066-18B0-5E03-7A46-1DE72AC38B11</generatorID>
<ownerDesignName>NeuBDModeloLogico</ownerDesignName>
<importedID>90BE0BCE-8C22-29B8-7D86-1D44307C67A4</importedID>
<nullsAllowed>true</nullsAllowed>
<useDomainConstraints>false</useDomainConstraints>
<use>1</use>
<logicalDatatype>LOGDT024</logicalDatatype>
<dataTypeSize>180 CHAR</dataTypeSize>
<ownDataTypeParameters>180 CHAR,,</ownDataTypeParameters>
<autoIncrementCycle>false</autoIncrementCycle>
</Column>
<Column name="Localidad" id="9AE71C1C-77C7-098A-D25D-564707B80CE7">
<createdBy>JUANKA</createdBy>
<createdTime>2021-04-20 07:17:14 UTC</createdTime>
<generatorID>BC045211-9ED5-0DFC-6840-7E59F6C2B12D</generatorID>
<ownerDesignName>NeuBDModeloLogico</ownerDesignName>
<importedID>A03730A8-7AFA-CDA9-8B91-F8E4221AA81A</importedID>
<nullsAllowed>true</nullsAllowed>
<useDomainConstraints>false</useDomainConstraints>
<use>1</use>
<logicalDatatype>LOGDT024</logicalDatatype>
<dataTypeSize>180 CHAR</dataTypeSize>
<ownDataTypeParameters>180 CHAR,,</ownDataTypeParameters>
<autoIncrementCycle>false</autoIncrementCycle>
</Column>
<Column name="Provincia" id="422F7FD2-C991-DCFD-3D45-238EEF17E9C9">
<createdBy>JUANKA</createdBy>
<createdTime>2021-04-20 07:17:14 UTC</createdTime>
<generatorID>FD3F5C5D-FDE6-FB07-A43A-DAD941EEEB47</generatorID>
<ownerDesignName>NeuBDModeloLogico</ownerDesignName>
<importedID>5E6A44BA-56ED-5C56-5E10-D77C414937AD</importedID>
<nullsAllowed>true</nullsAllowed>
<useDomainConstraints>false</useDomainConstraints>
<use>1</use>
<logicalDatatype>LOGDT024</logicalDatatype>
<dataTypeSize>180 CHAR</dataTypeSize>
<ownDataTypeParameters>180 CHAR,,</ownDataTypeParameters>
<autoIncrementCycle>false</autoIncrementCycle>
</Column>
<Column name="CP" id="76B9B49C-3518-CA5D-EC5E-4592742306DF">
<createdBy>JUANKA</createdBy>
<createdTime>2021-04-20 07:17:14 UTC</createdTime>
<generatorID>9E6E3AC5-3445-F215-75AD-A6F71638638C</generatorID>
<ownerDesignName>NeuBDModeloLogico</ownerDesignName>
<importedID>4F31794A-52AB-A68A-10D0-2A6762CA3AC2</importedID>
<nullsAllowed>true</nullsAllowed>
<useDomainConstraints>false</useDomainConstraints>
<use>1</use>
<logicalDatatype>LOGDT024</logicalDatatype>
<dataTypeSize>180 CHAR</dataTypeSize>
<ownDataTypeParameters>180 CHAR,,</ownDataTypeParameters>
<autoIncrementCycle>false</autoIncrementCycle>
</Column>
</columns>
<indexes itemClass="oracle.dbtools.crest.model.design.relational.Index">
<ind_PK_UK id="5BCEF3C1-9780-7A90-8BB1-7C5CD3968E5D" name="USUARIO_PK">
<createdBy>JUANKA</createdBy>
<createdTime>2021-04-20 07:17:14 UTC</createdTime>
<generatorID>B4484BA1-B53C-40D8-D84B-9E2B594E576B</generatorID>
<ownerDesignName>NeuBDModeloLogico</ownerDesignName>
<importedID>8C59CC12-C58D-ABE1-D9CF-13F46409725F</importedID>
<pk>true</pk>
<indexState>Primary Constraint</indexState>
<isSurrogateKey>false</isSurrogateKey>
<indexColumnUsage>
<colUsage columnID="4476B7F6-05F0-7D6D-960F-8D49AE481EF9"/>
</indexColumnUsage>
</ind_PK_UK>
<ind_PK_UK id="C07D0718-3B2F-574A-F242-6B05E26A9F2F" name="USUARIO_DNI_UN">
<createdBy>JUANKA</createdBy>
<createdTime>2021-04-20 07:17:14 UTC</createdTime>
<generatorID>39D4D40B-E916-055D-05B7-1C83DFB67E98</generatorID>
<ownerDesignName>NeuBDModeloLogico</ownerDesignName>
<importedID>6F7F1980-FE9B-FFCC-B797-D3D70760A0C3</importedID>
<indexState>Unique Constraint</indexState>
<isSurrogateKey>false</isSurrogateKey>
<indexColumnUsage>
<colUsage columnID="4883E336-DF54-6D7A-6E75-AA00E790822F"/>
</indexColumnUsage>
</ind_PK_UK>
<ind_PK_UK id="10AB1B16-E86A-14B2-F183-119B908067E8" name="USUARIO_Email_personal_UN">
<createdBy>JUANKA</createdBy>
<createdTime>2021-04-20 07:17:14 UTC</createdTime>
<generatorID>15D5EA71-E62D-3CD1-77BF-8F8BDC62AEC9</generatorID>
<ownerDesignName>NeuBDModeloLogico</ownerDesignName>
<importedID>51BF6881-2482-74AE-BCA5-54B3C799B19B</importedID>
<indexState>Unique Constraint</indexState>
<isSurrogateKey>false</isSurrogateKey>
<indexColumnUsage>
<colUsage columnID="B6C752B5-0EE1-6272-4ACB-1F1996C3F816"/>
</indexColumnUsage>
</ind_PK_UK>
<ind_PK_UK id="A02021FF-F3F5-647A-0C5B-E6597D875E02" name="USUARIO_Móvil_UN">
<createdBy>JUANKA</createdBy>
<createdTime>2021-04-20 07:17:14 UTC</createdTime>
<generatorID>9619808B-29AD-9A48-C419-5C4A0DA911F6</generatorID>
<ownerDesignName>NeuBDModeloLogico</ownerDesignName>
<importedID>ED7BA041-047E-5370-9600-AEB7AD270E96</importedID>
<indexState>Unique Constraint</indexState>
<isSurrogateKey>false</isSurrogateKey>
<indexColumnUsage>
<colUsage columnID="1C00BFD6-1E4B-AD35-9354-D8CF2972760D"/>
</indexColumnUsage>
</ind_PK_UK>
<ind_PK_UK id="459AA3C4-0697-5420-8B74-FCCB473ED5C7" name="USUARIO_Teléfono_UN">
<createdBy>JUANKA</createdBy>
<createdTime>2021-04-20 07:17:14 UTC</createdTime>
<generatorID>4A466D56-50CF-D5B8-CF90-297177728605</generatorID>
<ownerDesignName>NeuBDModeloLogico</ownerDesignName>
<importedID>1E84A7C6-5CA6-CFBC-DDFF-5B223E481D30</importedID>
<indexState>Unique Constraint</indexState>
<isSurrogateKey>false</isSurrogateKey>
<indexColumnUsage>
<colUsage columnID="9A4C9EA8-2475-19C8-8177-9095556E6A48"/>
</indexColumnUsage>
</ind_PK_UK>
</indexes>
</Table>