<?xml version = '1.0' encoding = 'UTF-8'?>
<Table class="oracle.dbtools.crest.model.design.relational.Table" directorySegmentName="seg_0" id="FDA33623-6493-F3E6-FBDE-D80A03137AD7" name="GRUPO">
<createdBy>JUANKA</createdBy>
<createdTime>2021-04-20 07:17:14 UTC</createdTime>
<generatorID>CD9D1E6D-4A1E-7A11-6CCD-429B5C6FCD59</generatorID>
<ownerDesignName>NeuBDModeloLogico</ownerDesignName>
<importedID>67A45939-60E7-F1A0-158B-4EFC1F91D1F6</importedID>
<allowColumnReorder>false</allowColumnReorder>
<existDependencyGenerateInDDl>true</existDependencyGenerateInDDl>
<parsed>true</parsed>
<columns itemClass="oracle.dbtools.crest.model.design.relational.Column">
<Column name="ID" id="5875E9D8-D869-004A-F7D0-FE98246200FC">
<createdBy>JUANKA</createdBy>
<createdTime>2021-04-20 07:17:14 UTC</createdTime>
<generatorID>2E90C6FF-AD34-1C46-9F5B-03556DEB9B08</generatorID>
<ownerDesignName>NeuBDModeloLogico</ownerDesignName>
<importedID>7C8D0903-0D5C-2E9E-77FF-18262085ABDA</importedID>
<useDomainConstraints>false</useDomainConstraints>
<use>1</use>
<logicalDatatype>LOGDT024</logicalDatatype>
<dataTypeSize>180 CHAR</dataTypeSize>
<ownDataTypeParameters>180 CHAR,,</ownDataTypeParameters>
<autoIncrementCycle>false</autoIncrementCycle>
</Column>
<Column name="Curso" id="BCCBE1DE-6AC5-E7D6-05A7-31F0A7B31254">
<createdBy>JUANKA</createdBy>
<createdTime>2021-04-20 07:17:14 UTC</createdTime>
<generatorID>B8B242DA-F78F-0D13-C372-54568767CA3D</generatorID>
<ownerDesignName>NeuBDModeloLogico</ownerDesignName>
<importedID>18929DCA-45E4-336E-1F1B-08135E88125B</importedID>
<useDomainConstraints>false</useDomainConstraints>
<use>1</use>
<logicalDatatype>LOGDT024</logicalDatatype>
<dataTypeSize>180 CHAR</dataTypeSize>
<ownDataTypeParameters>180 CHAR,,</ownDataTypeParameters>
<autoIncrementCycle>false</autoIncrementCycle>
</Column>
<Column name="Letra" id="76C886D0-D151-9ADD-7E5A-3446733A130A">
<createdBy>JUANKA</createdBy>
<createdTime>2021-04-20 07:17:14 UTC</createdTime>
<generatorID>C9F2C4BB-26BF-8A31-EBFA-2952A7564677</generatorID>
<ownerDesignName>NeuBDModeloLogico</ownerDesignName>
<importedID>B4890E0F-1476-0B12-3791-41D2BF92732F</importedID>
<useDomainConstraints>false</useDomainConstraints>
<use>1</use>
<logicalDatatype>LOGDT024</logicalDatatype>
<dataTypeSize>180 CHAR</dataTypeSize>
<ownDataTypeParameters>180 CHAR,,</ownDataTypeParameters>
<autoIncrementCycle>false</autoIncrementCycle>
</Column>
<Column name="Turno_Mañana_Tarde" id="13695C28-FE0D-32FC-4F32-83C892F0DE13">
<createdBy>JUANKA</createdBy>
<createdTime>2021-04-20 07:17:14 UTC</createdTime>
<generatorID>46904298-34D6-41B5-7C9D-B538A41427C6</generatorID>
<ownerDesignName>NeuBDModeloLogico</ownerDesignName>
<importedID>DA24D955-6E1F-4C47-2DFD-ED1A82DD5891</importedID>
<useDomainConstraints>false</useDomainConstraints>
<use>1</use>
<logicalDatatype>LOGDT024</logicalDatatype>
<dataTypeSize>180 CHAR</dataTypeSize>
<ownDataTypeParameters>180 CHAR,,</ownDataTypeParameters>
<autoIncrementCycle>false</autoIncrementCycle>
</Column>
<Column name="Inglés" id="49026C39-802B-0F76-E270-8FC68116E5D6">
<createdBy>JUANKA</createdBy>
<createdTime>2021-04-20 07:17:14 UTC</createdTime>
<generatorID>85DD1D80-15EF-23B3-422E-05603894A0B6</generatorID>
<ownerDesignName>NeuBDModeloLogico</ownerDesignName>
<importedID>A70CA862-3C41-03B0-953C-A20FE6BEA8BE</importedID>
<useDomainConstraints>false</useDomainConstraints>
<use>1</use>
<logicalDatatype>LOGDT024</logicalDatatype>
<dataTypeSize>180 CHAR</dataTypeSize>
<ownDataTypeParameters>180 CHAR,,</ownDataTypeParameters>
<autoIncrementCycle>false</autoIncrementCycle>
</Column>
<Column name="Visible" id="FEA16D07-B266-3FD6-2098-8BF6EF07CF7D">
<createdBy>JUANKA</createdBy>
<createdTime>2021-04-20 07:17:14 UTC</createdTime>
<generatorID>58B1B5B6-5324-E872-BE18-87E26E9E6B6D</generatorID>
<ownerDesignName>NeuBDModeloLogico</ownerDesignName>
<importedID>689BB62C-E5AF-98D4-0337-EE402CDA3A07</importedID>
<nullsAllowed>true</nullsAllowed>
<useDomainConstraints>false</useDomainConstraints>
<use>1</use>
<logicalDatatype>LOGDT024</logicalDatatype>
<dataTypeSize>180 CHAR</dataTypeSize>
<ownDataTypeParameters>180 CHAR,,</ownDataTypeParameters>
<autoIncrementCycle>false</autoIncrementCycle>
</Column>
<Column name="Asignar" id="00BD8055-3E74-43BF-290F-9039415256AD">
<createdBy>JUANKA</createdBy>
<createdTime>2021-04-20 07:17:14 UTC</createdTime>
<generatorID>649C0C27-738C-10F3-B03F-9FAA174701C5</generatorID>
<ownerDesignName>NeuBDModeloLogico</ownerDesignName>
<importedID>F8B991AB-F01D-0FC0-8119-A21367F3A162</importedID>
<nullsAllowed>true</nullsAllowed>
<useDomainConstraints>false</useDomainConstraints>
<use>1</use>
<logicalDatatype>LOGDT024</logicalDatatype>
<dataTypeSize>180 CHAR</dataTypeSize>
<ownDataTypeParameters>180 CHAR,,</ownDataTypeParameters>
<autoIncrementCycle>false</autoIncrementCycle>
</Column>
<Column name="Plazas" id="A6249AFC-9194-4F90-64CB-8A4FF46B3683">
<createdBy>JUANKA</createdBy>
<createdTime>2021-04-20 07:17:14 UTC</createdTime>
<generatorID>DD1A71AF-C922-9A4D-2308-DD6F207E8234</generatorID>
<ownerDesignName>NeuBDModeloLogico</ownerDesignName>
<importedID>193694D9-DCA8-84C7-9C63-6F70102D1E08</importedID>
<nullsAllowed>true</nullsAllowed>
<useDomainConstraints>false</useDomainConstraints>
<use>1</use>
<logicalDatatype>LOGDT024</logicalDatatype>
<dataTypeSize>180 CHAR</dataTypeSize>
<ownDataTypeParameters>180 CHAR,,</ownDataTypeParameters>
<autoIncrementCycle>false</autoIncrementCycle>
</Column>
<Column name="TITULACIÓN_Código" id="4D034BAF-2530-0897-855B-10CA44B645FC">
<createdBy>JUANKA</createdBy>
<createdTime>2021-04-20 07:17:14 UTC</createdTime>
<generatorID>F8B0B998-63D1-1C79-1602-7EA50DB2C769</generatorID>
<ownerDesignName>NeuBDModeloLogico</ownerDesignName>
<importedID>F9BAF310-B574-C20D-91D8-E4F2618B054E</importedID>
<useDomainConstraints>false</useDomainConstraints>
<use>1</use>
<logicalDatatype>LOGDT024</logicalDatatype>
<dataTypeSize>180 CHAR</dataTypeSize>
<ownDataTypeParameters>180 CHAR,,</ownDataTypeParameters>
<autoIncrementCycle>false</autoIncrementCycle>
<associations>
<colAssociation fkAssociation="418BC006-0BE6-A19F-A6EA-8042BABCC327" referredColumn="CD9BF82C-37BE-9425-7F3B-F22B010A1DD8"/>
</associations>
</Column>
<Column name="GRUPO_ID" id="F5D2DC07-E9C7-1509-24AD-A54DF05BA002">
<createdBy>JUANKA</createdBy>
<createdTime>2021-04-20 07:17:14 UTC</createdTime>
<generatorID>11051C8F-034F-6186-F1BC-5A33718C3D7E</generatorID>
<ownerDesignName>NeuBDModeloLogico</ownerDesignName>
<importedID>B091BA7D-FED9-05C6-D76E-94FAA20A7AD7</importedID>
<nullsAllowed>true</nullsAllowed>
<useDomainConstraints>false</useDomainConstraints>
<use>1</use>
<logicalDatatype>LOGDT024</logicalDatatype>
<dataTypeSize>180 CHAR</dataTypeSize>
<ownDataTypeParameters>180 CHAR,,</ownDataTypeParameters>
<autoIncrementCycle>false</autoIncrementCycle>
<associations>
<colAssociation fkAssociation="B7FCC8C4-15F4-D6DD-D1E2-17352A8CE235" referredColumn="5875E9D8-D869-004A-F7D0-FE98246200FC"/>
</associations>
</Column>
</columns>
<indexes itemClass="oracle.dbtools.crest.model.design.relational.Index">
<ind_PK_UK id="F6B9BCDB-DFE3-3CDC-A03B-C8EEE9DCFC5D" name="GRUPO_PK">
<createdBy>JUANKA</createdBy>
<createdTime>2021-04-20 07:17:14 UTC</createdTime>
<generatorID>42491AC1-E636-8FF6-7DDD-558C272850CF</generatorID>
<ownerDesignName>NeuBDModeloLogico</ownerDesignName>
<importedID>2D516844-B0EF-D3A4-870B-A4F1C0A96D4E</importedID>
<pk>true</pk>
<indexState>Primary Constraint</indexState>
<isSurrogateKey>false</isSurrogateKey>
<indexColumnUsage>
<colUsage columnID="5875E9D8-D869-004A-F7D0-FE98246200FC"/>
</indexColumnUsage>
</ind_PK_UK>
<ind_PK_UK id="C6441AC1-31B4-D164-B9AF-CACC27CC2940" name="GRUPO_Curso_UN">
<createdBy>JUANKA</createdBy>
<createdTime>2021-04-20 07:17:14 UTC</createdTime>
<generatorID>8FD374A5-1374-531B-643D-DD995D3599A7</generatorID>
<ownerDesignName>NeuBDModeloLogico</ownerDesignName>
<importedID>37615862-83E4-A9C8-A852-10AEA1450209</importedID>
<indexState>Unique Constraint</indexState>
<isSurrogateKey>false</isSurrogateKey>
<indexColumnUsage>
<colUsage columnID="BCCBE1DE-6AC5-E7D6-05A7-31F0A7B31254"/>
</indexColumnUsage>
</ind_PK_UK>
<ind_PK_UK id="1D5E101E-B3EF-2C8D-E5C6-9CA369884E71" name="GRUPO_Letra_UN">
<createdBy>JUANKA</createdBy>
<createdTime>2021-04-20 07:17:14 UTC</createdTime>
<generatorID>ED5BE8BA-5F85-D939-16D8-3F136A1677B9</generatorID>
<ownerDesignName>NeuBDModeloLogico</ownerDesignName>
<importedID>9BE84711-B294-4697-EFD6-19A3E6D9345C</importedID>
<indexState>Unique Constraint</indexState>
<isSurrogateKey>false</isSurrogateKey>
<indexColumnUsage>
<colUsage columnID="76C886D0-D151-9ADD-7E5A-3446733A130A"/>
</indexColumnUsage>
</ind_PK_UK>
<ind_PK_UK id="C4F788E3-B5D6-276A-4378-658E00E97C40" name="GRUPO_TITULACIÓN_FK">
<createdBy>JUANKA</createdBy>
<createdTime>2021-04-20 07:17:14 UTC</createdTime>
<generatorID>3F683AD6-D831-6A39-F318-6EBF15BBE630</generatorID>
<ownerDesignName>NeuBDModeloLogico</ownerDesignName>
<indexState>Foreign Key</indexState>
<isSurrogateKey>false</isSurrogateKey>
<indexColumnUsage>
<colUsage columnID="4D034BAF-2530-0897-855B-10CA44B645FC"/>
</indexColumnUsage>
</ind_PK_UK>
<ind_PK_UK id="AEED6F6C-F9D5-A424-BD8F-5116DC0F568A" name="GRUPO_GRUPO_FK">
<createdBy>JUANKA</createdBy>
<createdTime>2021-04-20 07:17:14 UTC</createdTime>
<generatorID>9B318926-C6A7-1E42-927E-9D95EF52CDE3</generatorID>
<ownerDesignName>NeuBDModeloLogico</ownerDesignName>
<indexState>Foreign Key</indexState>
<isSurrogateKey>false</isSurrogateKey>
<indexColumnUsage>
<colUsage columnID="F5D2DC07-E9C7-1509-24AD-A54DF05BA002"/>
</indexColumnUsage>
</ind_PK_UK>
</indexes>
</Table>