<?xml version = '1.0' encoding = 'UTF-8'?>
<FKArc class="oracle.dbtools.crest.model.design.relational.FKArc" directorySegmentName="seg_0" id="40FF376E-398D-D80E-950D-0414FBCC7865" name="FKArc_1">
<createdBy>JUANKA</createdBy>
<createdTime>2021-04-20 07:17:14 UTC</createdTime>
<ownerDesignName>NeuBDModeloLogico</ownerDesignName>
<importedID>09F7B462-95FE-2FB5-40F8-E6B7C0CB430A</importedID>
<mandatory>false</mandatory>
<reverseArc>true</reverseArc>
<table>E9295438-B166-D591-1BB1-6AF98A2DD71D</table>
<fkeys>
<fkeyID>95679DE7-2CA9-65BE-6D96-8845E9A1B10D</fkeyID>
<fkeyID>A7F73A4E-22B2-A327-0A33-FFA32AF072AE</fkeyID>
<fkeyID>0C80D64B-6BA9-CB02-1F71-DF89723042FD</fkeyID>
</fkeys>
</FKArc>