<?xml version = '1.0' encoding = 'UTF-8'?>
<FKArc class="oracle.dbtools.crest.model.design.relational.FKArc" directorySegmentName="seg_0" id="045B63F1-F30E-6FF2-D445-CF1EF050FC8A" name="FKArc_1">
<createdBy>JUANKA</createdBy>
<createdTime>2021-04-20 07:18:22 UTC</createdTime>
<ownerDesignName>NeuBDModeloLogico</ownerDesignName>
<mandatory>false</mandatory>
<reverseArc>true</reverseArc>
<table>D3939BE1-CFDF-86B8-339A-B647094E6C2A</table>
<fkeys>
<fkeyID>E16B0AFF-4C46-0429-7388-BBE9DC4ED569</fkeyID>
<fkeyID>D67FF3D0-5742-04FF-B001-B6FC2C8E8CAF</fkeyID>
<fkeyID>059037EA-7475-8635-4111-32A8E43856A4</fkeyID>
</fkeys>
</FKArc>