<?xml version = '1.0' encoding = 'UTF-8'?>
<Diagram class="oracle.dbtools.crest.swingui.relational.DPVRelational" name="Relational_1" id="A6ED31F8-719B-0A2B-2CDC-A19DC9CF4B9D">
<createdBy>JUANKA</createdBy>
<modifiedBy>JUANKA</modifiedBy>
<createdTime>2021-04-20 07:18:21 UTC</createdTime>
<autoRoute>false</autoRoute>
<boxInbox>true</boxInbox>
<showLegend>false</showLegend>
<showLabels>false</showLabels>
<showRelAttributes>false</showRelAttributes>
<gridEnabled>false</gridEnabled>
<showGrid>false</showGrid>
<diagramColor>-1</diagramColor>
<display>false</display>
<notation>1</notation>
<objectViews>
<OView class="oracle.dbtools.crest.swingui.relational.TVTable" oid="00ADB060-72DA-6F0F-5BC0-1802628F64C3" otype="Table" vid="4A338F89-41BE-07CA-39F2-FB4531AD5CD5">
<hideElementsInCurrentOnly>false</hideElementsInCurrentOnly>
<bounds x="1470" y="344" width="170" height="378"/>
</OView>
<OView class="oracle.dbtools.crest.swingui.relational.TVTable" oid="04ABA64E-58D3-B548-54E2-F36AFD17C37A" otype="Table" vid="66EF279A-845C-FC05-5ADB-6BD4A3083E0E">
<hideElementsInCurrentOnly>false</hideElementsInCurrentOnly>
<bounds x="508" y="414" width="169" height="59"/>
</OView>
<OView class="oracle.dbtools.crest.swingui.relational.TVTable" oid="0CCBD1C3-B282-1849-E5CC-9802AA2FCA93" otype="Table" vid="299273A4-8F71-A43C-0A0F-473515E94104">
<hideElementsInCurrentOnly>false</hideElementsInCurrentOnly>
<bounds x="678" y="688" width="170" height="110"/>
</OView>
<OView class="oracle.dbtools.crest.swingui.relational.TVTable" oid="11C24C70-DC24-AC03-F15E-D9B24E86F7EF" otype="Table" vid="10D552BA-2600-6A90-6D58-74906290BF6E">
<hideElementsInCurrentOnly>false</hideElementsInCurrentOnly>
<bounds x="245" y="59" width="147" height="176"/>
</OView>
<OView class="oracle.dbtools.crest.swingui.relational.TVTable" oid="20057F56-6113-3952-0DCB-26072CF44D7D" otype="Table" vid="A8ED59F5-42BC-C74F-82E5-6DCA744B6BFC">
<hideElementsInCurrentOnly>false</hideElementsInCurrentOnly>
<bounds x="484" y="487" width="170" height="110"/>
</OView>
<OView class="oracle.dbtools.crest.swingui.relational.TVTable" oid="32986EAE-5479-BD29-731C-528A918757D4" otype="Table" vid="1C5ABF46-1130-6C1D-9E7F-8107A8BA223C">
<hideElementsInCurrentOnly>false</hideElementsInCurrentOnly>
<bounds x="473" y="25" width="170" height="110"/>
</OView>
<OView class="oracle.dbtools.crest.swingui.relational.TVTable" oid="3A9BBD33-25A8-F518-AEA8-5100DA2D490E" otype="Table" vid="47D93BC4-0695-042C-18D7-62047F9A6CEB">
<hideElementsInCurrentOnly>false</hideElementsInCurrentOnly>
<bounds x="71" y="452" width="161" height="67"/>
</OView>
<OView class="oracle.dbtools.crest.swingui.relational.TVTable" oid="45D35818-C1BC-B33C-DBF5-0BBF2B3CA0E7" otype="Table" vid="D52C28C3-42AA-6C06-A212-3BF5C27C778E">
<hideElementsInCurrentOnly>false</hideElementsInCurrentOnly>
<bounds x="62" y="774" width="119" height="87"/>
</OView>
<OView class="oracle.dbtools.crest.swingui.relational.TVTable" oid="5249BDF2-73A0-329B-2027-ACED94853EE5" otype="Table" vid="16027AA9-8379-D435-50EA-DCEFDE9316D9">
<hideElementsInCurrentOnly>false</hideElementsInCurrentOnly>
<bounds x="1236" y="32" width="123" height="69"/>
</OView>
<OView class="oracle.dbtools.crest.swingui.relational.TVTable" oid="7549328A-FFDF-B97F-EE94-E7DD6649F128" otype="Table" vid="D49FC04A-847E-E96A-7B44-41E493F546AF">
<hideElementsInCurrentOnly>false</hideElementsInCurrentOnly>
<bounds x="70" y="248" width="181" height="273"/>
</OView>
<OView class="oracle.dbtools.crest.swingui.relational.TVTable" oid="83D3488D-F7F5-02EF-5C1D-4E87631240C4" otype="Table" vid="543D5BD3-482A-3B8E-44EE-0D810988F09A">
<hideElementsInCurrentOnly>false</hideElementsInCurrentOnly>
<bounds x="670" y="13" width="133" height="81"/>
</OView>
<OView class="oracle.dbtools.crest.swingui.relational.TVTable" oid="A0AE538B-F2D7-05CA-CC09-5C94FDC428C9" otype="Table" vid="D425DF6A-4FC9-69D6-C6CE-75AC7FE8E66C">
<hideElementsInCurrentOnly>false</hideElementsInCurrentOnly>
<bounds x="1448" y="104" width="196" height="206"/>
</OView>
<OView class="oracle.dbtools.crest.swingui.relational.TVTable" oid="A30785FE-FD52-B911-15F0-C0D25E60D673" otype="Table" vid="BA43CC03-CBE0-CC0F-18AE-8CBD9F845730">
<hideElementsInCurrentOnly>false</hideElementsInCurrentOnly>
<bounds x="1090" y="529" width="92" height="55"/>
</OView>
<OView class="oracle.dbtools.crest.swingui.relational.TVTable" oid="AB18964B-A66F-529F-E7B8-81E5C265B6DE" otype="Table" vid="C83DF880-B5BD-6287-F406-4400090704D1">
<hideElementsInCurrentOnly>false</hideElementsInCurrentOnly>
<bounds x="410" y="342" width="110" height="57"/>
</OView>
<OView class="oracle.dbtools.crest.swingui.relational.TVTable" oid="B86FAFD1-D636-9BFB-83B1-D6F7941BC11D" otype="Table" vid="742E0C60-ED13-C882-BFDF-AB76042C9022">
<hideElementsInCurrentOnly>false</hideElementsInCurrentOnly>
<bounds x="1251" y="713" width="168" height="151"/>
</OView>
<OView class="oracle.dbtools.crest.swingui.relational.TVTable" oid="BBBD6744-EB15-E239-16F4-E213D8F09FEB" otype="Table" vid="67DF71A5-8C68-9FC3-8509-3245CD6E9292">
<hideElementsInCurrentOnly>false</hideElementsInCurrentOnly>
<bounds x="337" y="748" width="179" height="55"/>
</OView>
<OView class="oracle.dbtools.crest.swingui.relational.TVTable" oid="D3939BE1-CFDF-86B8-339A-B647094E6C2A" otype="Table" vid="20CBA865-2EF1-6C0A-D8EA-C41521CC1844">
<hideElementsInCurrentOnly>false</hideElementsInCurrentOnly>
<bounds x="1076" y="279" width="169" height="382"/>
</OView>
<OView class="oracle.dbtools.crest.swingui.relational.TVTable" oid="D86A9B9A-5ADB-E71C-528B-EC338B65A4CE" otype="Table" vid="E7CBE94B-E291-CB0E-FB80-09401BBB3505">
<hideElementsInCurrentOnly>false</hideElementsInCurrentOnly>
<bounds x="1089" y="597" width="100" height="35"/>
</OView>
<OView class="oracle.dbtools.crest.swingui.relational.TVTable" oid="DD7EFFF7-66BA-CA19-276B-F8A87B32B802" otype="Table" vid="77A4E3D3-6026-2E02-55F7-80C60C681DC6">
<hideElementsInCurrentOnly>false</hideElementsInCurrentOnly>
<bounds x="142" y="600" width="170" height="110"/>
</OView>
<OView class="oracle.dbtools.crest.swingui.relational.TVTable" oid="DE73B70E-12DB-7242-007D-E98A50463D47" otype="Table" vid="4B7FC7A9-FDA1-8162-6A7D-A39656C8246F">
<hideElementsInCurrentOnly>false</hideElementsInCurrentOnly>
<bounds x="328" y="468" width="122" height="131"/>
</OView>
<OView class="oracle.dbtools.crest.swingui.relational.TVTable" oid="E4168971-012E-2801-76BD-6E19F035E174" otype="Table" vid="58F8585E-52EC-D8C3-4082-CAB985D30B62">
<hideElementsInCurrentOnly>false</hideElementsInCurrentOnly>
<bounds x="1086" y="465" width="116" height="57"/>
</OView>
</objectViews>
<connectors>
<Connector class="oracle.dbtools.crest.swingui.relational.TVFKRelation" oid="059037EA-7475-8635-4111-32A8E43856A4" otype="FKIndexAssociation" vid_source="20CBA865-2EF1-6C0A-D8EA-C41521CC1844" vid_target="BA43CC03-CBE0-CC0F-18AE-8CBD9F845730">
<hideElementsInCurrentOnly>false</hideElementsInCurrentOnly>
<backgroundColor>-16777216</backgroundColor>
<lineWidth>1</lineWidth>
<points>
<point x="1245" y="556"/>
<point x="1090" y="556"/>
</points>
</Connector>
<Connector class="oracle.dbtools.crest.swingui.relational.TVFKRelation" oid="0B7A448B-DE40-F336-9238-6428D3581533" otype="FKIndexAssociation" vid_source="4B7FC7A9-FDA1-8162-6A7D-A39656C8246F" vid_target="67DF71A5-8C68-9FC3-8509-3245CD6E9292">
<hideElementsInCurrentOnly>false</hideElementsInCurrentOnly>
<backgroundColor>-16777216</backgroundColor>
<lineWidth>1</lineWidth>
<points>
<point x="393" y="599"/>
<point x="393" y="748"/>
</points>
</Connector>
<Connector class="oracle.dbtools.crest.swingui.relational.TVFKRelation" oid="11E2C19E-346F-DCFC-9851-6F0D1C77EA97" otype="FKIndexAssociation" vid_source="D49FC04A-847E-E96A-7B44-41E493F546AF" vid_target="77A4E3D3-6026-2E02-55F7-80C60C681DC6">
<hideElementsInCurrentOnly>false</hideElementsInCurrentOnly>
<backgroundColor>-16777216</backgroundColor>
<lineWidth>1</lineWidth>
<points>
<point x="196" y="521"/>
<point x="196" y="600"/>
</points>
</Connector>
<Connector class="oracle.dbtools.crest.swingui.relational.TVFKRelation" oid="192C6839-2556-1C6D-C3F7-B8AF7FF4E1A8" otype="FKIndexAssociation" vid_source="C83DF880-B5BD-6287-F406-4400090704D1" vid_target="1C5ABF46-1130-6C1D-9E7F-8107A8BA223C">
<hideElementsInCurrentOnly>false</hideElementsInCurrentOnly>
<backgroundColor>-16777216</backgroundColor>
<lineWidth>1</lineWidth>
<points>
<point x="496" y="342"/>
<point x="496" y="135"/>
</points>
</Connector>
<Connector class="oracle.dbtools.crest.swingui.relational.TVFKRelation" oid="2E1E59DD-3AE3-1359-039D-F3FCBA8F6BD3" otype="FKIndexAssociation" vid_source="742E0C60-ED13-C882-BFDF-AB76042C9022" vid_target="D52C28C3-42AA-6C06-A212-3BF5C27C778E">
<hideElementsInCurrentOnly>false</hideElementsInCurrentOnly>
<backgroundColor>-16777216</backgroundColor>
<lineWidth>1</lineWidth>
<points>
<point x="1251" y="817"/>
<point x="181" y="817"/>
</points>
</Connector>
<Connector class="oracle.dbtools.crest.swingui.relational.TVFKRelation" oid="30BEBDD1-A04D-5157-E8AF-E7027B61F671" otype="FKIndexAssociation" vid_source="10D552BA-2600-6A90-6D58-74906290BF6E" vid_target="C83DF880-B5BD-6287-F406-4400090704D1">
<hideElementsInCurrentOnly>false</hideElementsInCurrentOnly>
<backgroundColor>-16777216</backgroundColor>
<lineWidth>1</lineWidth>
<points>
<point x="376" y="235"/>
<point x="446" y="342"/>
</points>
</Connector>
<Connector class="oracle.dbtools.crest.swingui.relational.TVFKRelation" oid="3485D8C6-E1D5-BD19-5D06-975A2AE5537B" otype="FKIndexAssociation" vid_source="66EF279A-845C-FC05-5ADB-6BD4A3083E0E" vid_target="1C5ABF46-1130-6C1D-9E7F-8107A8BA223C">
<hideElementsInCurrentOnly>false</hideElementsInCurrentOnly>
<backgroundColor>-16777216</backgroundColor>
<lineWidth>1</lineWidth>
<points>
<point x="575" y="414"/>
<point x="575" y="135"/>
</points>
</Connector>
<Connector class="oracle.dbtools.crest.swingui.relational.TVFKRelation" oid="47E6653B-C102-F00C-7AC7-0DDE9C42AF0D" otype="FKIndexAssociation" vid_source="16027AA9-8379-D435-50EA-DCEFDE9316D9" vid_target="742E0C60-ED13-C882-BFDF-AB76042C9022">
<hideElementsInCurrentOnly>false</hideElementsInCurrentOnly>
<backgroundColor>-16777216</backgroundColor>
<lineWidth>1</lineWidth>
<points>
<point x="1305" y="101"/>
<point x="1305" y="713"/>
</points>
</Connector>
<Connector class="oracle.dbtools.crest.swingui.relational.TVFKRelation" oid="4995B33D-0795-7392-2439-8A7E706FFAA9" otype="FKIndexAssociation" vid_source="D49FC04A-847E-E96A-7B44-41E493F546AF" vid_target="D52C28C3-42AA-6C06-A212-3BF5C27C778E">
<hideElementsInCurrentOnly>false</hideElementsInCurrentOnly>
<backgroundColor>-16777216</backgroundColor>
<lineWidth>1</lineWidth>
<points>
<point x="125" y="521"/>
<point x="125" y="774"/>
</points>
</Connector>
<Connector class="oracle.dbtools.crest.swingui.relational.TVFKRelation" oid="4B7600AC-C20D-6129-439B-90FB1AACF8A3" otype="FKIndexAssociation" vid_source="16027AA9-8379-D435-50EA-DCEFDE9316D9" vid_target="D49FC04A-847E-E96A-7B44-41E493F546AF">
<hideElementsInCurrentOnly>false</hideElementsInCurrentOnly>
<backgroundColor>-16777216</backgroundColor>
<lineWidth>1</lineWidth>
<points>
<point x="1236" y="83"/>
<point x="251" y="374"/>
</points>
</Connector>
<Connector class="oracle.dbtools.crest.swingui.relational.TVFKRelation" oid="4CDBB014-DE08-413F-E755-C8AAE45B8297" otype="FKIndexAssociation" vid_source="BA43CC03-CBE0-CC0F-18AE-8CBD9F845730" vid_target="77A4E3D3-6026-2E02-55F7-80C60C681DC6">
<hideElementsInCurrentOnly>false</hideElementsInCurrentOnly>
<backgroundColor>-16777216</backgroundColor>
<lineWidth>1</lineWidth>
<points>
<point x="1090" y="561"/>
<point x="312" y="645"/>
</points>
</Connector>
<Connector class="oracle.dbtools.crest.swingui.relational.TVFKRelation" oid="5271C574-A6AE-5E4E-C656-0214A00846C4" otype="FKIndexAssociation" vid_source="D49FC04A-847E-E96A-7B44-41E493F546AF" vid_target="67DF71A5-8C68-9FC3-8509-3245CD6E9292">
<hideElementsInCurrentOnly>false</hideElementsInCurrentOnly>
<backgroundColor>-16777216</backgroundColor>
<lineWidth>1</lineWidth>
<points>
<point x="251" y="517"/>
<point x="407" y="748"/>
</points>
</Connector>
<Connector class="oracle.dbtools.crest.swingui.relational.TVFKRelation" oid="5640751E-C3E7-EF8D-9DC0-FC2EA306A144" otype="FKIndexAssociation" vid_source="47D93BC4-0695-042C-18D7-62047F9A6CEB" vid_target="A8ED59F5-42BC-C74F-82E5-6DCA744B6BFC">
<hideElementsInCurrentOnly>false</hideElementsInCurrentOnly>
<backgroundColor>-16777216</backgroundColor>
<lineWidth>1</lineWidth>
<points>
<point x="232" y="503"/>
<point x="484" y="503"/>
</points>
</Connector>
<Connector class="oracle.dbtools.crest.swingui.relational.TVFKRelation" oid="6F74CC30-7079-EA9E-C8A1-692B8E48C694" otype="FKIndexAssociation" vid_source="742E0C60-ED13-C882-BFDF-AB76042C9022" vid_target="66EF279A-845C-FC05-5ADB-6BD4A3083E0E">
<hideElementsInCurrentOnly>false</hideElementsInCurrentOnly>
<backgroundColor>-16777216</backgroundColor>
<lineWidth>1</lineWidth>
<points>
<point x="1251" y="749"/>
<point x="655" y="473"/>
</points>
</Connector>
<Connector class="oracle.dbtools.crest.swingui.relational.TVFKRelation" oid="74664CEA-1417-13F7-AC41-169E41ECA7D2" otype="FKIndexAssociation" vid_source="16027AA9-8379-D435-50EA-DCEFDE9316D9" vid_target="10D552BA-2600-6A90-6D58-74906290BF6E">
<hideElementsInCurrentOnly>false</hideElementsInCurrentOnly>
<backgroundColor>-16777216</backgroundColor>
<lineWidth>1</lineWidth>
<points>
<point x="1236" y="95"/>
<point x="392" y="95"/>
</points>
</Connector>
<Connector class="oracle.dbtools.crest.swingui.relational.TVFKRelation" oid="83BDDAAD-EC0E-3226-FC98-82C53AAF5762" otype="FKIndexAssociation" vid_source="16027AA9-8379-D435-50EA-DCEFDE9316D9" vid_target="A8ED59F5-42BC-C74F-82E5-6DCA744B6BFC">
<hideElementsInCurrentOnly>false</hideElementsInCurrentOnly>
<backgroundColor>-16777216</backgroundColor>
<lineWidth>1</lineWidth>
<points>
<point x="1244" y="101"/>
<point x="653" y="487"/>
</points>
</Connector>
<Connector class="oracle.dbtools.crest.swingui.relational.TVFKRelation" oid="9666AC9D-7BDC-7B79-FA06-34B0DF146A0B" otype="FKIndexAssociation" vid_source="742E0C60-ED13-C882-BFDF-AB76042C9022" vid_target="67DF71A5-8C68-9FC3-8509-3245CD6E9292">
<hideElementsInCurrentOnly>false</hideElementsInCurrentOnly>
<backgroundColor>-16777216</backgroundColor>
<lineWidth>1</lineWidth>
<points>
<point x="1251" y="775"/>
<point x="516" y="775"/>
</points>
</Connector>
<Connector class="oracle.dbtools.crest.swingui.relational.TVFKRelation" oid="A2069316-9927-AD65-6C7A-EF792A81B9C8" otype="FKIndexAssociation" vid_source="742E0C60-ED13-C882-BFDF-AB76042C9022" vid_target="742E0C60-ED13-C882-BFDF-AB76042C9022">
<hideElementsInCurrentOnly>false</hideElementsInCurrentOnly>
<backgroundColor>-16777216</backgroundColor>
<lineWidth>1</lineWidth>
<points>
<point x="1419" y="801"/>
<point x="1444" y="801"/>
<point x="1444" y="889"/>
<point x="1349" y="889"/>
<point x="1349" y="864"/>
</points>
</Connector>
<Connector class="oracle.dbtools.crest.swingui.relational.TVFKRelation" oid="AAA7D698-9187-39A7-3F93-5C6FEC85022C" otype="FKIndexAssociation" vid_source="16027AA9-8379-D435-50EA-DCEFDE9316D9" vid_target="299273A4-8F71-A43C-0A0F-473515E94104">
<hideElementsInCurrentOnly>false</hideElementsInCurrentOnly>
<backgroundColor>-16777216</backgroundColor>
<lineWidth>1</lineWidth>
<points>
<point x="1270" y="101"/>
<point x="806" y="688"/>
</points>
</Connector>
<Connector class="oracle.dbtools.crest.swingui.relational.TVFKRelation" oid="AEB3815A-8CE9-9A3E-0939-425FBDE4CDC2" otype="FKIndexAssociation" vid_source="10D552BA-2600-6A90-6D58-74906290BF6E" vid_target="4B7FC7A9-FDA1-8162-6A7D-A39656C8246F">
<hideElementsInCurrentOnly>false</hideElementsInCurrentOnly>
<backgroundColor>-16777216</backgroundColor>
<lineWidth>1</lineWidth>
<points>
<point x="360" y="235"/>
<point x="360" y="468"/>
</points>
</Connector>
<Connector class="oracle.dbtools.crest.swingui.relational.TVFKRelation" oid="C4F44844-60EE-EA40-E56E-89561C6F7C86" otype="FKIndexAssociation" vid_source="D49FC04A-847E-E96A-7B44-41E493F546AF" vid_target="47D93BC4-0695-042C-18D7-62047F9A6CEB">
<hideElementsInCurrentOnly>false</hideElementsInCurrentOnly>
<backgroundColor>-16777216</backgroundColor>
<lineWidth>1</lineWidth>
<points>
<point x="251" y="485"/>
<point x="71" y="485"/>
</points>
</Connector>
<Connector class="oracle.dbtools.crest.swingui.relational.TVFKRelation" oid="D6537324-AD8E-7C52-4F69-9E6C161811A0" otype="FKIndexAssociation" vid_source="D49FC04A-847E-E96A-7B44-41E493F546AF" vid_target="66EF279A-845C-FC05-5ADB-6BD4A3083E0E">
<hideElementsInCurrentOnly>false</hideElementsInCurrentOnly>
<backgroundColor>-16777216</backgroundColor>
<lineWidth>1</lineWidth>
<points>
<point x="251" y="443"/>
<point x="508" y="443"/>
</points>
</Connector>
<Connector class="oracle.dbtools.crest.swingui.relational.TVFKRelation" oid="D67FF3D0-5742-04FF-B001-B6FC2C8E8CAF" otype="FKIndexAssociation" vid_source="20CBA865-2EF1-6C0A-D8EA-C41521CC1844" vid_target="E7CBE94B-E291-CB0E-FB80-09401BBB3505">
<hideElementsInCurrentOnly>false</hideElementsInCurrentOnly>
<backgroundColor>-16777216</backgroundColor>
<lineWidth>1</lineWidth>
<points>
<point x="1245" y="614"/>
<point x="1089" y="614"/>
</points>
</Connector>
<Connector class="oracle.dbtools.crest.swingui.relational.TVFKRelation" oid="DDE368F6-EF2F-BC74-AEBE-383617C7C276" otype="FKIndexAssociation" vid_source="58F8585E-52EC-D8C3-4082-CAB985D30B62" vid_target="10D552BA-2600-6A90-6D58-74906290BF6E">
<hideElementsInCurrentOnly>false</hideElementsInCurrentOnly>
<backgroundColor>-16777216</backgroundColor>
<lineWidth>1</lineWidth>
<points>
<point x="1086" y="469"/>
<point x="392" y="177"/>
</points>
</Connector>
<Connector class="oracle.dbtools.crest.swingui.relational.TVFKRelation" oid="E16B0AFF-4C46-0429-7388-BBE9DC4ED569" otype="FKIndexAssociation" vid_source="20CBA865-2EF1-6C0A-D8EA-C41521CC1844" vid_target="58F8585E-52EC-D8C3-4082-CAB985D30B62">
<hideElementsInCurrentOnly>false</hideElementsInCurrentOnly>
<backgroundColor>-16777216</backgroundColor>
<lineWidth>1</lineWidth>
<points>
<point x="1245" y="493"/>
<point x="1086" y="493"/>
</points>
</Connector>
<Connector class="oracle.dbtools.crest.swingui.relational.TVFKRelation" oid="F1B5475B-B371-6933-AE95-6BC55452A679" otype="FKIndexAssociation" vid_source="543D5BD3-482A-3B8E-44EE-0D810988F09A" vid_target="299273A4-8F71-A43C-0A0F-473515E94104">
<hideElementsInCurrentOnly>false</hideElementsInCurrentOnly>
<backgroundColor>-16777216</backgroundColor>
<lineWidth>1</lineWidth>
<points>
<point x="740" y="94"/>
<point x="740" y="688"/>
</points>
</Connector>
</connectors>
<arcs>
<Arc class="oracle.dbtools.crest.swingui.relational.TVFKArc" oid="045B63F1-F30E-6FF2-D445-CF1EF050FC8A" otype="FKArc" vid="2FD6839C-E5BA-DDF3-E37A-127182889B61">
<hideElementsInCurrentOnly>false</hideElementsInCurrentOnly>
<bounds x="1056" y="259" width="209" height="422"/>
</Arc>
</arcs>
</Diagram>