<?xml version = '1.0' encoding = 'UTF-8'?>
<FKIndexAssociation class="oracle.dbtools.crest.model.design.relational.FKIndexAssociation" directorySegmentName="seg_0" id="059037EA-7475-8635-4111-32A8E43856A4" containerWithKeyObject="A30785FE-FD52-B911-15F0-C0D25E60D673" localFKIndex="6C150AB5-9619-69B0-FFF8-2DE96305BC32" name="PROFESOR_USUARIO_FK">
<createdBy>JUANKA</createdBy>
<createdTime>2021-04-20 07:18:22 UTC</createdTime>
<generatorID>DDF0CBEE-5A3B-E2C4-F693-ECBC877B0E99</generatorID>
<ownerDesignName>NeuBDModeloLogico</ownerDesignName>
<referredTableLongName>USUARIO</referredTableLongName>
<arc>045B63F1-F30E-6FF2-D445-CF1EF050FC8A</arc>
<deleteRule>NO ACTION</deleteRule>
<referredTableID>D3939BE1-CFDF-86B8-339A-B647094E6C2A</referredTableID>
<keyObject>F34C00A6-946A-4A19-77E9-FF6B379EE495</keyObject>
<referredKeyID>F34C00A6-946A-4A19-77E9-FF6B379EE495</referredKeyID>
<mandatory>true</mandatory>
<refColNames>ID</refColNames>
<transferable>true</transferable>
<rely>false</rely>
<columnDependencyConstraintGenerateInDDL>true</columnDependencyConstraintGenerateInDDL>
</FKIndexAssociation>