<?xml version = '1.0' encoding = 'UTF-8'?>
<FKIndexAssociation class="oracle.dbtools.crest.model.design.relational.FKIndexAssociation" directorySegmentName="seg_0" id="0B7A448B-DE40-F336-9238-6428D3581533" containerWithKeyObject="BBBD6744-EB15-E239-16F4-E213D8F09FEB" localFKIndex="4C4E07FB-F125-3F32-2B0D-ACE907CEDC45" name="ASIG_MATRI_MATRÍCULA_FK">
<createdBy>JUANKA</createdBy>
<createdTime>2021-04-20 07:18:22 UTC</createdTime>
<generatorID>25CD4DD3-201B-299E-0A70-BCDCBF0A5222</generatorID>
<ownerDesignName>NeuBDModeloLogico</ownerDesignName>
<referredTableLongName>MATRÍCULA</referredTableLongName>
<deleteRule>NO ACTION</deleteRule>
<referredTableID>DE73B70E-12DB-7242-007D-E98A50463D47</referredTableID>
<keyObject>5698A28F-D187-2CD9-2586-FEC610007CAE</keyObject>
<referredKeyID>5698A28F-D187-2CD9-2586-FEC610007CAE</referredKeyID>
<mandatory>true</mandatory>
<refColNames>EXPEDIENTES_Num_Expediente,Curso_académico</refColNames>
<transferable>true</transferable>
<rely>false</rely>
<columnDependencyConstraintGenerateInDDL>true</columnDependencyConstraintGenerateInDDL>
</FKIndexAssociation>