<?xml version = '1.0' encoding = 'UTF-8'?>
<FKIndexAssociation class="oracle.dbtools.crest.model.design.relational.FKIndexAssociation" directorySegmentName="seg_0" id="11E2C19E-346F-DCFC-9851-6F0D1C77EA97" containerWithKeyObject="DD7EFFF7-66BA-CA19-276B-F8A87B32B802" localFKIndex="13C5C209-CE7C-0D8E-4D47-6D774B6AD131" name="Relation_18_ASIGNATURA_FK">
<createdBy>JUANKA</createdBy>
<createdTime>2021-04-20 07:18:22 UTC</createdTime>
<generatorID>1D898DF3-A815-40FB-8C3D-B98969B60121</generatorID>
<ownerDesignName>NeuBDModeloLogico</ownerDesignName>
<referredTableLongName>ASIGNATURA</referredTableLongName>
<deleteRule>NO ACTION</deleteRule>
<referredTableID>7549328A-FFDF-B97F-EE94-E7DD6649F128</referredTableID>
<keyObject>A59657F3-58FD-0B42-1D4A-C7D22CD60529</keyObject>
<referredKeyID>A59657F3-58FD-0B42-1D4A-C7D22CD60529</referredKeyID>
<mandatory>true</mandatory>
<refColNames>Referencia</refColNames>
<transferable>true</transferable>
<rely>false</rely>
<columnDependencyConstraintGenerateInDDL>true</columnDependencyConstraintGenerateInDDL>
</FKIndexAssociation>