<?xml version = '1.0' encoding = 'UTF-8'?>
<FKIndexAssociation class="oracle.dbtools.crest.model.design.relational.FKIndexAssociation" directorySegmentName="seg_0" id="192C6839-2556-1C6D-C3F7-B8AF7FF4E1A8" containerWithKeyObject="32986EAE-5479-BD29-731C-528A918757D4" localFKIndex="4358FE11-06CC-4DF0-6C73-0EB3BF59B098" name="Relation_31_ENCUESTA_FK">
<createdBy>JUANKA</createdBy>
<createdTime>2021-04-20 07:18:22 UTC</createdTime>
<generatorID>B9F66AAB-3583-E06D-E32F-9B909843B1A5</generatorID>
<ownerDesignName>NeuBDModeloLogico</ownerDesignName>
<referredTableLongName>ENCUESTA</referredTableLongName>
<deleteRule>NO ACTION</deleteRule>
<referredTableID>AB18964B-A66F-529F-E7B8-81E5C265B6DE</referredTableID>
<keyObject>E86AF0D0-3AD8-5768-294F-464ED2364D0E</keyObject>
<referredKeyID>E86AF0D0-3AD8-5768-294F-464ED2364D0E</referredKeyID>
<mandatory>true</mandatory>
<refColNames>Fecha_de_envío</refColNames>
<transferable>true</transferable>
<rely>false</rely>
<columnDependencyConstraintGenerateInDDL>true</columnDependencyConstraintGenerateInDDL>
</FKIndexAssociation>