<?xml version = '1.0' encoding = 'UTF-8'?>
<FKIndexAssociation class="oracle.dbtools.crest.model.design.relational.FKIndexAssociation" directorySegmentName="seg_0" id="2E1E59DD-3AE3-1359-039D-F3FCBA8F6BD3" containerWithKeyObject="45D35818-C1BC-B33C-DBF5-0BBF2B3CA0E7" localFKIndex="41B68162-B3ED-6D39-47AB-7A8343D4CD61" name="CLASE_GRUPO_FK">
<createdBy>JUANKA</createdBy>
<createdTime>2021-04-20 07:18:22 UTC</createdTime>
<generatorID>AF305140-49E4-2DC4-832B-AFC15199C0A7</generatorID>
<ownerDesignName>NeuBDModeloLogico</ownerDesignName>
<referredTableLongName>GRUPO</referredTableLongName>
<deleteRule>NO ACTION</deleteRule>
<referredTableID>B86FAFD1-D636-9BFB-83B1-D6F7941BC11D</referredTableID>
<keyObject>0D0E2264-6ABF-9B9E-0DDA-AB10B8C75A80</keyObject>
<referredKeyID>0D0E2264-6ABF-9B9E-0DDA-AB10B8C75A80</referredKeyID>
<mandatory>true</mandatory>
<refColNames>ID</refColNames>
<transferable>true</transferable>
<rely>false</rely>
<columnDependencyConstraintGenerateInDDL>true</columnDependencyConstraintGenerateInDDL>
</FKIndexAssociation>