<?xml version = '1.0' encoding = 'UTF-8'?>
<FKIndexAssociation class="oracle.dbtools.crest.model.design.relational.FKIndexAssociation" directorySegmentName="seg_0" id="30BEBDD1-A04D-5157-E8AF-E7027B61F671" containerWithKeyObject="AB18964B-A66F-529F-E7B8-81E5C265B6DE" localFKIndex="EA280BD5-2590-7CA7-335E-698C9AFE2D58" name="ENCUESTA_EXPEDIENTES_FK">
<createdBy>JUANKA</createdBy>
<createdTime>2021-04-20 07:18:22 UTC</createdTime>
<generatorID>FD1C2F18-2DE3-DD92-5550-490A90DCBB69</generatorID>
<ownerDesignName>NeuBDModeloLogico</ownerDesignName>
<referredTableLongName>EXPEDIENTES</referredTableLongName>
<deleteRule>NO ACTION</deleteRule>
<referredTableID>11C24C70-DC24-AC03-F15E-D9B24E86F7EF</referredTableID>
<keyObject>ECAFE264-E698-EAF7-A4A8-903A753E4088</keyObject>
<referredKeyID>ECAFE264-E698-EAF7-A4A8-903A753E4088</referredKeyID>
<mandatory>true</mandatory>
<refColNames>Num_Expediente</refColNames>
<transferable>true</transferable>
<rely>false</rely>
<columnDependencyConstraintGenerateInDDL>true</columnDependencyConstraintGenerateInDDL>
</FKIndexAssociation>