<?xml version = '1.0' encoding = 'UTF-8'?>
<FKIndexAssociation class="oracle.dbtools.crest.model.design.relational.FKIndexAssociation" directorySegmentName="seg_0" id="3485D8C6-E1D5-BD19-5D06-975A2AE5537B" containerWithKeyObject="32986EAE-5479-BD29-731C-528A918757D4" localFKIndex="76E0956C-7B0C-F9DA-E9FE-304E24AA78C5" name="Relation_31_GRUPO_POR_ASIG_FK">
<createdBy>JUANKA</createdBy>
<createdTime>2021-04-20 07:18:22 UTC</createdTime>
<generatorID>B9F66AAB-3583-E06D-E32F-9B909843B1A5</generatorID>
<ownerDesignName>NeuBDModeloLogico</ownerDesignName>
<referredTableLongName>GRUPO_POR_ASIG</referredTableLongName>
<deleteRule>NO ACTION</deleteRule>
<referredTableID>04ABA64E-58D3-B548-54E2-F36AFD17C37A</referredTableID>
<keyObject>3260EF60-5F58-BA5F-5AD2-CC8CFEC977A5</keyObject>
<referredKeyID>3260EF60-5F58-BA5F-5AD2-CC8CFEC977A5</referredKeyID>
<mandatory>true</mandatory>
<refColNames>ASIGNATURA_Referencia,GRUPO_ID,Curso_Academico</refColNames>
<transferable>true</transferable>
<rely>false</rely>
<columnDependencyConstraintGenerateInDDL>true</columnDependencyConstraintGenerateInDDL>
</FKIndexAssociation>