<?xml version = '1.0' encoding = 'UTF-8'?>
<FKIndexAssociation class="oracle.dbtools.crest.model.design.relational.FKIndexAssociation" directorySegmentName="seg_0" id="47E6653B-C102-F00C-7AC7-0DDE9C42AF0D" containerWithKeyObject="B86FAFD1-D636-9BFB-83B1-D6F7941BC11D" localFKIndex="DD77D346-DECC-2E9C-11C2-9054E06E0AC3" name="GRUPO_TITULACIÓN_FK">
<createdBy>JUANKA</createdBy>
<createdTime>2021-04-20 07:18:22 UTC</createdTime>
<generatorID>3F683AD6-D831-6A39-F318-6EBF15BBE630</generatorID>
<ownerDesignName>NeuBDModeloLogico</ownerDesignName>
<referredTableLongName>TITULACIÓN</referredTableLongName>
<deleteRule>NO ACTION</deleteRule>
<referredTableID>5249BDF2-73A0-329B-2027-ACED94853EE5</referredTableID>
<keyObject>B0AA0E8C-6FC2-E738-6F47-48CB8173FE37</keyObject>
<referredKeyID>B0AA0E8C-6FC2-E738-6F47-48CB8173FE37</referredKeyID>
<mandatory>true</mandatory>
<refColNames>Código</refColNames>
<transferable>true</transferable>
<rely>false</rely>
<columnDependencyConstraintGenerateInDDL>true</columnDependencyConstraintGenerateInDDL>
</FKIndexAssociation>