<?xml version = '1.0' encoding = 'UTF-8'?>
<FKIndexAssociation class="oracle.dbtools.crest.model.design.relational.FKIndexAssociation" directorySegmentName="seg_0" id="4995B33D-0795-7392-2439-8A7E706FFAA9" containerWithKeyObject="45D35818-C1BC-B33C-DBF5-0BBF2B3CA0E7" localFKIndex="A8424149-4326-D6E7-1072-83D66AC2F13F" name="CLASE_ASIGNATURA_FK">
<createdBy>JUANKA</createdBy>
<createdTime>2021-04-20 07:18:22 UTC</createdTime>
<generatorID>4933A276-18ED-77F6-9595-BFA274A780ED</generatorID>
<ownerDesignName>NeuBDModeloLogico</ownerDesignName>
<referredTableLongName>ASIGNATURA</referredTableLongName>
<deleteRule>NO ACTION</deleteRule>
<referredTableID>7549328A-FFDF-B97F-EE94-E7DD6649F128</referredTableID>
<keyObject>A59657F3-58FD-0B42-1D4A-C7D22CD60529</keyObject>
<referredKeyID>A59657F3-58FD-0B42-1D4A-C7D22CD60529</referredKeyID>
<mandatory>true</mandatory>
<refColNames>Referencia</refColNames>
<transferable>true</transferable>
<rely>false</rely>
<columnDependencyConstraintGenerateInDDL>true</columnDependencyConstraintGenerateInDDL>
</FKIndexAssociation>