<?xml version = '1.0' encoding = 'UTF-8'?>
<FKIndexAssociation class="oracle.dbtools.crest.model.design.relational.FKIndexAssociation" directorySegmentName="seg_0" id="4B7600AC-C20D-6129-439B-90FB1AACF8A3" containerWithKeyObject="7549328A-FFDF-B97F-EE94-E7DD6649F128" localFKIndex="F8AE8949-D82D-AF74-9076-3D28BCCE0198" name="ASIGNATURA_TITULACIÓN_FK">
<createdBy>JUANKA</createdBy>
<createdTime>2021-04-20 07:18:22 UTC</createdTime>
<generatorID>858553DE-458D-BF2A-2305-C72E1F23F3A6</generatorID>
<ownerDesignName>NeuBDModeloLogico</ownerDesignName>
<referredTableLongName>TITULACIÓN</referredTableLongName>
<deleteRule>NO ACTION</deleteRule>
<referredTableID>5249BDF2-73A0-329B-2027-ACED94853EE5</referredTableID>
<keyObject>B0AA0E8C-6FC2-E738-6F47-48CB8173FE37</keyObject>
<referredKeyID>B0AA0E8C-6FC2-E738-6F47-48CB8173FE37</referredKeyID>
<mandatory>true</mandatory>
<refColNames>Código</refColNames>
<transferable>true</transferable>
<rely>false</rely>
<columnDependencyConstraintGenerateInDDL>true</columnDependencyConstraintGenerateInDDL>
</FKIndexAssociation>