<?xml version = '1.0' encoding = 'UTF-8'?>
<FKIndexAssociation class="oracle.dbtools.crest.model.design.relational.FKIndexAssociation" directorySegmentName="seg_0" id="4CDBB014-DE08-413F-E755-C8AAE45B8297" containerWithKeyObject="DD7EFFF7-66BA-CA19-276B-F8A87B32B802" localFKIndex="605FA291-DE5B-F8E7-9349-6B9B1AE56CFE" name="Relation_18_PROFESOR_FK">
<createdBy>JUANKA</createdBy>
<createdTime>2021-04-20 07:18:22 UTC</createdTime>
<generatorID>1D898DF3-A815-40FB-8C3D-B98969B60121</generatorID>
<ownerDesignName>NeuBDModeloLogico</ownerDesignName>
<referredTableLongName>PROFESOR</referredTableLongName>
<deleteRule>NO ACTION</deleteRule>
<referredTableID>A30785FE-FD52-B911-15F0-C0D25E60D673</referredTableID>
<keyObject>15C4B018-C77A-C370-8267-D29B36ACC91F</keyObject>
<referredKeyID>15C4B018-C77A-C370-8267-D29B36ACC91F</referredKeyID>
<mandatory>true</mandatory>
<refColNames>ID</refColNames>
<transferable>true</transferable>
<rely>false</rely>
<columnDependencyConstraintGenerateInDDL>true</columnDependencyConstraintGenerateInDDL>
</FKIndexAssociation>