<?xml version = '1.0' encoding = 'UTF-8'?>
<FKIndexAssociation class="oracle.dbtools.crest.model.design.relational.FKIndexAssociation" directorySegmentName="seg_0" id="5271C574-A6AE-5E4E-C656-0214A00846C4" containerWithKeyObject="BBBD6744-EB15-E239-16F4-E213D8F09FEB" localFKIndex="D473A1D5-FC64-C90B-A9F1-DA40FB1E63F5" name="ASIG_MATRI_ASIGNATURA_FK">
<createdBy>JUANKA</createdBy>
<createdTime>2021-04-20 07:18:22 UTC</createdTime>
<generatorID>18B44746-3A96-B4C9-C27C-987FA70974F8</generatorID>
<ownerDesignName>NeuBDModeloLogico</ownerDesignName>
<referredTableLongName>ASIGNATURA</referredTableLongName>
<deleteRule>NO ACTION</deleteRule>
<referredTableID>7549328A-FFDF-B97F-EE94-E7DD6649F128</referredTableID>
<keyObject>A59657F3-58FD-0B42-1D4A-C7D22CD60529</keyObject>
<referredKeyID>A59657F3-58FD-0B42-1D4A-C7D22CD60529</referredKeyID>
<mandatory>true</mandatory>
<refColNames>Referencia</refColNames>
<transferable>true</transferable>
<rely>false</rely>
<columnDependencyConstraintGenerateInDDL>true</columnDependencyConstraintGenerateInDDL>
</FKIndexAssociation>