<?xml version = '1.0' encoding = 'UTF-8'?>
<FKIndexAssociation class="oracle.dbtools.crest.model.design.relational.FKIndexAssociation" directorySegmentName="seg_0" id="5640751E-C3E7-EF8D-9DC0-FC2EA306A144" containerWithKeyObject="20057F56-6113-3952-0DCB-26072CF44D7D" localFKIndex="6C9F84B0-546A-7FF4-AE89-2CF84104D0FA" name="Relation_20_OPTATIVA_FK">
<createdBy>JUANKA</createdBy>
<createdTime>2021-04-20 07:18:22 UTC</createdTime>
<generatorID>2CA42F78-EE47-57A7-74C4-F8AB72029389</generatorID>
<ownerDesignName>NeuBDModeloLogico</ownerDesignName>
<referredTableLongName>OPTATIVA</referredTableLongName>
<deleteRule>NO ACTION</deleteRule>
<referredTableID>3A9BBD33-25A8-F518-AEA8-5100DA2D490E</referredTableID>
<keyObject>F87CAC25-01E2-B0F7-B4DF-9F78083CDF10</keyObject>
<referredKeyID>F87CAC25-01E2-B0F7-B4DF-9F78083CDF10</referredKeyID>
<mandatory>true</mandatory>
<refColNames>Referencia</refColNames>
<transferable>true</transferable>
<rely>false</rely>
<columnDependencyConstraintGenerateInDDL>true</columnDependencyConstraintGenerateInDDL>
</FKIndexAssociation>