<?xml version = '1.0' encoding = 'UTF-8'?>
<FKIndexAssociation class="oracle.dbtools.crest.model.design.relational.FKIndexAssociation" directorySegmentName="seg_0" id="6F74CC30-7079-EA9E-C8A1-692B8E48C694" containerWithKeyObject="04ABA64E-58D3-B548-54E2-F36AFD17C37A" localFKIndex="2E65B183-4242-6E69-676C-AE54B75E9027" name="GRUPO_POR_ASIG_GRUPO_FK">
<createdBy>JUANKA</createdBy>
<createdTime>2021-04-20 07:18:22 UTC</createdTime>
<generatorID>FF57B311-72DC-6C9A-8E95-7E3DC2674DDA</generatorID>
<ownerDesignName>NeuBDModeloLogico</ownerDesignName>
<referredTableLongName>GRUPO</referredTableLongName>
<deleteRule>NO ACTION</deleteRule>
<referredTableID>B86FAFD1-D636-9BFB-83B1-D6F7941BC11D</referredTableID>
<keyObject>0D0E2264-6ABF-9B9E-0DDA-AB10B8C75A80</keyObject>
<referredKeyID>0D0E2264-6ABF-9B9E-0DDA-AB10B8C75A80</referredKeyID>
<mandatory>true</mandatory>
<refColNames>ID</refColNames>
<transferable>true</transferable>
<rely>false</rely>
<columnDependencyConstraintGenerateInDDL>true</columnDependencyConstraintGenerateInDDL>
</FKIndexAssociation>