<?xml version = '1.0' encoding = 'UTF-8'?>
<FKIndexAssociation class="oracle.dbtools.crest.model.design.relational.FKIndexAssociation" directorySegmentName="seg_0" id="74664CEA-1417-13F7-AC41-169E41ECA7D2" containerWithKeyObject="11C24C70-DC24-AC03-F15E-D9B24E86F7EF" localFKIndex="7051EE77-6466-61AC-4722-32ED535EFFC0" name="EXPEDIENTES_TITULACIÓN_FK">
<createdBy>JUANKA</createdBy>
<createdTime>2021-04-20 07:18:22 UTC</createdTime>
<generatorID>082D703F-A589-CCD8-D8B1-8F5FAA476D19</generatorID>
<ownerDesignName>NeuBDModeloLogico</ownerDesignName>
<referredTableLongName>TITULACIÓN</referredTableLongName>
<deleteRule>NO ACTION</deleteRule>
<referredTableID>5249BDF2-73A0-329B-2027-ACED94853EE5</referredTableID>
<keyObject>B0AA0E8C-6FC2-E738-6F47-48CB8173FE37</keyObject>
<referredKeyID>B0AA0E8C-6FC2-E738-6F47-48CB8173FE37</referredKeyID>
<mandatory>true</mandatory>
<refColNames>Código</refColNames>
<transferable>true</transferable>
<rely>false</rely>
<columnDependencyConstraintGenerateInDDL>true</columnDependencyConstraintGenerateInDDL>
</FKIndexAssociation>