<?xml version = '1.0' encoding = 'UTF-8'?>
<FKIndexAssociation class="oracle.dbtools.crest.model.design.relational.FKIndexAssociation" directorySegmentName="seg_0" id="83BDDAAD-EC0E-3226-FC98-82C53AAF5762" containerWithKeyObject="20057F56-6113-3952-0DCB-26072CF44D7D" localFKIndex="A14818B3-A89E-23B7-1A61-85E3E65943B4" name="Relation_20_TITULACIÓN_FK">
<createdBy>JUANKA</createdBy>
<createdTime>2021-04-20 07:18:22 UTC</createdTime>
<generatorID>2CA42F78-EE47-57A7-74C4-F8AB72029389</generatorID>
<ownerDesignName>NeuBDModeloLogico</ownerDesignName>
<referredTableLongName>TITULACIÓN</referredTableLongName>
<deleteRule>NO ACTION</deleteRule>
<referredTableID>5249BDF2-73A0-329B-2027-ACED94853EE5</referredTableID>
<keyObject>B0AA0E8C-6FC2-E738-6F47-48CB8173FE37</keyObject>
<referredKeyID>B0AA0E8C-6FC2-E738-6F47-48CB8173FE37</referredKeyID>
<mandatory>true</mandatory>
<refColNames>Código</refColNames>
<transferable>true</transferable>
<rely>false</rely>
<columnDependencyConstraintGenerateInDDL>true</columnDependencyConstraintGenerateInDDL>
</FKIndexAssociation>