<?xml version = '1.0' encoding = 'UTF-8'?>
<FKIndexAssociation class="oracle.dbtools.crest.model.design.relational.FKIndexAssociation" directorySegmentName="seg_0" id="9666AC9D-7BDC-7B79-FA06-34B0DF146A0B" containerWithKeyObject="BBBD6744-EB15-E239-16F4-E213D8F09FEB" localFKIndex="2A14F333-1CA9-FD7D-AEB8-0FFE17C76826" name="ASIG_MATRI_GRUPO_FK">
<createdBy>JUANKA</createdBy>
<createdTime>2021-04-20 07:18:22 UTC</createdTime>
<generatorID>4E4188CC-DDDE-D370-0D59-29AF58DBB8C4</generatorID>
<ownerDesignName>NeuBDModeloLogico</ownerDesignName>
<referredTableLongName>GRUPO</referredTableLongName>
<deleteRule>NO ACTION</deleteRule>
<referredTableID>B86FAFD1-D636-9BFB-83B1-D6F7941BC11D</referredTableID>
<keyObject>0D0E2264-6ABF-9B9E-0DDA-AB10B8C75A80</keyObject>
<referredKeyID>0D0E2264-6ABF-9B9E-0DDA-AB10B8C75A80</referredKeyID>
<mandatory>false</mandatory>
<refColNames>ID</refColNames>
<transferable>true</transferable>
<rely>false</rely>
<columnDependencyConstraintGenerateInDDL>true</columnDependencyConstraintGenerateInDDL>
</FKIndexAssociation>