<?xml version = '1.0' encoding = 'UTF-8'?>
<FKIndexAssociation class="oracle.dbtools.crest.model.design.relational.FKIndexAssociation" directorySegmentName="seg_0" id="A2069316-9927-AD65-6C7A-EF792A81B9C8" containerWithKeyObject="B86FAFD1-D636-9BFB-83B1-D6F7941BC11D" localFKIndex="BB624769-1436-A0AE-C9F2-EBB60774C733" name="GRUPO_GRUPO_FK">
<createdBy>JUANKA</createdBy>
<createdTime>2021-04-20 07:18:22 UTC</createdTime>
<generatorID>9B318926-C6A7-1E42-927E-9D95EF52CDE3</generatorID>
<ownerDesignName>NeuBDModeloLogico</ownerDesignName>
<referredTableLongName>GRUPO</referredTableLongName>
<deleteRule>NO ACTION</deleteRule>
<referredTableID>B86FAFD1-D636-9BFB-83B1-D6F7941BC11D</referredTableID>
<keyObject>0D0E2264-6ABF-9B9E-0DDA-AB10B8C75A80</keyObject>
<referredKeyID>0D0E2264-6ABF-9B9E-0DDA-AB10B8C75A80</referredKeyID>
<mandatory>false</mandatory>
<refColNames>ID</refColNames>
<transferable>true</transferable>
<rely>false</rely>
<columnDependencyConstraintGenerateInDDL>true</columnDependencyConstraintGenerateInDDL>
</FKIndexAssociation>