<?xml version = '1.0' encoding = 'UTF-8'?>
<FKIndexAssociation class="oracle.dbtools.crest.model.design.relational.FKIndexAssociation" directorySegmentName="seg_0" id="AAA7D698-9187-39A7-3F93-5C6FEC85022C" containerWithKeyObject="0CCBD1C3-B282-1849-E5CC-9802AA2FCA93" localFKIndex="790BB31F-B598-5BF0-2355-01DB29E5EDAC" name="Relation_27_TITULACIÓN_FK">
<createdBy>JUANKA</createdBy>
<createdTime>2021-04-20 07:18:22 UTC</createdTime>
<generatorID>1818261B-22B2-C2E3-0815-68AD9AE5AC9F</generatorID>
<ownerDesignName>NeuBDModeloLogico</ownerDesignName>
<referredTableLongName>TITULACIÓN</referredTableLongName>
<deleteRule>NO ACTION</deleteRule>
<referredTableID>5249BDF2-73A0-329B-2027-ACED94853EE5</referredTableID>
<keyObject>B0AA0E8C-6FC2-E738-6F47-48CB8173FE37</keyObject>
<referredKeyID>B0AA0E8C-6FC2-E738-6F47-48CB8173FE37</referredKeyID>
<mandatory>true</mandatory>
<refColNames>Código</refColNames>
<transferable>true</transferable>
<rely>false</rely>
<columnDependencyConstraintGenerateInDDL>true</columnDependencyConstraintGenerateInDDL>
</FKIndexAssociation>