<?xml version = '1.0' encoding = 'UTF-8'?>
<FKIndexAssociation class="oracle.dbtools.crest.model.design.relational.FKIndexAssociation" directorySegmentName="seg_0" id="AEB3815A-8CE9-9A3E-0939-425FBDE4CDC2" containerWithKeyObject="DE73B70E-12DB-7242-007D-E98A50463D47" localFKIndex="66961DA5-8EC7-C9BC-5315-8458D754F1C1" name="MATRÍCULA_EXPEDIENTES_FK">
<createdBy>JUANKA</createdBy>
<createdTime>2021-04-20 07:18:22 UTC</createdTime>
<generatorID>463FE457-70B7-EA16-1218-25A225CCF950</generatorID>
<ownerDesignName>NeuBDModeloLogico</ownerDesignName>
<referredTableLongName>EXPEDIENTES</referredTableLongName>
<deleteRule>NO ACTION</deleteRule>
<referredTableID>11C24C70-DC24-AC03-F15E-D9B24E86F7EF</referredTableID>
<keyObject>ECAFE264-E698-EAF7-A4A8-903A753E4088</keyObject>
<referredKeyID>ECAFE264-E698-EAF7-A4A8-903A753E4088</referredKeyID>
<mandatory>true</mandatory>
<refColNames>Num_Expediente</refColNames>
<transferable>true</transferable>
<rely>false</rely>
<columnDependencyConstraintGenerateInDDL>true</columnDependencyConstraintGenerateInDDL>
</FKIndexAssociation>