<?xml version = '1.0' encoding = 'UTF-8'?>
<FKIndexAssociation class="oracle.dbtools.crest.model.design.relational.FKIndexAssociation" directorySegmentName="seg_0" id="C4F44844-60EE-EA40-E56E-89561C6F7C86" containerWithKeyObject="3A9BBD33-25A8-F518-AEA8-5100DA2D490E" localFKIndex="B0DFDEAB-D674-1AB2-89EC-6AA14E3AA5E6" name="OPTATIVA_ASIGNATURA_FK">
<createdBy>JUANKA</createdBy>
<createdTime>2021-04-20 07:18:21 UTC</createdTime>
<generatorID>BBAFF07E-4119-CD98-8F08-DFB27366869C</generatorID>
<ownerDesignName>NeuBDModeloLogico</ownerDesignName>
<referredTableLongName>ASIGNATURA</referredTableLongName>
<deleteRule>NO ACTION</deleteRule>
<referredTableID>7549328A-FFDF-B97F-EE94-E7DD6649F128</referredTableID>
<keyObject>A59657F3-58FD-0B42-1D4A-C7D22CD60529</keyObject>
<referredKeyID>A59657F3-58FD-0B42-1D4A-C7D22CD60529</referredKeyID>
<mandatory>true</mandatory>
<refColNames>Referencia</refColNames>
<transferable>true</transferable>
<rely>false</rely>
<columnDependencyConstraintGenerateInDDL>true</columnDependencyConstraintGenerateInDDL>
</FKIndexAssociation>