<?xml version = '1.0' encoding = 'UTF-8'?>
<FKIndexAssociation class="oracle.dbtools.crest.model.design.relational.FKIndexAssociation" directorySegmentName="seg_0" id="D6537324-AD8E-7C52-4F69-9E6C161811A0" containerWithKeyObject="04ABA64E-58D3-B548-54E2-F36AFD17C37A" localFKIndex="C0711998-17E6-70E7-EB03-AF612FE5467B" name="GRUPO_POR_ASIG_ASIGNATURA_FK">
<createdBy>JUANKA</createdBy>
<createdTime>2021-04-20 07:18:22 UTC</createdTime>
<generatorID>D4FB54E7-2F61-01C2-A329-CAB8A958688E</generatorID>
<ownerDesignName>NeuBDModeloLogico</ownerDesignName>
<referredTableLongName>ASIGNATURA</referredTableLongName>
<deleteRule>NO ACTION</deleteRule>
<referredTableID>7549328A-FFDF-B97F-EE94-E7DD6649F128</referredTableID>
<keyObject>A59657F3-58FD-0B42-1D4A-C7D22CD60529</keyObject>
<referredKeyID>A59657F3-58FD-0B42-1D4A-C7D22CD60529</referredKeyID>
<mandatory>true</mandatory>
<refColNames>Referencia</refColNames>
<transferable>true</transferable>
<rely>false</rely>
<columnDependencyConstraintGenerateInDDL>true</columnDependencyConstraintGenerateInDDL>
</FKIndexAssociation>