<?xml version = '1.0' encoding = 'UTF-8'?>
<FKIndexAssociation class="oracle.dbtools.crest.model.design.relational.FKIndexAssociation" directorySegmentName="seg_0" id="D67FF3D0-5742-04FF-B001-B6FC2C8E8CAF" containerWithKeyObject="D86A9B9A-5ADB-E71C-528B-EC338B65A4CE" localFKIndex="507B8B6E-F5E5-BB5B-3A67-CFD1BE9F3305" name="SECRETARIO_USUARIO_FK">
<createdBy>JUANKA</createdBy>
<createdTime>2021-04-20 07:18:21 UTC</createdTime>
<generatorID>32F9A1B6-EF64-E68B-81A0-A22A4E86378A</generatorID>
<ownerDesignName>NeuBDModeloLogico</ownerDesignName>
<referredTableLongName>USUARIO</referredTableLongName>
<arc>045B63F1-F30E-6FF2-D445-CF1EF050FC8A</arc>
<deleteRule>NO ACTION</deleteRule>
<referredTableID>D3939BE1-CFDF-86B8-339A-B647094E6C2A</referredTableID>
<keyObject>F34C00A6-946A-4A19-77E9-FF6B379EE495</keyObject>
<referredKeyID>F34C00A6-946A-4A19-77E9-FF6B379EE495</referredKeyID>
<mandatory>true</mandatory>
<refColNames>ID</refColNames>
<transferable>true</transferable>
<rely>false</rely>
<columnDependencyConstraintGenerateInDDL>true</columnDependencyConstraintGenerateInDDL>
</FKIndexAssociation>