<?xml version = '1.0' encoding = 'UTF-8'?>
<FKIndexAssociation class="oracle.dbtools.crest.model.design.relational.FKIndexAssociation" directorySegmentName="seg_0" id="DDE368F6-EF2F-BC74-AEBE-383617C7C276" containerWithKeyObject="11C24C70-DC24-AC03-F15E-D9B24E86F7EF" localFKIndex="E10E885E-7DEE-71EA-2E96-AC702EE2C582" name="EXPEDIENTES_ALUMNO_FK">
<createdBy>JUANKA</createdBy>
<createdTime>2021-04-20 07:18:22 UTC</createdTime>
<generatorID>F8FC9F85-21A6-4A6C-7D59-B409FF74DB98</generatorID>
<ownerDesignName>NeuBDModeloLogico</ownerDesignName>
<referredTableLongName>ALUMNO</referredTableLongName>
<deleteRule>NO ACTION</deleteRule>
<referredTableID>E4168971-012E-2801-76BD-6E19F035E174</referredTableID>
<keyObject>2ABFBB2E-1624-9E88-8B4D-FC3C973DDA0F</keyObject>
<referredKeyID>2ABFBB2E-1624-9E88-8B4D-FC3C973DDA0F</referredKeyID>
<mandatory>true</mandatory>
<refColNames>ID</refColNames>
<transferable>true</transferable>
<rely>false</rely>
<columnDependencyConstraintGenerateInDDL>true</columnDependencyConstraintGenerateInDDL>
</FKIndexAssociation>