<?xml version = '1.0' encoding = 'UTF-8'?>
<FKIndexAssociation class="oracle.dbtools.crest.model.design.relational.FKIndexAssociation" directorySegmentName="seg_0" id="E16B0AFF-4C46-0429-7388-BBE9DC4ED569" containerWithKeyObject="E4168971-012E-2801-76BD-6E19F035E174" localFKIndex="0610BCEA-780C-9726-69C1-9BEBB850DFB7" name="ALUMNO_USUARIO_FK">
<createdBy>JUANKA</createdBy>
<createdTime>2021-04-20 07:18:21 UTC</createdTime>
<generatorID>0541801A-D74D-3DBF-167F-309AC7291827</generatorID>
<ownerDesignName>NeuBDModeloLogico</ownerDesignName>
<referredTableLongName>USUARIO</referredTableLongName>
<arc>045B63F1-F30E-6FF2-D445-CF1EF050FC8A</arc>
<deleteRule>NO ACTION</deleteRule>
<referredTableID>D3939BE1-CFDF-86B8-339A-B647094E6C2A</referredTableID>
<keyObject>F34C00A6-946A-4A19-77E9-FF6B379EE495</keyObject>
<referredKeyID>F34C00A6-946A-4A19-77E9-FF6B379EE495</referredKeyID>
<mandatory>true</mandatory>
<refColNames>ID</refColNames>
<transferable>true</transferable>
<rely>false</rely>
<columnDependencyConstraintGenerateInDDL>true</columnDependencyConstraintGenerateInDDL>
</FKIndexAssociation>