<?xml version = '1.0' encoding = 'UTF-8'?>
<FKIndexAssociation class="oracle.dbtools.crest.model.design.relational.FKIndexAssociation" directorySegmentName="seg_0" id="F1B5475B-B371-6933-AE95-6BC55452A679" containerWithKeyObject="0CCBD1C3-B282-1849-E5CC-9802AA2FCA93" localFKIndex="BEA77773-ABBA-DE87-4943-47F0575C04F4" name="Relation_27_CENTRO_FK">
<createdBy>JUANKA</createdBy>
<createdTime>2021-04-20 07:18:22 UTC</createdTime>
<generatorID>1818261B-22B2-C2E3-0815-68AD9AE5AC9F</generatorID>
<ownerDesignName>NeuBDModeloLogico</ownerDesignName>
<referredTableLongName>CENTRO</referredTableLongName>
<deleteRule>NO ACTION</deleteRule>
<referredTableID>83D3488D-F7F5-02EF-5C1D-4E87631240C4</referredTableID>
<keyObject>145ACB95-0F6E-0C6A-859F-B7223A28711D</keyObject>
<referredKeyID>145ACB95-0F6E-0C6A-859F-B7223A28711D</referredKeyID>
<mandatory>true</mandatory>
<refColNames>ID</refColNames>
<transferable>true</transferable>
<rely>false</rely>
<columnDependencyConstraintGenerateInDDL>true</columnDependencyConstraintGenerateInDDL>
</FKIndexAssociation>