<?xml version = '1.0' encoding = 'UTF-8'?>
<Diagram class="oracle.dbtools.crest.swingui.relational.DPVRelational" name="Relational_1(2)(2)" id="36DE8921-FFE0-924D-6D3F-A3235558475A">
<createdBy>JUANKA</createdBy>
<modifiedBy>JUANKA</modifiedBy>
<createdTime>2021-04-20 07:17:14 UTC</createdTime>
<autoRoute>false</autoRoute>
<boxInbox>true</boxInbox>
<showLegend>false</showLegend>
<showLabels>false</showLabels>
<showRelAttributes>false</showRelAttributes>
<gridEnabled>false</gridEnabled>
<showGrid>false</showGrid>
<diagramColor>-1</diagramColor>
<display>false</display>
<notation>1</notation>
<objectViews>
<OView class="oracle.dbtools.crest.swingui.relational.TVTable" oid="154D9BA7-AD53-0552-B767-CBC7D3E2BD2B" otype="Table" vid="A57D7377-57B4-441A-2C82-37A8A275D834">
<hideElementsInCurrentOnly>false</hideElementsInCurrentOnly>
<bounds x="114" y="1194" width="161" height="67"/>
</OView>
<OView class="oracle.dbtools.crest.swingui.relational.TVTable" oid="1B56B278-5266-48AF-FE0E-3819E38B0C9D" otype="Table" vid="E2C38F12-02D4-01AF-593D-187CCD4801F1">
<hideElementsInCurrentOnly>false</hideElementsInCurrentOnly>
<bounds x="404" y="13" width="147" height="176"/>
</OView>
<OView class="oracle.dbtools.crest.swingui.relational.TVTable" oid="2CC3B8DB-59A5-5CEB-FE12-2297736B820D" otype="Table" vid="6CB9BAB7-5752-CD2A-053B-D13B4B925DCA">
<hideElementsInCurrentOnly>false</hideElementsInCurrentOnly>
<bounds x="493" y="399" width="170" height="110"/>
</OView>
<OView class="oracle.dbtools.crest.swingui.relational.TVTable" oid="3F8455A4-A16B-3C32-3771-05DFB2A0F45B" otype="Table" vid="AA953A75-C731-5FDA-1914-C40D8927BD67">
<hideElementsInCurrentOnly>false</hideElementsInCurrentOnly>
<bounds x="2524" y="324" width="170" height="378"/>
</OView>
<OView class="oracle.dbtools.crest.swingui.relational.TVTable" oid="42F5282D-6911-3466-EB5D-09437831E8AE" otype="Table" vid="CD6584C2-F3C3-972E-0906-AFAD70E0C29A">
<hideElementsInCurrentOnly>false</hideElementsInCurrentOnly>
<bounds x="1394" y="439" width="170" height="110"/>
</OView>
<OView class="oracle.dbtools.crest.swingui.relational.TVTable" oid="503DEE83-6F10-2E77-760D-AB85C2D49194" otype="Table" vid="E6B8D334-8C82-3A73-4287-4C26DC0ECE7A">
<hideElementsInCurrentOnly>false</hideElementsInCurrentOnly>
<bounds x="1071" y="725" width="92" height="55"/>
</OView>
<OView class="oracle.dbtools.crest.swingui.relational.TVTable" oid="7D89CC65-8DB5-DB46-103F-0FCC57E78991" otype="Table" vid="BB872E71-96C7-7E0B-DDF7-9E49A62A0B57">
<hideElementsInCurrentOnly>false</hideElementsInCurrentOnly>
<bounds x="1085" y="344" width="116" height="57"/>
</OView>
<OView class="oracle.dbtools.crest.swingui.relational.TVTable" oid="851FF960-C343-B0BE-EBA2-188818D71EBC" otype="Table" vid="37C680E5-E20B-20E1-D82A-4EE4FC37333D">
<hideElementsInCurrentOnly>false</hideElementsInCurrentOnly>
<bounds x="1111" y="936" width="100" height="35"/>
</OView>
<OView class="oracle.dbtools.crest.swingui.relational.TVTable" oid="88D2482C-F731-52C9-2F0E-8560C7CA30CF" otype="Table" vid="665956ED-C0C3-24A7-8A87-ACDFBDED4F10">
<hideElementsInCurrentOnly>false</hideElementsInCurrentOnly>
<bounds x="572" y="750" width="170" height="110"/>
</OView>
<OView class="oracle.dbtools.crest.swingui.relational.TVTable" oid="8ADD3118-A690-BCBD-742B-A0089398942D" otype="Table" vid="595ADD2F-7ADD-C20F-6EA6-BA61A1A338FA">
<hideElementsInCurrentOnly>false</hideElementsInCurrentOnly>
<bounds x="244" y="1004" width="179" height="151"/>
</OView>
<OView class="oracle.dbtools.crest.swingui.relational.TVTable" oid="9696C1BB-E26A-4225-9800-0DB8F2B7DC00" otype="Table" vid="1615C094-7D0B-9DB1-8C13-F98276BAC4C5">
<hideElementsInCurrentOnly>false</hideElementsInCurrentOnly>
<bounds x="70" y="248" width="181" height="273"/>
</OView>
<OView class="oracle.dbtools.crest.swingui.relational.TVTable" oid="A47770E2-98F8-CCB7-0701-2B57BF1A5821" otype="Table" vid="6AA7B12C-87D5-61FD-B55B-32F3CDA62E09">
<hideElementsInCurrentOnly>false</hideElementsInCurrentOnly>
<bounds x="1931" y="233" width="169" height="59"/>
</OView>
<OView class="oracle.dbtools.crest.swingui.relational.TVTable" oid="AAA53ECA-8F4F-1559-C041-AAC85A146C3B" otype="Table" vid="3A8C2727-08F6-A412-1529-6288FDEC80FB">
<hideElementsInCurrentOnly>false</hideElementsInCurrentOnly>
<bounds x="730" y="322" width="110" height="57"/>
</OView>
<OView class="oracle.dbtools.crest.swingui.relational.TVTable" oid="C6B1A8C2-53CD-32A3-8AE8-0C7E3D7900BD" otype="Table" vid="11A88BB4-98AC-20E1-7BD5-6DDCE0BF36C6">
<hideElementsInCurrentOnly>false</hideElementsInCurrentOnly>
<bounds x="339" y="583" width="122" height="131"/>
</OView>
<OView class="oracle.dbtools.crest.swingui.relational.TVTable" oid="D3E0A3D3-A604-32F0-FCAB-F72DFB9596FA" otype="Table" vid="D93F514B-3DAF-6CFE-90D9-CA3398EC0881">
<hideElementsInCurrentOnly>false</hideElementsInCurrentOnly>
<bounds x="0" y="1414" width="119" height="87"/>
</OView>
<OView class="oracle.dbtools.crest.swingui.relational.TVTable" oid="D49FFB20-50B7-45E9-4891-6528DD722F2E" otype="Table" vid="F51DCA2A-9A3C-1CD7-02A6-D69C9D60871A">
<hideElementsInCurrentOnly>false</hideElementsInCurrentOnly>
<bounds x="1747" y="30" width="123" height="69"/>
</OView>
<OView class="oracle.dbtools.crest.swingui.relational.TVTable" oid="D679AD27-0765-0B6E-39B9-2E1BCAE14AE6" otype="Table" vid="17D30BE3-A3C9-7047-B767-B3B51D2F44CE">
<hideElementsInCurrentOnly>false</hideElementsInCurrentOnly>
<bounds x="551" y="925" width="133" height="81"/>
</OView>
<OView class="oracle.dbtools.crest.swingui.relational.TVTable" oid="D8EEBABD-E9DB-AD60-4645-2FCAF8D0A71B" otype="Table" vid="339F22FB-5DF1-B06A-7C31-FDD9A0A7C068">
<hideElementsInCurrentOnly>false</hideElementsInCurrentOnly>
<bounds x="2517" y="47" width="196" height="206"/>
</OView>
<OView class="oracle.dbtools.crest.swingui.relational.TVTable" oid="E9295438-B166-D591-1BB1-6AF98A2DD71D" otype="Table" vid="30ED2778-7E92-EA8C-653C-D0B60EF766A7">
<hideElementsInCurrentOnly>false</hideElementsInCurrentOnly>
<bounds x="1378" y="614" width="169" height="380"/>
</OView>
<OView class="oracle.dbtools.crest.swingui.relational.TVTable" oid="FDA33623-6493-F3E6-FBDE-D80A03137AD7" otype="Table" vid="DA960705-4869-FAFD-D131-0AE99DC6B0C6">
<hideElementsInCurrentOnly>false</hideElementsInCurrentOnly>
<bounds x="1701" y="1379" width="168" height="151"/>
</OView>
</objectViews>
<connectors>
<Connector class="oracle.dbtools.crest.swingui.relational.TVFKRelation" oid="0C80D64B-6BA9-CB02-1F71-DF89723042FD" otype="FKIndexAssociation" vid_source="30ED2778-7E92-EA8C-653C-D0B60EF766A7" vid_target="E6B8D334-8C82-3A73-4287-4C26DC0ECE7A">
<hideElementsInCurrentOnly>false</hideElementsInCurrentOnly>
<backgroundColor>-16777216</backgroundColor>
<lineWidth>1</lineWidth>
<points>
<point x="1378" y="752"/>
<point x="1163" y="752"/>
</points>
</Connector>
<Connector class="oracle.dbtools.crest.swingui.relational.TVFKRelation" oid="34C47E9D-F315-661B-C2A1-1064D4B1DE8A" otype="FKIndexAssociation" vid_source="BB872E71-96C7-7E0B-DDF7-9E49A62A0B57" vid_target="E2C38F12-02D4-01AF-593D-187CCD4801F1">
<hideElementsInCurrentOnly>false</hideElementsInCurrentOnly>
<backgroundColor>-16777216</backgroundColor>
<lineWidth>1</lineWidth>
<points>
<point x="1085" y="348"/>
<point x="551" y="130"/>
</points>
</Connector>
<Connector class="oracle.dbtools.crest.swingui.relational.TVFKRelation" oid="351FA272-015C-894E-D3F8-807F8926E792" otype="FKIndexAssociation" vid_source="DA960705-4869-FAFD-D131-0AE99DC6B0C6" vid_target="595ADD2F-7ADD-C20F-6EA6-BA61A1A338FA">
<hideElementsInCurrentOnly>false</hideElementsInCurrentOnly>
<backgroundColor>-16777216</backgroundColor>
<lineWidth>1</lineWidth>
<points>
<point x="1701" y="1432"/>
<point x="423" y="1102"/>
</points>
</Connector>
<Connector class="oracle.dbtools.crest.swingui.relational.TVFKRelation" oid="35F86E86-F7BB-711F-5287-64DE63EB30FF" otype="FKIndexAssociation" vid_source="17D30BE3-A3C9-7047-B767-B3B51D2F44CE" vid_target="665956ED-C0C3-24A7-8A87-ACDFBDED4F10">
<hideElementsInCurrentOnly>false</hideElementsInCurrentOnly>
<backgroundColor>-16777216</backgroundColor>
<lineWidth>1</lineWidth>
<points>
<point x="628" y="925"/>
<point x="628" y="860"/>
</points>
</Connector>
<Connector class="oracle.dbtools.crest.swingui.relational.TVFKRelation" oid="3FBC30E6-4EBD-31CE-1B7F-7214FC5C78D2" otype="FKIndexAssociation" vid_source="1615C094-7D0B-9DB1-8C13-F98276BAC4C5" vid_target="A57D7377-57B4-441A-2C82-37A8A275D834">
<hideElementsInCurrentOnly>false</hideElementsInCurrentOnly>
<backgroundColor>-16777216</backgroundColor>
<lineWidth>1</lineWidth>
<points>
<point x="182" y="521"/>
<point x="182" y="1194"/>
</points>
</Connector>
<Connector class="oracle.dbtools.crest.swingui.relational.TVFKRelation" oid="418BC006-0BE6-A19F-A6EA-8042BABCC327" otype="FKIndexAssociation" vid_source="F51DCA2A-9A3C-1CD7-02A6-D69C9D60871A" vid_target="DA960705-4869-FAFD-D131-0AE99DC6B0C6">
<hideElementsInCurrentOnly>false</hideElementsInCurrentOnly>
<backgroundColor>-16777216</backgroundColor>
<lineWidth>1</lineWidth>
<points>
<point x="1823" y="99"/>
<point x="1823" y="1379"/>
</points>
</Connector>
<Connector class="oracle.dbtools.crest.swingui.relational.TVFKRelation" oid="5901C829-9892-A92A-B428-F9B882DECE48" otype="FKIndexAssociation" vid_source="F51DCA2A-9A3C-1CD7-02A6-D69C9D60871A" vid_target="E2C38F12-02D4-01AF-593D-187CCD4801F1">
<hideElementsInCurrentOnly>false</hideElementsInCurrentOnly>
<backgroundColor>-16777216</backgroundColor>
<lineWidth>1</lineWidth>
<points>
<point x="1747" y="64"/>
<point x="551" y="64"/>
</points>
</Connector>
<Connector class="oracle.dbtools.crest.swingui.relational.TVFKRelation" oid="5C81C5E9-AA1C-2601-E387-0A912E047B22" otype="FKIndexAssociation" vid_source="E6B8D334-8C82-3A73-4287-4C26DC0ECE7A" vid_target="6CB9BAB7-5752-CD2A-053B-D13B4B925DCA">
<hideElementsInCurrentOnly>false</hideElementsInCurrentOnly>
<backgroundColor>-16777216</backgroundColor>
<lineWidth>1</lineWidth>
<points>
<point x="1071" y="727"/>
<point x="663" y="501"/>
</points>
</Connector>
<Connector class="oracle.dbtools.crest.swingui.relational.TVFKRelation" oid="5F872244-CF4D-54F8-63D1-B3CDAFA49F95" otype="FKIndexAssociation" vid_source="1615C094-7D0B-9DB1-8C13-F98276BAC4C5" vid_target="6CB9BAB7-5752-CD2A-053B-D13B4B925DCA">
<hideElementsInCurrentOnly>false</hideElementsInCurrentOnly>
<backgroundColor>-16777216</backgroundColor>
<lineWidth>1</lineWidth>
<points>
<point x="251" y="454"/>
<point x="493" y="454"/>
</points>
</Connector>
<Connector class="oracle.dbtools.crest.swingui.relational.TVFKRelation" oid="6CA3F364-C051-CE8E-16AB-523711BD33F1" otype="FKIndexAssociation" vid_source="11A88BB4-98AC-20E1-7BD5-6DDCE0BF36C6" vid_target="595ADD2F-7ADD-C20F-6EA6-BA61A1A338FA">
<hideElementsInCurrentOnly>false</hideElementsInCurrentOnly>
<backgroundColor>-16777216</backgroundColor>
<lineWidth>1</lineWidth>
<points>
<point x="381" y="714"/>
<point x="381" y="1004"/>
</points>
</Connector>
<Connector class="oracle.dbtools.crest.swingui.relational.TVFKRelation" oid="6F7032DD-1697-CA2A-89EE-444923646E9F" otype="FKIndexAssociation" vid_source="DA960705-4869-FAFD-D131-0AE99DC6B0C6" vid_target="6AA7B12C-87D5-61FD-B55B-32F3CDA62E09">
<hideElementsInCurrentOnly>false</hideElementsInCurrentOnly>
<backgroundColor>-16777216</backgroundColor>
<lineWidth>1</lineWidth>
<points>
<point x="1799" y="1379"/>
<point x="2009" y="292"/>
</points>
</Connector>
<Connector class="oracle.dbtools.crest.swingui.relational.TVFKRelation" oid="95679DE7-2CA9-65BE-6D96-8845E9A1B10D" otype="FKIndexAssociation" vid_source="30ED2778-7E92-EA8C-653C-D0B60EF766A7" vid_target="37C680E5-E20B-20E1-D82A-4EE4FC37333D">
<hideElementsInCurrentOnly>false</hideElementsInCurrentOnly>
<backgroundColor>-16777216</backgroundColor>
<lineWidth>1</lineWidth>
<points>
<point x="1378" y="953"/>
<point x="1211" y="953"/>
</points>
</Connector>
<Connector class="oracle.dbtools.crest.swingui.relational.TVFKRelation" oid="A7F73A4E-22B2-A327-0A33-FFA32AF072AE" otype="FKIndexAssociation" vid_source="30ED2778-7E92-EA8C-653C-D0B60EF766A7" vid_target="BB872E71-96C7-7E0B-DDF7-9E49A62A0B57">
<hideElementsInCurrentOnly>false</hideElementsInCurrentOnly>
<backgroundColor>-16777216</backgroundColor>
<lineWidth>1</lineWidth>
<points>
<point x="1378" y="689"/>
<point x="1164" y="401"/>
</points>
</Connector>
<Connector class="oracle.dbtools.crest.swingui.relational.TVFKRelation" oid="B0712FC1-327D-6C5A-EE05-929D68CF1455" otype="FKIndexAssociation" vid_source="DA960705-4869-FAFD-D131-0AE99DC6B0C6" vid_target="D93F514B-3DAF-6CFE-90D9-CA3398EC0881">
<hideElementsInCurrentOnly>false</hideElementsInCurrentOnly>
<backgroundColor>-16777216</backgroundColor>
<lineWidth>1</lineWidth>
<points>
<point x="1701" y="1457"/>
<point x="119" y="1457"/>
</points>
</Connector>
<Connector class="oracle.dbtools.crest.swingui.relational.TVFKRelation" oid="B1EBA28F-0FA0-CA2D-D3F5-D3DC8338F825" otype="FKIndexAssociation" vid_source="E2C38F12-02D4-01AF-593D-187CCD4801F1" vid_target="3A8C2727-08F6-A412-1529-6288FDEC80FB">
<hideElementsInCurrentOnly>false</hideElementsInCurrentOnly>
<backgroundColor>-16777216</backgroundColor>
<lineWidth>1</lineWidth>
<points>
<point x="551" y="160"/>
<point x="749" y="322"/>
</points>
</Connector>
<Connector class="oracle.dbtools.crest.swingui.relational.TVFKRelation" oid="B3AD51E9-4384-7637-48A9-93035AED52D0" otype="FKIndexAssociation" vid_source="6AA7B12C-87D5-61FD-B55B-32F3CDA62E09" vid_target="CD6584C2-F3C3-972E-0906-AFAD70E0C29A">
<hideElementsInCurrentOnly>false</hideElementsInCurrentOnly>
<backgroundColor>-16777216</backgroundColor>
<lineWidth>1</lineWidth>
<points>
<point x="1947" y="292"/>
<point x="1564" y="457"/>
</points>
</Connector>
<Connector class="oracle.dbtools.crest.swingui.relational.TVFKRelation" oid="B5A5E8D1-661A-C8D6-6E46-4C46F8BD0A4D" otype="FKIndexAssociation" vid_source="1615C094-7D0B-9DB1-8C13-F98276BAC4C5" vid_target="595ADD2F-7ADD-C20F-6EA6-BA61A1A338FA">
<hideElementsInCurrentOnly>false</hideElementsInCurrentOnly>
<backgroundColor>-16777216</backgroundColor>
<lineWidth>1</lineWidth>
<points>
<point x="247" y="521"/>
<point x="247" y="1004"/>
</points>
</Connector>
<Connector class="oracle.dbtools.crest.swingui.relational.TVFKRelation" oid="B7FCC8C4-15F4-D6DD-D1E2-17352A8CE235" otype="FKIndexAssociation" vid_source="DA960705-4869-FAFD-D131-0AE99DC6B0C6" vid_target="DA960705-4869-FAFD-D131-0AE99DC6B0C6">
<hideElementsInCurrentOnly>false</hideElementsInCurrentOnly>
<backgroundColor>-16777216</backgroundColor>
<lineWidth>1</lineWidth>
<points>
<point x="1869" y="1467"/>
<point x="1894" y="1467"/>
<point x="1894" y="1555"/>
<point x="1799" y="1555"/>
<point x="1799" y="1530"/>
</points>
</Connector>
<Connector class="oracle.dbtools.crest.swingui.relational.TVFKRelation" oid="C1E7FF92-1134-BB54-D848-56390DE43DEF" otype="FKIndexAssociation" vid_source="1615C094-7D0B-9DB1-8C13-F98276BAC4C5" vid_target="6AA7B12C-87D5-61FD-B55B-32F3CDA62E09">
<hideElementsInCurrentOnly>false</hideElementsInCurrentOnly>
<backgroundColor>-16777216</backgroundColor>
<lineWidth>1</lineWidth>
<points>
<point x="251" y="270"/>
<point x="1931" y="270"/>
</points>
</Connector>
<Connector class="oracle.dbtools.crest.swingui.relational.TVFKRelation" oid="C70CA101-09C6-9C14-BB7F-1091A247B04A" otype="FKIndexAssociation" vid_source="F51DCA2A-9A3C-1CD7-02A6-D69C9D60871A" vid_target="1615C094-7D0B-9DB1-8C13-F98276BAC4C5">
<hideElementsInCurrentOnly>false</hideElementsInCurrentOnly>
<backgroundColor>-16777216</backgroundColor>
<lineWidth>1</lineWidth>
<points>
<point x="1747" y="76"/>
<point x="251" y="381"/>
</points>
</Connector>
<Connector class="oracle.dbtools.crest.swingui.relational.TVFKRelation" oid="DAFF97C8-CDFD-9E82-BA38-8C9AEDE78C7D" otype="FKIndexAssociation" vid_source="F51DCA2A-9A3C-1CD7-02A6-D69C9D60871A" vid_target="665956ED-C0C3-24A7-8A87-ACDFBDED4F10">
<hideElementsInCurrentOnly>false</hideElementsInCurrentOnly>
<backgroundColor>-16777216</backgroundColor>
<lineWidth>1</lineWidth>
<points>
<point x="1754" y="99"/>
<point x="742" y="750"/>
</points>
</Connector>
<Connector class="oracle.dbtools.crest.swingui.relational.TVFKRelation" oid="E2581AA4-B3A6-5D17-C8BD-906263564943" otype="FKIndexAssociation" vid_source="1615C094-7D0B-9DB1-8C13-F98276BAC4C5" vid_target="D93F514B-3DAF-6CFE-90D9-CA3398EC0881">
<hideElementsInCurrentOnly>false</hideElementsInCurrentOnly>
<backgroundColor>-16777216</backgroundColor>
<lineWidth>1</lineWidth>
<points>
<point x="94" y="521"/>
<point x="94" y="1414"/>
</points>
</Connector>
<Connector class="oracle.dbtools.crest.swingui.relational.TVFKRelation" oid="E6DC8F06-86AF-7220-7F60-D4658810BB05" otype="FKIndexAssociation" vid_source="3A8C2727-08F6-A412-1529-6288FDEC80FB" vid_target="CD6584C2-F3C3-972E-0906-AFAD70E0C29A">
<hideElementsInCurrentOnly>false</hideElementsInCurrentOnly>
<backgroundColor>-16777216</backgroundColor>
<lineWidth>1</lineWidth>
<points>
<point x="840" y="361"/>
<point x="1394" y="476"/>
</points>
</Connector>
<Connector class="oracle.dbtools.crest.swingui.relational.TVFKRelation" oid="F8CD4DB0-0C12-FC1B-558F-BE17E4E2918F" otype="FKIndexAssociation" vid_source="E2C38F12-02D4-01AF-593D-187CCD4801F1" vid_target="11A88BB4-98AC-20E1-7BD5-6DDCE0BF36C6">
<hideElementsInCurrentOnly>false</hideElementsInCurrentOnly>
<backgroundColor>-16777216</backgroundColor>
<lineWidth>1</lineWidth>
<points>
<point x="432" y="189"/>
<point x="432" y="583"/>
</points>
</Connector>
</connectors>
<arcs>
<Arc class="oracle.dbtools.crest.swingui.relational.TVFKArc" oid="40FF376E-398D-D80E-950D-0414FBCC7865" otype="FKArc" vid="171CFF55-52CE-9817-6D93-B4440AACF5D6">
<hideElementsInCurrentOnly>false</hideElementsInCurrentOnly>
<bounds x="1358" y="594" width="209" height="420"/>
</Arc>
</arcs>
</Diagram>