<?xml version = '1.0' encoding = 'UTF-8'?>
<Diagram class="oracle.dbtools.crest.swingui.logical.DPVLogical" name="Logical" id="E081D350-7EC3-EADD-9F6B-0068EE957CB0">
<createdBy>JUANKA</createdBy>
<modifiedBy>JUANKA</modifiedBy>
<createdTime>2021-04-20 07:17:14 UTC</createdTime>
<autoRoute>false</autoRoute>
<boxInbox>true</boxInbox>
<showLegend>false</showLegend>
<showLabels>true</showLabels>
<showRelAttributes>false</showRelAttributes>
<gridEnabled>false</gridEnabled>
<showGrid>false</showGrid>
<diagramColor>-1</diagramColor>
<display>false</display>
<notation>1</notation>
<objectViews>
<OView class="oracle.dbtools.crest.swingui.logical.TVEntity" oid="01F04449-DD55-56E9-903F-A66319D5FE7C" otype="Entity" vid="4074ED1D-669B-B847-0816-09A1DECE7689">
<hideElementsInCurrentOnly>false</hideElementsInCurrentOnly>
<bounds x="580" y="528" width="169" height="61"/>
</OView>
<OView class="oracle.dbtools.crest.swingui.logical.TVEntity" oid="078DC6AA-E30D-EEFE-9D5A-5D2A589DEF14" otype="Entity" vid="A418554E-A779-4EF4-7F28-E6307C521490">
<hideElementsInCurrentOnly>false</hideElementsInCurrentOnly>
<bounds x="1066" y="251" width="169" height="196"/>
</OView>
<OView class="oracle.dbtools.crest.swingui.logical.TVEntity" oid="0C49DD88-B596-0536-6ADC-3EF6B68E2543" otype="Entity" vid="F66DB6CC-8D31-32A5-DC84-5D230AF8794C">
<hideElementsInCurrentOnly>false</hideElementsInCurrentOnly>
<bounds x="429" y="1" width="133" height="82"/>
</OView>
<OView class="oracle.dbtools.crest.swingui.logical.TVEntity" oid="1FC28075-B366-4F04-D337-2A8F5484AB72" otype="Entity" vid="A6696F3F-D9BC-0FAA-8DD4-4B93356E159D">
<hideElementsInCurrentOnly>false</hideElementsInCurrentOnly>
<bounds x="1448" y="104" width="196" height="206"/>
</OView>
<OView class="oracle.dbtools.crest.swingui.logical.TVEntity" oid="439EA753-A4A2-BBBF-2FA7-690BA32782A6" otype="Entity" vid="B141E6F8-C50B-C932-9BBA-5444FCB4A755">
<hideElementsInCurrentOnly>false</hideElementsInCurrentOnly>
<bounds x="309" y="728" width="179" height="56"/>
</OView>
<OView class="oracle.dbtools.crest.swingui.logical.TVEntity" oid="452CE750-785B-B9D4-C61D-9B464BE2C17A" otype="Entity" vid="0CF93F46-74C9-1C4D-2A36-DE587AD30976">
<hideElementsInCurrentOnly>false</hideElementsInCurrentOnly>
<bounds x="62" y="774" width="119" height="87"/>
</OView>
<OView class="oracle.dbtools.crest.swingui.logical.TVEntity" oid="51F09180-0E1B-2C98-B2A7-59DA68C25E5F" otype="Entity" vid="D1A204E9-5F2E-4B44-AAED-F26EA84850E0">
<hideElementsInCurrentOnly>false</hideElementsInCurrentOnly>
<bounds x="1236" y="32" width="123" height="69"/>
</OView>
<OView class="oracle.dbtools.crest.swingui.logical.TVEntity" oid="5A940B90-E299-47EB-88EF-88485ECACB51" otype="Entity" vid="18E4B530-7A77-1229-CB97-F73E4EA2F86B">
<hideElementsInCurrentOnly>false</hideElementsInCurrentOnly>
<bounds x="70" y="248" width="181" height="273"/>
</OView>
<OView class="oracle.dbtools.crest.swingui.logical.TVEntity" oid="851FC8F1-3D10-AF77-58CE-FD17F77A8464" otype="Entity" vid="F517BB9A-45E5-D178-0893-0A69559B2259">
<hideElementsInCurrentOnly>false</hideElementsInCurrentOnly>
<bounds x="379" y="540" width="122" height="134"/>
</OView>
<OView class="oracle.dbtools.crest.swingui.logical.TVEntity" oid="9A03D468-B323-B214-2208-33E0A065DE4B" otype="Entity" vid="838670F4-E1DC-AE72-0646-174F66697363">
<hideElementsInCurrentOnly>false</hideElementsInCurrentOnly>
<bounds x="79" y="440" width="161" height="67"/>
</OView>
<OView class="oracle.dbtools.crest.swingui.logical.TVEntity" oid="9D2B6831-08A7-D29D-CA8F-6BA92E0E22EE" otype="Entity" vid="32F6EEBB-A2A6-1871-9D27-E3A5A08DA7AF">
<hideElementsInCurrentOnly>false</hideElementsInCurrentOnly>
<bounds x="1470" y="351" width="170" height="380"/>
</OView>
<OView class="oracle.dbtools.crest.swingui.logical.TVEntity" oid="C686DAEA-EFC8-E66F-EE08-1F9FE9C23A7D" otype="Entity" vid="BC9D8972-770D-DBE9-74FC-3914E47EB5E4">
<hideElementsInCurrentOnly>false</hideElementsInCurrentOnly>
<bounds x="337" y="79" width="147" height="177"/>
</OView>
<OView class="oracle.dbtools.crest.swingui.logical.TVEntity" oid="CD9D1E6D-4A1E-7A11-6CCD-429B5C6FCD59" otype="Entity" vid="2C2340C8-DD89-F71A-DA86-58FA37208909">
<hideElementsInCurrentOnly>false</hideElementsInCurrentOnly>
<bounds x="1251" y="713" width="168" height="151"/>
</OView>
<OView class="oracle.dbtools.crest.swingui.logical.TVEntity" oid="F7B2D27C-8ECA-AFA6-151D-0AF3E7E2FCA3" otype="Entity" vid="3563E3CD-54A4-D4C6-A090-73D32D3F3F15">
<hideElementsInCurrentOnly>false</hideElementsInCurrentOnly>
<bounds x="638" y="385" width="110" height="59"/>
</OView>
</objectViews>
<connectors>
<Connector class="oracle.dbtools.crest.swingui.logical.TVRelation" oid="082D703F-A589-CCD8-D8B1-8F5FAA476D19" otype="Relation" vid_source="D1A204E9-5F2E-4B44-AAED-F26EA84850E0" vid_target="BC9D8972-770D-DBE9-74FC-3914E47EB5E4">
<hideElementsInCurrentOnly>false</hideElementsInCurrentOnly>
<backgroundColor>-16777216</backgroundColor>
<lineWidth>1</lineWidth>
<points>
<point x="1236" y="90"/>
<point x="484" y="90"/>
</points>
</Connector>
<Connector class="oracle.dbtools.crest.swingui.logical.TVRelation" oid="1818261B-22B2-C2E3-0815-68AD9AE5AC9F" otype="Relation" vid_source="F66DB6CC-8D31-32A5-DC84-5D230AF8794C" vid_target="D1A204E9-5F2E-4B44-AAED-F26EA84850E0">
<hideElementsInCurrentOnly>false</hideElementsInCurrentOnly>
<backgroundColor>-16777216</backgroundColor>
<lineWidth>1</lineWidth>
<points>
<point x="562" y="57"/>
<point x="1236" y="57"/>
</points>
</Connector>
<Connector class="oracle.dbtools.crest.swingui.logical.TVRelation" oid="18B44746-3A96-B4C9-C27C-987FA70974F8" otype="Relation" vid_source="18E4B530-7A77-1229-CB97-F73E4EA2F86B" vid_target="B141E6F8-C50B-C932-9BBA-5444FCB4A755">
<hideElementsInCurrentOnly>false</hideElementsInCurrentOnly>
<backgroundColor>-16777216</backgroundColor>
<lineWidth>1</lineWidth>
<points>
<point x="247" y="521"/>
<point x="380" y="728"/>
</points>
</Connector>
<Connector class="oracle.dbtools.crest.swingui.logical.TVRelation" oid="25CD4DD3-201B-299E-0A70-BCDCBF0A5222" otype="Relation" vid_source="F517BB9A-45E5-D178-0893-0A69559B2259" vid_target="B141E6F8-C50B-C932-9BBA-5444FCB4A755">
<hideElementsInCurrentOnly>false</hideElementsInCurrentOnly>
<backgroundColor>-16777216</backgroundColor>
<lineWidth>1</lineWidth>
<points>
<point x="433" y="674"/>
<point x="433" y="728"/>
</points>
</Connector>
<Connector class="oracle.dbtools.crest.swingui.logical.TVRelation" oid="2CA42F78-EE47-57A7-74C4-F8AB72029389" otype="Relation" vid_source="838670F4-E1DC-AE72-0646-174F66697363" vid_target="D1A204E9-5F2E-4B44-AAED-F26EA84850E0">
<hideElementsInCurrentOnly>false</hideElementsInCurrentOnly>
<backgroundColor>-16777216</backgroundColor>
<lineWidth>1</lineWidth>
<points>
<point x="240" y="444"/>
<point x="1258" y="101"/>
</points>
</Connector>
<Connector class="oracle.dbtools.crest.swingui.logical.TVRelation" oid="3F683AD6-D831-6A39-F318-6EBF15BBE630" otype="Relation" vid_source="D1A204E9-5F2E-4B44-AAED-F26EA84850E0" vid_target="2C2340C8-DD89-F71A-DA86-58FA37208909">
<hideElementsInCurrentOnly>false</hideElementsInCurrentOnly>
<backgroundColor>-16777216</backgroundColor>
<lineWidth>1</lineWidth>
<points>
<point x="1305" y="101"/>
<point x="1305" y="713"/>
</points>
</Connector>
<Connector class="oracle.dbtools.crest.swingui.logical.TVRelation" oid="463FE457-70B7-EA16-1218-25A225CCF950" otype="Relation" vid_source="BC9D8972-770D-DBE9-74FC-3914E47EB5E4" vid_target="F517BB9A-45E5-D178-0893-0A69559B2259">
<hideElementsInCurrentOnly>false</hideElementsInCurrentOnly>
<backgroundColor>-16777216</backgroundColor>
<lineWidth>1</lineWidth>
<points>
<point x="431" y="256"/>
<point x="431" y="540"/>
</points>
</Connector>
<Connector class="oracle.dbtools.crest.swingui.logical.TVRelation" oid="4933A276-18ED-77F6-9595-BFA274A780ED" otype="Relation" vid_source="18E4B530-7A77-1229-CB97-F73E4EA2F86B" vid_target="0CF93F46-74C9-1C4D-2A36-DE587AD30976">
<hideElementsInCurrentOnly>false</hideElementsInCurrentOnly>
<backgroundColor>-16777216</backgroundColor>
<lineWidth>1</lineWidth>
<points>
<point x="125" y="521"/>
<point x="125" y="774"/>
</points>
</Connector>
<Connector class="oracle.dbtools.crest.swingui.logical.TVRelation" oid="4E4188CC-DDDE-D370-0D59-29AF58DBB8C4" otype="Relation" vid_source="2C2340C8-DD89-F71A-DA86-58FA37208909" vid_target="B141E6F8-C50B-C932-9BBA-5444FCB4A755">
<hideElementsInCurrentOnly>false</hideElementsInCurrentOnly>
<backgroundColor>-16777216</backgroundColor>
<lineWidth>1</lineWidth>
<points>
<point x="1251" y="741"/>
<point x="488" y="741"/>
</points>
</Connector>
<Connector class="oracle.dbtools.crest.swingui.logical.TVRelation" oid="858553DE-458D-BF2A-2305-C72E1F23F3A6" otype="Relation" vid_source="D1A204E9-5F2E-4B44-AAED-F26EA84850E0" vid_target="18E4B530-7A77-1229-CB97-F73E4EA2F86B">
<hideElementsInCurrentOnly>false</hideElementsInCurrentOnly>
<backgroundColor>-16777216</backgroundColor>
<lineWidth>1</lineWidth>
<points>
<point x="1236" y="83"/>
<point x="251" y="374"/>
</points>
</Connector>
<Connector class="oracle.dbtools.crest.swingui.logical.TVRelation" oid="9AAEF6BE-9D0E-1C97-7582-B76EAE8E357C" otype="Relation" vid_source="A418554E-A779-4EF4-7F28-E6307C521490" vid_target="BC9D8972-770D-DBE9-74FC-3914E47EB5E4">
<hideElementsInCurrentOnly>false</hideElementsInCurrentOnly>
<backgroundColor>-16777216</backgroundColor>
<lineWidth>1</lineWidth>
<points>
<point x="1066" y="253"/>
<point x="484" y="183"/>
</points>
</Connector>
<Connector class="oracle.dbtools.crest.swingui.logical.TVRelation" oid="9B318926-C6A7-1E42-927E-9D95EF52CDE3" otype="Relation" vid_source="2C2340C8-DD89-F71A-DA86-58FA37208909" vid_target="2C2340C8-DD89-F71A-DA86-58FA37208909">
<hideElementsInCurrentOnly>false</hideElementsInCurrentOnly>
<backgroundColor>-16777216</backgroundColor>
<lineWidth>1</lineWidth>
<points>
<point x="1419" y="801"/>
<point x="1444" y="801"/>
<point x="1444" y="889"/>
<point x="1349" y="889"/>
<point x="1349" y="864"/>
</points>
</Connector>
<Connector class="oracle.dbtools.crest.swingui.logical.TVRelation" oid="AF305140-49E4-2DC4-832B-AFC15199C0A7" otype="Relation" vid_source="2C2340C8-DD89-F71A-DA86-58FA37208909" vid_target="0CF93F46-74C9-1C4D-2A36-DE587AD30976">
<hideElementsInCurrentOnly>false</hideElementsInCurrentOnly>
<backgroundColor>-16777216</backgroundColor>
<lineWidth>1</lineWidth>
<points>
<point x="1251" y="817"/>
<point x="181" y="817"/>
</points>
</Connector>
<Connector class="oracle.dbtools.crest.swingui.logical.TVRelation" oid="B9F66AAB-3583-E06D-E32F-9B909843B1A5" otype="Relation" vid_source="4074ED1D-669B-B847-0816-09A1DECE7689" vid_target="3563E3CD-54A4-D4C6-A090-73D32D3F3F15">
<hideElementsInCurrentOnly>false</hideElementsInCurrentOnly>
<backgroundColor>-16777216</backgroundColor>
<lineWidth>1</lineWidth>
<points>
<point x="693" y="528"/>
<point x="693" y="444"/>
</points>
</Connector>
<Connector class="oracle.dbtools.crest.swingui.logical.TVInheritanceRelation" oid="BBAFF07E-4119-CD98-8F08-DFB27366869C" otype="Hierarchy relation" vid_source="18E4B530-7A77-1229-CB97-F73E4EA2F86B" vid_target="838670F4-E1DC-AE72-0646-174F66697363">
<hideElementsInCurrentOnly>false</hideElementsInCurrentOnly>
<backgroundColor>-65536</backgroundColor>
<lineWidth>1</lineWidth>
</Connector>
<Connector class="oracle.dbtools.crest.swingui.logical.TVRelation" oid="D4FB54E7-2F61-01C2-A329-CAB8A958688E" otype="Relation" vid_source="18E4B530-7A77-1229-CB97-F73E4EA2F86B" vid_target="4074ED1D-669B-B847-0816-09A1DECE7689">
<hideElementsInCurrentOnly>false</hideElementsInCurrentOnly>
<backgroundColor>-16777216</backgroundColor>
<lineWidth>1</lineWidth>
<points>
<point x="251" y="415"/>
<point x="580" y="529"/>
</points>
</Connector>
<Connector class="oracle.dbtools.crest.swingui.logical.TVRelation" oid="FD1C2F18-2DE3-DD92-5550-490A90DCBB69" otype="Relation" vid_source="BC9D8972-770D-DBE9-74FC-3914E47EB5E4" vid_target="3563E3CD-54A4-D4C6-A090-73D32D3F3F15">
<hideElementsInCurrentOnly>false</hideElementsInCurrentOnly>
<backgroundColor>-16777216</backgroundColor>
<lineWidth>1</lineWidth>
<points>
<point x="484" y="231"/>
<point x="659" y="385"/>
</points>
</Connector>
<Connector class="oracle.dbtools.crest.swingui.logical.TVRelation" oid="FF57B311-72DC-6C9A-8E95-7E3DC2674DDA" otype="Relation" vid_source="2C2340C8-DD89-F71A-DA86-58FA37208909" vid_target="4074ED1D-669B-B847-0816-09A1DECE7689">
<hideElementsInCurrentOnly>false</hideElementsInCurrentOnly>
<backgroundColor>-16777216</backgroundColor>
<lineWidth>1</lineWidth>
<points>
<point x="1251" y="759"/>
<point x="749" y="587"/>
</points>
</Connector>
</connectors>
</Diagram>