<?xml version = '1.0' encoding = 'UTF-8'?>
<FKIndexAssociation class="oracle.dbtools.crest.model.design.relational.FKIndexAssociation" directorySegmentName="seg_0" id="0C80D64B-6BA9-CB02-1F71-DF89723042FD" containerWithKeyObject="503DEE83-6F10-2E77-760D-AB85C2D49194" localFKIndex="8536CB4B-D3ED-09E2-6D3A-364AB9896C24" name="PROFESOR_USUARIO_FK">
<createdBy>JUANKA</createdBy>
<createdTime>2021-04-20 07:17:14 UTC</createdTime>
<generatorID>DDF0CBEE-5A3B-E2C4-F693-ECBC877B0E99</generatorID>
<ownerDesignName>NeuBDModeloLogico</ownerDesignName>
<importedID>DBFF0323-EEFA-1104-4244-7E7F3D7C69D3</importedID>
<referredTableLongName>USUARIO</referredTableLongName>
<arc>40FF376E-398D-D80E-950D-0414FBCC7865</arc>
<deleteRule>NO ACTION</deleteRule>
<referredTableID>E9295438-B166-D591-1BB1-6AF98A2DD71D</referredTableID>
<keyObject>5BCEF3C1-9780-7A90-8BB1-7C5CD3968E5D</keyObject>
<referredKeyID>5BCEF3C1-9780-7A90-8BB1-7C5CD3968E5D</referredKeyID>
<mandatory>true</mandatory>
<refColNames>ID</refColNames>
<transferable>true</transferable>
<rely>false</rely>
<columnDependencyConstraintGenerateInDDL>true</columnDependencyConstraintGenerateInDDL>
</FKIndexAssociation>