<?xml version = '1.0' encoding = 'UTF-8'?>
<FKIndexAssociation class="oracle.dbtools.crest.model.design.relational.FKIndexAssociation" directorySegmentName="seg_0" id="34C47E9D-F315-661B-C2A1-1064D4B1DE8A" containerWithKeyObject="1B56B278-5266-48AF-FE0E-3819E38B0C9D" localFKIndex="F9C650CA-D31D-DE80-E732-5EA2F9951648" name="EXPEDIENTES_ALUMNO_FK">
<createdBy>JUANKA</createdBy>
<createdTime>2021-04-20 07:17:14 UTC</createdTime>
<generatorID>F8FC9F85-21A6-4A6C-7D59-B409FF74DB98</generatorID>
<ownerDesignName>NeuBDModeloLogico</ownerDesignName>
<importedID>3D82FD65-96A0-B1E5-6FD4-8783B9F490CA</importedID>
<referredTableLongName>ALUMNO</referredTableLongName>
<deleteRule>NO ACTION</deleteRule>
<referredTableID>7D89CC65-8DB5-DB46-103F-0FCC57E78991</referredTableID>
<keyObject>31548E3A-3CA4-6C1D-D67D-569416BF13D3</keyObject>
<referredKeyID>31548E3A-3CA4-6C1D-D67D-569416BF13D3</referredKeyID>
<mandatory>true</mandatory>
<refColNames>ID</refColNames>
<transferable>true</transferable>
<rely>false</rely>
<columnDependencyConstraintGenerateInDDL>true</columnDependencyConstraintGenerateInDDL>
</FKIndexAssociation>