<?xml version = '1.0' encoding = 'UTF-8'?>
<FKIndexAssociation class="oracle.dbtools.crest.model.design.relational.FKIndexAssociation" directorySegmentName="seg_0" id="351FA272-015C-894E-D3F8-807F8926E792" containerWithKeyObject="8ADD3118-A690-BCBD-742B-A0089398942D" localFKIndex="CCC92BD2-02A8-2999-FD62-0659A5002329" name="ASIG_MATRI_GRUPO_FK">
<createdBy>JUANKA</createdBy>
<createdTime>2021-04-20 07:17:14 UTC</createdTime>
<generatorID>4E4188CC-DDDE-D370-0D59-29AF58DBB8C4</generatorID>
<ownerDesignName>NeuBDModeloLogico</ownerDesignName>
<importedID>92735954-E7E9-6F73-D600-4575F823CD38</importedID>
<referredTableLongName>GRUPO</referredTableLongName>
<deleteRule>NO ACTION</deleteRule>
<referredTableID>FDA33623-6493-F3E6-FBDE-D80A03137AD7</referredTableID>
<keyObject>F6B9BCDB-DFE3-3CDC-A03B-C8EEE9DCFC5D</keyObject>
<referredKeyID>F6B9BCDB-DFE3-3CDC-A03B-C8EEE9DCFC5D</referredKeyID>
<mandatory>false</mandatory>
<refColNames>ID</refColNames>
<transferable>true</transferable>
<rely>false</rely>
<columnDependencyConstraintGenerateInDDL>true</columnDependencyConstraintGenerateInDDL>
</FKIndexAssociation>