<?xml version = '1.0' encoding = 'UTF-8'?>
<FKIndexAssociation class="oracle.dbtools.crest.model.design.relational.FKIndexAssociation" directorySegmentName="seg_0" id="35F86E86-F7BB-711F-5287-64DE63EB30FF" containerWithKeyObject="88D2482C-F731-52C9-2F0E-8560C7CA30CF" localFKIndex="D0DDA5B6-AB6C-CC7D-4CD2-731E7332EF0C" name="Relation_27_CENTRO_FK">
<createdBy>JUANKA</createdBy>
<createdTime>2021-04-20 07:17:14 UTC</createdTime>
<generatorID>1818261B-22B2-C2E3-0815-68AD9AE5AC9F</generatorID>
<ownerDesignName>NeuBDModeloLogico</ownerDesignName>
<importedID>D5846771-A773-8B4F-0F9A-398E53E11798</importedID>
<referredTableLongName>CENTRO</referredTableLongName>
<deleteRule>NO ACTION</deleteRule>
<referredTableID>D679AD27-0765-0B6E-39B9-2E1BCAE14AE6</referredTableID>
<keyObject>526DBFA2-DF77-EA69-51EA-36587855174A</keyObject>
<referredKeyID>526DBFA2-DF77-EA69-51EA-36587855174A</referredKeyID>
<mandatory>true</mandatory>
<refColNames>ID</refColNames>
<transferable>true</transferable>
<rely>false</rely>
<columnDependencyConstraintGenerateInDDL>true</columnDependencyConstraintGenerateInDDL>
</FKIndexAssociation>