<?xml version = '1.0' encoding = 'UTF-8'?>
<FKIndexAssociation class="oracle.dbtools.crest.model.design.relational.FKIndexAssociation" directorySegmentName="seg_0" id="3FBC30E6-4EBD-31CE-1B7F-7214FC5C78D2" containerWithKeyObject="154D9BA7-AD53-0552-B767-CBC7D3E2BD2B" localFKIndex="5F7B95F7-8C14-C917-EFA0-0312092178BB" name="OPTATIVA_ASIGNATURA_FK">
<createdBy>JUANKA</createdBy>
<createdTime>2021-04-20 07:17:14 UTC</createdTime>
<generatorID>BBAFF07E-4119-CD98-8F08-DFB27366869C</generatorID>
<ownerDesignName>NeuBDModeloLogico</ownerDesignName>
<importedID>6D1F6952-3198-8AAC-2DFF-C5D2CB6522B8</importedID>
<referredTableLongName>ASIGNATURA</referredTableLongName>
<deleteRule>NO ACTION</deleteRule>
<referredTableID>9696C1BB-E26A-4225-9800-0DB8F2B7DC00</referredTableID>
<keyObject>5D9F2DE7-A357-6F6F-5BCB-B8E3CCF135D6</keyObject>
<referredKeyID>5D9F2DE7-A357-6F6F-5BCB-B8E3CCF135D6</referredKeyID>
<mandatory>true</mandatory>
<refColNames>Referencia</refColNames>
<transferable>true</transferable>
<rely>false</rely>
<columnDependencyConstraintGenerateInDDL>true</columnDependencyConstraintGenerateInDDL>
</FKIndexAssociation>