<?xml version = '1.0' encoding = 'UTF-8'?>
<FKIndexAssociation class="oracle.dbtools.crest.model.design.relational.FKIndexAssociation" directorySegmentName="seg_0" id="418BC006-0BE6-A19F-A6EA-8042BABCC327" containerWithKeyObject="FDA33623-6493-F3E6-FBDE-D80A03137AD7" localFKIndex="C4F788E3-B5D6-276A-4378-658E00E97C40" name="GRUPO_TITULACIÓN_FK">
<createdBy>JUANKA</createdBy>
<createdTime>2021-04-20 07:17:14 UTC</createdTime>
<generatorID>3F683AD6-D831-6A39-F318-6EBF15BBE630</generatorID>
<ownerDesignName>NeuBDModeloLogico</ownerDesignName>
<importedID>299A3744-992A-8CA4-8F58-A78E152F553B</importedID>
<referredTableLongName>TITULACIÓN</referredTableLongName>
<deleteRule>NO ACTION</deleteRule>
<referredTableID>D49FFB20-50B7-45E9-4891-6528DD722F2E</referredTableID>
<keyObject>7B07342E-54E2-777D-553B-5E01EB3DF83E</keyObject>
<referredKeyID>7B07342E-54E2-777D-553B-5E01EB3DF83E</referredKeyID>
<mandatory>true</mandatory>
<refColNames>Código</refColNames>
<transferable>true</transferable>
<rely>false</rely>
<columnDependencyConstraintGenerateInDDL>true</columnDependencyConstraintGenerateInDDL>
</FKIndexAssociation>