<?xml version = '1.0' encoding = 'UTF-8'?>
<FKIndexAssociation class="oracle.dbtools.crest.model.design.relational.FKIndexAssociation" directorySegmentName="seg_0" id="5901C829-9892-A92A-B428-F9B882DECE48" containerWithKeyObject="1B56B278-5266-48AF-FE0E-3819E38B0C9D" localFKIndex="31A399C3-48C8-AC2F-9242-1700FE248B3E" name="EXPEDIENTES_TITULACIÓN_FK">
<createdBy>JUANKA</createdBy>
<createdTime>2021-04-20 07:17:14 UTC</createdTime>
<generatorID>082D703F-A589-CCD8-D8B1-8F5FAA476D19</generatorID>
<ownerDesignName>NeuBDModeloLogico</ownerDesignName>
<importedID>EBAFCE78-9457-973B-A4ED-0FE9407CDAFA</importedID>
<referredTableLongName>TITULACIÓN</referredTableLongName>
<deleteRule>NO ACTION</deleteRule>
<referredTableID>D49FFB20-50B7-45E9-4891-6528DD722F2E</referredTableID>
<keyObject>7B07342E-54E2-777D-553B-5E01EB3DF83E</keyObject>
<referredKeyID>7B07342E-54E2-777D-553B-5E01EB3DF83E</referredKeyID>
<mandatory>true</mandatory>
<refColNames>Código</refColNames>
<transferable>true</transferable>
<rely>false</rely>
<columnDependencyConstraintGenerateInDDL>true</columnDependencyConstraintGenerateInDDL>
</FKIndexAssociation>