<?xml version = '1.0' encoding = 'UTF-8'?>
<FKIndexAssociation class="oracle.dbtools.crest.model.design.relational.FKIndexAssociation" directorySegmentName="seg_0" id="5C81C5E9-AA1C-2601-E387-0A912E047B22" containerWithKeyObject="2CC3B8DB-59A5-5CEB-FE12-2297736B820D" localFKIndex="0DD480C7-E039-0714-B51D-2387E1376503" name="Relation_18_PROFESOR_FK">
<createdBy>JUANKA</createdBy>
<createdTime>2021-04-20 07:17:14 UTC</createdTime>
<generatorID>1D898DF3-A815-40FB-8C3D-B98969B60121</generatorID>
<ownerDesignName>NeuBDModeloLogico</ownerDesignName>
<importedID>0B8686C3-EA3E-449F-AD04-E8F2D2AED798</importedID>
<referredTableLongName>PROFESOR</referredTableLongName>
<deleteRule>NO ACTION</deleteRule>
<referredTableID>503DEE83-6F10-2E77-760D-AB85C2D49194</referredTableID>
<keyObject>4AF457C6-608A-C5B7-3483-202209B6ACBE</keyObject>
<referredKeyID>4AF457C6-608A-C5B7-3483-202209B6ACBE</referredKeyID>
<mandatory>true</mandatory>
<refColNames>ID</refColNames>
<transferable>true</transferable>
<rely>false</rely>
<columnDependencyConstraintGenerateInDDL>true</columnDependencyConstraintGenerateInDDL>
</FKIndexAssociation>