<?xml version = '1.0' encoding = 'UTF-8'?>
<FKIndexAssociation class="oracle.dbtools.crest.model.design.relational.FKIndexAssociation" directorySegmentName="seg_0" id="5F872244-CF4D-54F8-63D1-B3CDAFA49F95" containerWithKeyObject="2CC3B8DB-59A5-5CEB-FE12-2297736B820D" localFKIndex="8E4CE733-8A69-ED73-994E-1A8D8BEF0325" name="Relation_18_ASIGNATURA_FK">
<createdBy>JUANKA</createdBy>
<createdTime>2021-04-20 07:17:14 UTC</createdTime>
<generatorID>1D898DF3-A815-40FB-8C3D-B98969B60121</generatorID>
<ownerDesignName>NeuBDModeloLogico</ownerDesignName>
<importedID>86953A98-2D5C-3742-838E-A34AC3DA7C5C</importedID>
<referredTableLongName>ASIGNATURA</referredTableLongName>
<deleteRule>NO ACTION</deleteRule>
<referredTableID>9696C1BB-E26A-4225-9800-0DB8F2B7DC00</referredTableID>
<keyObject>5D9F2DE7-A357-6F6F-5BCB-B8E3CCF135D6</keyObject>
<referredKeyID>5D9F2DE7-A357-6F6F-5BCB-B8E3CCF135D6</referredKeyID>
<mandatory>true</mandatory>
<refColNames>Referencia</refColNames>
<transferable>true</transferable>
<rely>false</rely>
<columnDependencyConstraintGenerateInDDL>true</columnDependencyConstraintGenerateInDDL>
</FKIndexAssociation>