<?xml version = '1.0' encoding = 'UTF-8'?>
<FKIndexAssociation class="oracle.dbtools.crest.model.design.relational.FKIndexAssociation" directorySegmentName="seg_0" id="6CA3F364-C051-CE8E-16AB-523711BD33F1" containerWithKeyObject="8ADD3118-A690-BCBD-742B-A0089398942D" localFKIndex="95B17017-755E-EA19-7AD7-62F392E5A9DC" name="ASIG_MATRI_MATRÍCULA_FK">
<createdBy>JUANKA</createdBy>
<createdTime>2021-04-20 07:17:14 UTC</createdTime>
<generatorID>25CD4DD3-201B-299E-0A70-BCDCBF0A5222</generatorID>
<ownerDesignName>NeuBDModeloLogico</ownerDesignName>
<importedID>BF35EFD5-C9D8-4FB9-4231-3613DCA6DEDC</importedID>
<referredTableLongName>MATRÍCULA</referredTableLongName>
<deleteRule>NO ACTION</deleteRule>
<referredTableID>C6B1A8C2-53CD-32A3-8AE8-0C7E3D7900BD</referredTableID>
<keyObject>ABCEA4FF-E414-086D-3DFE-2FA6C4D08296</keyObject>
<referredKeyID>ABCEA4FF-E414-086D-3DFE-2FA6C4D08296</referredKeyID>
<mandatory>true</mandatory>
<refColNames>EXPEDIENTES_Num_Expediente,Curso_académico</refColNames>
<transferable>true</transferable>
<rely>false</rely>
<columnDependencyConstraintGenerateInDDL>true</columnDependencyConstraintGenerateInDDL>
</FKIndexAssociation>