<?xml version = '1.0' encoding = 'UTF-8'?>
<FKIndexAssociation class="oracle.dbtools.crest.model.design.relational.FKIndexAssociation" directorySegmentName="seg_0" id="6F7032DD-1697-CA2A-89EE-444923646E9F" containerWithKeyObject="A47770E2-98F8-CCB7-0701-2B57BF1A5821" localFKIndex="A5D1238E-EAE0-7619-27E0-8F49B212BEE8" name="GRUPO_POR_ASIG_GRUPO_FK">
<createdBy>JUANKA</createdBy>
<createdTime>2021-04-20 07:17:14 UTC</createdTime>
<generatorID>FF57B311-72DC-6C9A-8E95-7E3DC2674DDA</generatorID>
<ownerDesignName>NeuBDModeloLogico</ownerDesignName>
<importedID>804ED896-417D-C920-378B-E777B12C347F</importedID>
<referredTableLongName>GRUPO</referredTableLongName>
<deleteRule>NO ACTION</deleteRule>
<referredTableID>FDA33623-6493-F3E6-FBDE-D80A03137AD7</referredTableID>
<keyObject>F6B9BCDB-DFE3-3CDC-A03B-C8EEE9DCFC5D</keyObject>
<referredKeyID>F6B9BCDB-DFE3-3CDC-A03B-C8EEE9DCFC5D</referredKeyID>
<mandatory>true</mandatory>
<refColNames>ID</refColNames>
<transferable>true</transferable>
<rely>false</rely>
<columnDependencyConstraintGenerateInDDL>true</columnDependencyConstraintGenerateInDDL>
</FKIndexAssociation>