<?xml version = '1.0' encoding = 'UTF-8'?>
<FKIndexAssociation class="oracle.dbtools.crest.model.design.relational.FKIndexAssociation" directorySegmentName="seg_0" id="95679DE7-2CA9-65BE-6D96-8845E9A1B10D" containerWithKeyObject="851FF960-C343-B0BE-EBA2-188818D71EBC" localFKIndex="41D387F4-B4B0-F787-F155-492F0A39D22D" name="SECRETARIO_USUARIO_FK">
<createdBy>JUANKA</createdBy>
<createdTime>2021-04-20 07:17:14 UTC</createdTime>
<generatorID>32F9A1B6-EF64-E68B-81A0-A22A4E86378A</generatorID>
<ownerDesignName>NeuBDModeloLogico</ownerDesignName>
<importedID>07745A8E-FDDD-2D14-AEDB-160A6191F076</importedID>
<referredTableLongName>USUARIO</referredTableLongName>
<arc>40FF376E-398D-D80E-950D-0414FBCC7865</arc>
<deleteRule>NO ACTION</deleteRule>
<referredTableID>E9295438-B166-D591-1BB1-6AF98A2DD71D</referredTableID>
<keyObject>5BCEF3C1-9780-7A90-8BB1-7C5CD3968E5D</keyObject>
<referredKeyID>5BCEF3C1-9780-7A90-8BB1-7C5CD3968E5D</referredKeyID>
<mandatory>true</mandatory>
<refColNames>ID</refColNames>
<transferable>true</transferable>
<rely>false</rely>
<columnDependencyConstraintGenerateInDDL>true</columnDependencyConstraintGenerateInDDL>
</FKIndexAssociation>