<?xml version = '1.0' encoding = 'UTF-8'?>
<FKIndexAssociation class="oracle.dbtools.crest.model.design.relational.FKIndexAssociation" directorySegmentName="seg_0" id="A7F73A4E-22B2-A327-0A33-FFA32AF072AE" containerWithKeyObject="7D89CC65-8DB5-DB46-103F-0FCC57E78991" localFKIndex="A10A6D60-380F-5272-6E14-C5BC77B9067C" name="ALUMNO_USUARIO_FK">
<createdBy>JUANKA</createdBy>
<createdTime>2021-04-20 07:17:14 UTC</createdTime>
<generatorID>0541801A-D74D-3DBF-167F-309AC7291827</generatorID>
<ownerDesignName>NeuBDModeloLogico</ownerDesignName>
<importedID>1D89D779-9E56-EAA4-5166-4A18FB749E66</importedID>
<referredTableLongName>USUARIO</referredTableLongName>
<arc>40FF376E-398D-D80E-950D-0414FBCC7865</arc>
<deleteRule>NO ACTION</deleteRule>
<referredTableID>E9295438-B166-D591-1BB1-6AF98A2DD71D</referredTableID>
<keyObject>5BCEF3C1-9780-7A90-8BB1-7C5CD3968E5D</keyObject>
<referredKeyID>5BCEF3C1-9780-7A90-8BB1-7C5CD3968E5D</referredKeyID>
<mandatory>true</mandatory>
<refColNames>ID</refColNames>
<transferable>true</transferable>
<rely>false</rely>
<columnDependencyConstraintGenerateInDDL>true</columnDependencyConstraintGenerateInDDL>
</FKIndexAssociation>