<?xml version = '1.0' encoding = 'UTF-8'?>
<FKIndexAssociation class="oracle.dbtools.crest.model.design.relational.FKIndexAssociation" directorySegmentName="seg_0" id="B0712FC1-327D-6C5A-EE05-929D68CF1455" containerWithKeyObject="D3E0A3D3-A604-32F0-FCAB-F72DFB9596FA" localFKIndex="39251AF0-B4B1-3610-082A-B464981309CE" name="CLASE_GRUPO_FK">
<createdBy>JUANKA</createdBy>
<createdTime>2021-04-20 07:17:14 UTC</createdTime>
<generatorID>AF305140-49E4-2DC4-832B-AFC15199C0A7</generatorID>
<ownerDesignName>NeuBDModeloLogico</ownerDesignName>
<importedID>AEA606F7-3617-DA4F-BE97-DAE583190F4E</importedID>
<referredTableLongName>GRUPO</referredTableLongName>
<deleteRule>NO ACTION</deleteRule>
<referredTableID>FDA33623-6493-F3E6-FBDE-D80A03137AD7</referredTableID>
<keyObject>F6B9BCDB-DFE3-3CDC-A03B-C8EEE9DCFC5D</keyObject>
<referredKeyID>F6B9BCDB-DFE3-3CDC-A03B-C8EEE9DCFC5D</referredKeyID>
<mandatory>true</mandatory>
<refColNames>ID</refColNames>
<transferable>true</transferable>
<rely>false</rely>
<columnDependencyConstraintGenerateInDDL>true</columnDependencyConstraintGenerateInDDL>
</FKIndexAssociation>