<?xml version = '1.0' encoding = 'UTF-8'?>
<FKIndexAssociation class="oracle.dbtools.crest.model.design.relational.FKIndexAssociation" directorySegmentName="seg_0" id="B1EBA28F-0FA0-CA2D-D3F5-D3DC8338F825" containerWithKeyObject="AAA53ECA-8F4F-1559-C041-AAC85A146C3B" localFKIndex="EE7E7403-A07B-2C02-6F7B-CF687767AE87" name="ENCUESTA_EXPEDIENTES_FK">
<createdBy>JUANKA</createdBy>
<createdTime>2021-04-20 07:17:14 UTC</createdTime>
<generatorID>FD1C2F18-2DE3-DD92-5550-490A90DCBB69</generatorID>
<ownerDesignName>NeuBDModeloLogico</ownerDesignName>
<importedID>0A30620C-5DF1-DF11-6362-DB6C276549FF</importedID>
<referredTableLongName>EXPEDIENTES</referredTableLongName>
<deleteRule>NO ACTION</deleteRule>
<referredTableID>1B56B278-5266-48AF-FE0E-3819E38B0C9D</referredTableID>
<keyObject>9905900B-2076-E9A6-D7ED-5B962A276B0E</keyObject>
<referredKeyID>9905900B-2076-E9A6-D7ED-5B962A276B0E</referredKeyID>
<mandatory>true</mandatory>
<refColNames>Num_Expediente</refColNames>
<transferable>true</transferable>
<rely>false</rely>
<columnDependencyConstraintGenerateInDDL>true</columnDependencyConstraintGenerateInDDL>
</FKIndexAssociation>