<?xml version = '1.0' encoding = 'UTF-8'?>
<FKIndexAssociation class="oracle.dbtools.crest.model.design.relational.FKIndexAssociation" directorySegmentName="seg_0" id="B3AD51E9-4384-7637-48A9-93035AED52D0" containerWithKeyObject="42F5282D-6911-3466-EB5D-09437831E8AE" localFKIndex="7094C096-3421-8FB6-49D6-7D5F3AB22ECF" name="Relation_31_GRUPO_POR_ASIG_FK">
<createdBy>JUANKA</createdBy>
<createdTime>2021-04-20 07:17:14 UTC</createdTime>
<generatorID>B9F66AAB-3583-E06D-E32F-9B909843B1A5</generatorID>
<ownerDesignName>NeuBDModeloLogico</ownerDesignName>
<importedID>C13BDC5C-B6AE-2A36-36E2-4CAB92566F3B</importedID>
<referredTableLongName>GRUPO_POR_ASIG</referredTableLongName>
<deleteRule>NO ACTION</deleteRule>
<referredTableID>A47770E2-98F8-CCB7-0701-2B57BF1A5821</referredTableID>
<keyObject>BF112A80-3A55-9AAA-6720-2F9B22D92ED6</keyObject>
<referredKeyID>BF112A80-3A55-9AAA-6720-2F9B22D92ED6</referredKeyID>
<mandatory>true</mandatory>
<refColNames>ASIGNATURA_Referencia,GRUPO_ID,Curso_Academico</refColNames>
<transferable>true</transferable>
<rely>false</rely>
<columnDependencyConstraintGenerateInDDL>true</columnDependencyConstraintGenerateInDDL>
</FKIndexAssociation>