<?xml version = '1.0' encoding = 'UTF-8'?>
<FKIndexAssociation class="oracle.dbtools.crest.model.design.relational.FKIndexAssociation" directorySegmentName="seg_0" id="B5A5E8D1-661A-C8D6-6E46-4C46F8BD0A4D" containerWithKeyObject="8ADD3118-A690-BCBD-742B-A0089398942D" localFKIndex="DE0F9535-532F-D751-A50C-5C3FF0511CB7" name="ASIG_MATRI_ASIGNATURA_FK">
<createdBy>JUANKA</createdBy>
<createdTime>2021-04-20 07:17:14 UTC</createdTime>
<generatorID>18B44746-3A96-B4C9-C27C-987FA70974F8</generatorID>
<ownerDesignName>NeuBDModeloLogico</ownerDesignName>
<importedID>04707663-C91F-9D11-543D-ACB90F3D2AE5</importedID>
<referredTableLongName>ASIGNATURA</referredTableLongName>
<deleteRule>NO ACTION</deleteRule>
<referredTableID>9696C1BB-E26A-4225-9800-0DB8F2B7DC00</referredTableID>
<keyObject>5D9F2DE7-A357-6F6F-5BCB-B8E3CCF135D6</keyObject>
<referredKeyID>5D9F2DE7-A357-6F6F-5BCB-B8E3CCF135D6</referredKeyID>
<mandatory>true</mandatory>
<refColNames>Referencia</refColNames>
<transferable>true</transferable>
<rely>false</rely>
<columnDependencyConstraintGenerateInDDL>true</columnDependencyConstraintGenerateInDDL>
</FKIndexAssociation>