<?xml version = '1.0' encoding = 'UTF-8'?>
<FKIndexAssociation class="oracle.dbtools.crest.model.design.relational.FKIndexAssociation" directorySegmentName="seg_0" id="B7FCC8C4-15F4-D6DD-D1E2-17352A8CE235" containerWithKeyObject="FDA33623-6493-F3E6-FBDE-D80A03137AD7" localFKIndex="AEED6F6C-F9D5-A424-BD8F-5116DC0F568A" name="GRUPO_GRUPO_FK">
<createdBy>JUANKA</createdBy>
<createdTime>2021-04-20 07:17:14 UTC</createdTime>
<generatorID>9B318926-C6A7-1E42-927E-9D95EF52CDE3</generatorID>
<ownerDesignName>NeuBDModeloLogico</ownerDesignName>
<importedID>E211B8E9-4776-5741-91A8-18F103B69A63</importedID>
<referredTableLongName>GRUPO</referredTableLongName>
<deleteRule>NO ACTION</deleteRule>
<referredTableID>FDA33623-6493-F3E6-FBDE-D80A03137AD7</referredTableID>
<keyObject>F6B9BCDB-DFE3-3CDC-A03B-C8EEE9DCFC5D</keyObject>
<referredKeyID>F6B9BCDB-DFE3-3CDC-A03B-C8EEE9DCFC5D</referredKeyID>
<mandatory>false</mandatory>
<refColNames>ID</refColNames>
<transferable>true</transferable>
<rely>false</rely>
<columnDependencyConstraintGenerateInDDL>true</columnDependencyConstraintGenerateInDDL>
</FKIndexAssociation>