<?xml version = '1.0' encoding = 'UTF-8'?>
<FKIndexAssociation class="oracle.dbtools.crest.model.design.relational.FKIndexAssociation" directorySegmentName="seg_0" id="C1E7FF92-1134-BB54-D848-56390DE43DEF" containerWithKeyObject="A47770E2-98F8-CCB7-0701-2B57BF1A5821" localFKIndex="0682B6C8-BECE-A17A-20D9-C304E0F575D3" name="GRUPO_POR_ASIG_ASIGNATURA_FK">
<createdBy>JUANKA</createdBy>
<createdTime>2021-04-20 07:17:14 UTC</createdTime>
<generatorID>D4FB54E7-2F61-01C2-A329-CAB8A958688E</generatorID>
<ownerDesignName>NeuBDModeloLogico</ownerDesignName>
<importedID>0A7126F8-A881-BCA4-9006-51D2DECDD9F2</importedID>
<referredTableLongName>ASIGNATURA</referredTableLongName>
<deleteRule>NO ACTION</deleteRule>
<referredTableID>9696C1BB-E26A-4225-9800-0DB8F2B7DC00</referredTableID>
<keyObject>5D9F2DE7-A357-6F6F-5BCB-B8E3CCF135D6</keyObject>
<referredKeyID>5D9F2DE7-A357-6F6F-5BCB-B8E3CCF135D6</referredKeyID>
<mandatory>true</mandatory>
<refColNames>Referencia</refColNames>
<transferable>true</transferable>
<rely>false</rely>
<columnDependencyConstraintGenerateInDDL>true</columnDependencyConstraintGenerateInDDL>
</FKIndexAssociation>