<?xml version = '1.0' encoding = 'UTF-8'?>
<FKIndexAssociation class="oracle.dbtools.crest.model.design.relational.FKIndexAssociation" directorySegmentName="seg_0" id="C70CA101-09C6-9C14-BB7F-1091A247B04A" containerWithKeyObject="9696C1BB-E26A-4225-9800-0DB8F2B7DC00" localFKIndex="F419DB16-F121-4EE1-E6D0-64619EC4195A" name="ASIGNATURA_TITULACIÓN_FK">
<createdBy>JUANKA</createdBy>
<createdTime>2021-04-20 07:17:14 UTC</createdTime>
<generatorID>858553DE-458D-BF2A-2305-C72E1F23F3A6</generatorID>
<ownerDesignName>NeuBDModeloLogico</ownerDesignName>
<importedID>4DFCAEB8-21AE-6F86-784A-9F6B57C71271</importedID>
<referredTableLongName>TITULACIÓN</referredTableLongName>
<deleteRule>NO ACTION</deleteRule>
<referredTableID>D49FFB20-50B7-45E9-4891-6528DD722F2E</referredTableID>
<keyObject>7B07342E-54E2-777D-553B-5E01EB3DF83E</keyObject>
<referredKeyID>7B07342E-54E2-777D-553B-5E01EB3DF83E</referredKeyID>
<mandatory>true</mandatory>
<refColNames>Código</refColNames>
<transferable>true</transferable>
<rely>false</rely>
<columnDependencyConstraintGenerateInDDL>true</columnDependencyConstraintGenerateInDDL>
</FKIndexAssociation>