<?xml version = '1.0' encoding = 'UTF-8'?>
<FKIndexAssociation class="oracle.dbtools.crest.model.design.relational.FKIndexAssociation" directorySegmentName="seg_0" id="DAFF97C8-CDFD-9E82-BA38-8C9AEDE78C7D" containerWithKeyObject="88D2482C-F731-52C9-2F0E-8560C7CA30CF" localFKIndex="881FAAC2-9574-592A-4D16-B4322F713E32" name="Relation_27_TITULACIÓN_FK">
<createdBy>JUANKA</createdBy>
<createdTime>2021-04-20 07:17:14 UTC</createdTime>
<generatorID>1818261B-22B2-C2E3-0815-68AD9AE5AC9F</generatorID>
<ownerDesignName>NeuBDModeloLogico</ownerDesignName>
<importedID>AAB0FE51-0E15-001F-154B-DF6D9F1702A6</importedID>
<referredTableLongName>TITULACIÓN</referredTableLongName>
<deleteRule>NO ACTION</deleteRule>
<referredTableID>D49FFB20-50B7-45E9-4891-6528DD722F2E</referredTableID>
<keyObject>7B07342E-54E2-777D-553B-5E01EB3DF83E</keyObject>
<referredKeyID>7B07342E-54E2-777D-553B-5E01EB3DF83E</referredKeyID>
<mandatory>true</mandatory>
<refColNames>Código</refColNames>
<transferable>true</transferable>
<rely>false</rely>
<columnDependencyConstraintGenerateInDDL>true</columnDependencyConstraintGenerateInDDL>
</FKIndexAssociation>