<?xml version = '1.0' encoding = 'UTF-8'?>
<FKIndexAssociation class="oracle.dbtools.crest.model.design.relational.FKIndexAssociation" directorySegmentName="seg_0" id="E2581AA4-B3A6-5D17-C8BD-906263564943" containerWithKeyObject="D3E0A3D3-A604-32F0-FCAB-F72DFB9596FA" localFKIndex="83D52859-C7BD-6B48-02EC-2B200C00CD6C" name="CLASE_ASIGNATURA_FK">
<createdBy>JUANKA</createdBy>
<createdTime>2021-04-20 07:17:14 UTC</createdTime>
<generatorID>4933A276-18ED-77F6-9595-BFA274A780ED</generatorID>
<ownerDesignName>NeuBDModeloLogico</ownerDesignName>
<importedID>057DC394-70E2-30C9-674C-F0F23C86AC5B</importedID>
<referredTableLongName>ASIGNATURA</referredTableLongName>
<deleteRule>NO ACTION</deleteRule>
<referredTableID>9696C1BB-E26A-4225-9800-0DB8F2B7DC00</referredTableID>
<keyObject>5D9F2DE7-A357-6F6F-5BCB-B8E3CCF135D6</keyObject>
<referredKeyID>5D9F2DE7-A357-6F6F-5BCB-B8E3CCF135D6</referredKeyID>
<mandatory>true</mandatory>
<refColNames>Referencia</refColNames>
<transferable>true</transferable>
<rely>false</rely>
<columnDependencyConstraintGenerateInDDL>true</columnDependencyConstraintGenerateInDDL>
</FKIndexAssociation>