<?xml version = '1.0' encoding = 'UTF-8'?>
<FKIndexAssociation class="oracle.dbtools.crest.model.design.relational.FKIndexAssociation" directorySegmentName="seg_0" id="E6DC8F06-86AF-7220-7F60-D4658810BB05" containerWithKeyObject="42F5282D-6911-3466-EB5D-09437831E8AE" localFKIndex="ED869C1A-D1AD-F8E4-9AF3-A789CAD7D851" name="Relation_31_ENCUESTA_FK">
<createdBy>JUANKA</createdBy>
<createdTime>2021-04-20 07:17:14 UTC</createdTime>
<generatorID>B9F66AAB-3583-E06D-E32F-9B909843B1A5</generatorID>
<ownerDesignName>NeuBDModeloLogico</ownerDesignName>
<importedID>F78A0642-9FF4-038C-2A5A-0A4C935B6735</importedID>
<referredTableLongName>ENCUESTA</referredTableLongName>
<deleteRule>NO ACTION</deleteRule>
<referredTableID>AAA53ECA-8F4F-1559-C041-AAC85A146C3B</referredTableID>
<keyObject>EE3A42D9-BA95-9460-7496-8ED6EADE05B1</keyObject>
<referredKeyID>EE3A42D9-BA95-9460-7496-8ED6EADE05B1</referredKeyID>
<mandatory>true</mandatory>
<refColNames>Fecha_de_envío</refColNames>
<transferable>true</transferable>
<rely>false</rely>
<columnDependencyConstraintGenerateInDDL>true</columnDependencyConstraintGenerateInDDL>
</FKIndexAssociation>