<?xml version = '1.0' encoding = 'UTF-8'?>
<FKIndexAssociation class="oracle.dbtools.crest.model.design.relational.FKIndexAssociation" directorySegmentName="seg_0" id="F8CD4DB0-0C12-FC1B-558F-BE17E4E2918F" containerWithKeyObject="C6B1A8C2-53CD-32A3-8AE8-0C7E3D7900BD" localFKIndex="419B44DD-B194-AB18-F6FB-52B2823B283D" name="MATRÍCULA_EXPEDIENTES_FK">
<createdBy>JUANKA</createdBy>
<createdTime>2021-04-20 07:17:14 UTC</createdTime>
<generatorID>463FE457-70B7-EA16-1218-25A225CCF950</generatorID>
<ownerDesignName>NeuBDModeloLogico</ownerDesignName>
<importedID>6F474AB4-7F64-0333-9070-D5AA06DBA43F</importedID>
<referredTableLongName>EXPEDIENTES</referredTableLongName>
<deleteRule>NO ACTION</deleteRule>
<referredTableID>1B56B278-5266-48AF-FE0E-3819E38B0C9D</referredTableID>
<keyObject>9905900B-2076-E9A6-D7ED-5B962A276B0E</keyObject>
<referredKeyID>9905900B-2076-E9A6-D7ED-5B962A276B0E</referredKeyID>
<mandatory>true</mandatory>
<refColNames>Num_Expediente</refColNames>
<transferable>true</transferable>
<rely>false</rely>
<columnDependencyConstraintGenerateInDDL>true</columnDependencyConstraintGenerateInDDL>
</FKIndexAssociation>