<?xml version = '1.0' encoding = 'UTF-8'?>
<relationalModel class="oracle.dbtools.crest.model.design.relational.RelationalDesign" name="Relational_1" id="78CF1A61-6F94-91F7-94B2-01E730B1C647" mainViewID="0B3E8465-7EE4-653E-C723-FDC331AEAD79">
<createdBy>JUANKA</createdBy>
<createdTime>2021-04-01 09:18:07 UTC</createdTime>
<ownerDesignName>EntidadRelacionFinal</ownerDesignName>
<shouldBeOpen>false</shouldBeOpen>
<selectedRDBMSSite>32076570-2523-435C-2E92-BF29817DFF70</selectedRDBMSSite>
</relationalModel>