<?xml version = '1.0' encoding = 'UTF-8'?>
<Entity class="oracle.dbtools.crest.model.design.logical.Entity" directorySegmentName="seg_0" id="414A4D84-D08B-3737-E422-89C198F74FA4" name="ASIGNATURAS_MATRÍCULA">
<createdBy>JUANKA</createdBy>
<createdTime>2021-04-01 09:18:31 UTC</createdTime>
<ownerDesignName>EntidadRelacionFinal</ownerDesignName>
<importedID>24F5FDFF-BAA9-CCAD-F9C2-5718F4708F37</importedID>
<engineerTo>
<item key="32BC3F49-CA9F-3F1B-BC11-CC8FE8B84DEE" value="true"/>
<item key="78CF1A61-6F94-91F7-94B2-01E730B1C647" value="true"/>
</engineerTo>
<adequatelyNormalized>NO</adequatelyNormalized>
<expectedVolumes>0</expectedVolumes>
<fwdEngineeringStrategyName>Single Table</fwdEngineeringStrategyName>
<growthPercent>0</growthPercent>
<growthType>Year</growthType>
<maxVolumes>9999999</maxVolumes>
<minVolumes>0</minVolumes>
<normalForm>Third</normalForm>
<attributes itemClass="oracle.dbtools.crest.model.design.logical.Attribute">
<Attribute name="Referencia" id="6BB8A772-C664-9F0E-4DBB-2E5FA8BB063D">
<createdBy>JUANKA</createdBy>
<createdTime>2021-04-01 09:18:31 UTC</createdTime>
<generatorID>B65E0B86-7720-A7D2-61E7-8B1281FC821E</generatorID>
<ownerDesignName>EntidadRelacionFinal</ownerDesignName>
<importedID>CC07769E-C371-294D-58D5-594E085AE9AC</importedID>
<engineerTo>
<item key="32BC3F49-CA9F-3F1B-BC11-CC8FE8B84DEE" value="true"/>
<item key="78CF1A61-6F94-91F7-94B2-01E730B1C647" value="true"/>
</engineerTo>
<referedAttribute>97141A2B-947F-A9C5-D9E7-FDF1D2491CAA</referedAttribute>
<useDomainConstraints>false</useDomainConstraints>
<use>1</use>
<logicalDatatype>LOGDT024</logicalDatatype>
<dataTypeSize>180 CHAR</dataTypeSize>
<ownDataTypeParameters>180 CHAR,,</ownDataTypeParameters>
</Attribute>
<Attribute name="Código1" id="A58A153B-E775-E433-C3FA-130BDC2A636A">
<createdBy>JUANKA</createdBy>
<createdTime>2021-04-01 09:18:31 UTC</createdTime>
<generatorID>B65E0B86-7720-A7D2-61E7-8B1281FC821E</generatorID>
<ownerDesignName>EntidadRelacionFinal</ownerDesignName>
<importedID>D228E003-EE21-AFE7-E5A7-4CA2EACCCEFF</importedID>
<engineerTo>
<item key="32BC3F49-CA9F-3F1B-BC11-CC8FE8B84DEE" value="true"/>
<item key="78CF1A61-6F94-91F7-94B2-01E730B1C647" value="true"/>
</engineerTo>
<referedAttribute>1EF07749-937D-EA87-12C6-669A6348FFF2</referedAttribute>
<useDomainConstraints>false</useDomainConstraints>
<use>1</use>
<logicalDatatype>LOGDT024</logicalDatatype>
<dataTypeSize>180 CHAR</dataTypeSize>
<ownDataTypeParameters>180 CHAR,,</ownDataTypeParameters>
</Attribute>
<Attribute name="Num_Expediente" id="164B7A28-7A99-B5A0-DCE4-52C1DDE2A7DE">
<createdBy>JUANKA</createdBy>
<createdTime>2021-04-01 09:18:31 UTC</createdTime>
<generatorID>239D81C8-2E6C-1DA1-31D2-A45851DF27F4</generatorID>
<ownerDesignName>EntidadRelacionFinal</ownerDesignName>
<importedID>ED29995E-FCB6-AEC5-F26B-2E445DD17BF3</importedID>
<engineerTo>
<item key="32BC3F49-CA9F-3F1B-BC11-CC8FE8B84DEE" value="true"/>
<item key="78CF1A61-6F94-91F7-94B2-01E730B1C647" value="true"/>
</engineerTo>
<referedAttribute>CB769D78-EA2B-2D15-5E69-D33F7BCCCABA</referedAttribute>
<useDomainConstraints>false</useDomainConstraints>
<use>1</use>
<logicalDatatype>LOGDT024</logicalDatatype>
<dataTypeSize>180 CHAR</dataTypeSize>
<ownDataTypeParameters>180 CHAR,,</ownDataTypeParameters>
</Attribute>
<Attribute name="Curso_académico" id="265AD968-F509-0DA5-FF51-4C148B42C12E">
<createdBy>JUANKA</createdBy>
<createdTime>2021-04-01 09:18:31 UTC</createdTime>
<generatorID>239D81C8-2E6C-1DA1-31D2-A45851DF27F4</generatorID>
<ownerDesignName>EntidadRelacionFinal</ownerDesignName>
<importedID>59DDD351-E7D6-56D9-F15F-6998BE68B976</importedID>
<engineerTo>
<item key="32BC3F49-CA9F-3F1B-BC11-CC8FE8B84DEE" value="true"/>
<item key="78CF1A61-6F94-91F7-94B2-01E730B1C647" value="true"/>
</engineerTo>
<referedAttribute>B21D6511-E77A-AFFF-0E8E-9E326DF2C1F9</referedAttribute>
<useDomainConstraints>false</useDomainConstraints>
<use>1</use>
<logicalDatatype>LOGDT024</logicalDatatype>
<dataTypeSize>180 CHAR</dataTypeSize>
<ownDataTypeParameters>180 CHAR,,</ownDataTypeParameters>
</Attribute>
<Attribute name="ID" id="5DC44647-C25C-6209-7507-EB3B0314AA81">
<createdBy>JUANKA</createdBy>
<createdTime>2021-04-01 09:18:31 UTC</createdTime>
<generatorID>42435EE7-C1EE-BF57-4FC6-1B26A8544AB3</generatorID>
<ownerDesignName>EntidadRelacionFinal</ownerDesignName>
<importedID>30737AC7-B889-D85B-3848-166F3183C661</importedID>
<engineerTo>
<item key="32BC3F49-CA9F-3F1B-BC11-CC8FE8B84DEE" value="true"/>
<item key="78CF1A61-6F94-91F7-94B2-01E730B1C647" value="true"/>
</engineerTo>
<nullsAllowed>true</nullsAllowed>
<referedAttribute>D828646C-3BEE-C083-A440-4C8CA346576E</referedAttribute>
<useDomainConstraints>false</useDomainConstraints>
<use>1</use>
<logicalDatatype>LOGDT024</logicalDatatype>
<dataTypeSize>180 CHAR</dataTypeSize>
<ownDataTypeParameters>180 CHAR,,</ownDataTypeParameters>
</Attribute>
</attributes>
<identifiers itemClass="oracle.dbtools.crest.model.design.logical.CandidateKey">
<identifier id="82CBA156-BF44-EBF1-9423-D8D557AAF95B" name="ASIGNATURAS_MATRÍCULA PK">
<createdBy>JUANKA</createdBy>
<createdTime>2021-04-01 09:18:31 UTC</createdTime>
<ownerDesignName>EntidadRelacionFinal</ownerDesignName>
<importedID>4C98088F-DFA3-63EF-7898-0A568325A644</importedID>
<engineerTo>
<item key="32BC3F49-CA9F-3F1B-BC11-CC8FE8B84DEE" value="true"/>
<item key="78CF1A61-6F94-91F7-94B2-01E730B1C647" value="true"/>
</engineerTo>
<pk>true</pk>
<usedAttributes>
<attributeRef>164B7A28-7A99-B5A0-DCE4-52C1DDE2A7DE</attributeRef>
<attributeRef>265AD968-F509-0DA5-FF51-4C148B42C12E</attributeRef>
<attributeRef>6BB8A772-C664-9F0E-4DBB-2E5FA8BB063D</attributeRef>
<attributeRef>A58A153B-E775-E433-C3FA-130BDC2A636A</attributeRef>
</usedAttributes>
</identifier>
</identifiers>
</Entity>