<?xml version = '1.0' encoding = 'UTF-8'?>
<Entity class="oracle.dbtools.crest.model.design.logical.Entity" directorySegmentName="seg_0" id="4E33167A-31F3-CA76-7242-D304261C1356" name="GRUPO">
<createdBy>JUANKA</createdBy>
<createdTime>2021-04-01 09:18:31 UTC</createdTime>
<ownerDesignName>EntidadRelacionFinal</ownerDesignName>
<importedID>A1A9E807-BC43-5655-3541-F74C85C4F031</importedID>
<engineerTo>
<item key="32BC3F49-CA9F-3F1B-BC11-CC8FE8B84DEE" value="true"/>
<item key="78CF1A61-6F94-91F7-94B2-01E730B1C647" value="true"/>
</engineerTo>
<adequatelyNormalized>NO</adequatelyNormalized>
<expectedVolumes>0</expectedVolumes>
<fwdEngineeringStrategyName>Single Table</fwdEngineeringStrategyName>
<growthPercent>0</growthPercent>
<growthType>Year</growthType>
<maxVolumes>9999999</maxVolumes>
<minVolumes>0</minVolumes>
<normalForm>Third</normalForm>
<attributes itemClass="oracle.dbtools.crest.model.design.logical.Attribute">
<Attribute name="ID" id="D828646C-3BEE-C083-A440-4C8CA346576E">
<createdBy>JUANKA</createdBy>
<createdTime>2021-04-01 09:18:31 UTC</createdTime>
<ownerDesignName>EntidadRelacionFinal</ownerDesignName>
<importedID>4E2DC7CC-27CD-19EF-FBE5-D3E13F30A678</importedID>
<engineerTo>
<item key="32BC3F49-CA9F-3F1B-BC11-CC8FE8B84DEE" value="true"/>
<item key="78CF1A61-6F94-91F7-94B2-01E730B1C647" value="true"/>
</engineerTo>
<useDomainConstraints>false</useDomainConstraints>
<use>1</use>
<logicalDatatype>LOGDT024</logicalDatatype>
<dataTypeSize>180 CHAR</dataTypeSize>
<ownDataTypeParameters>180 CHAR,,</ownDataTypeParameters>
</Attribute>
<Attribute name="Curso" id="6AA65161-B295-2473-B296-ABA061C035A2">
<createdBy>JUANKA</createdBy>
<createdTime>2021-04-01 09:18:31 UTC</createdTime>
<ownerDesignName>EntidadRelacionFinal</ownerDesignName>
<importedID>5042D98B-C0D8-2D25-7CA2-4D122D7514C8</importedID>
<engineerTo>
<item key="32BC3F49-CA9F-3F1B-BC11-CC8FE8B84DEE" value="true"/>
<item key="78CF1A61-6F94-91F7-94B2-01E730B1C647" value="true"/>
</engineerTo>
<useDomainConstraints>false</useDomainConstraints>
<use>1</use>
<logicalDatatype>LOGDT024</logicalDatatype>
<dataTypeSize>180 CHAR</dataTypeSize>
<ownDataTypeParameters>180 CHAR,,</ownDataTypeParameters>
</Attribute>
<Attribute name="Letra" id="597FAEDC-C931-86CC-9D57-C3BD2179CE9E">
<createdBy>JUANKA</createdBy>
<createdTime>2021-04-01 09:18:31 UTC</createdTime>
<ownerDesignName>EntidadRelacionFinal</ownerDesignName>
<importedID>57970E02-567B-04CB-1D5A-2E42B9123F63</importedID>
<engineerTo>
<item key="32BC3F49-CA9F-3F1B-BC11-CC8FE8B84DEE" value="true"/>
<item key="78CF1A61-6F94-91F7-94B2-01E730B1C647" value="true"/>
</engineerTo>
<useDomainConstraints>false</useDomainConstraints>
<use>1</use>
<logicalDatatype>LOGDT024</logicalDatatype>
<dataTypeSize>180 CHAR</dataTypeSize>
<ownDataTypeParameters>180 CHAR,,</ownDataTypeParameters>
</Attribute>
<Attribute name="Turno_Mañana_Tarde" id="0A54D1C5-6360-12F5-75AA-3D1F7ADFFE64">
<createdBy>JUANKA</createdBy>
<createdTime>2021-04-01 09:18:31 UTC</createdTime>
<ownerDesignName>EntidadRelacionFinal</ownerDesignName>
<importedID>AF0909EE-826B-5C32-5510-C0B87F84DF3C</importedID>
<engineerTo>
<item key="32BC3F49-CA9F-3F1B-BC11-CC8FE8B84DEE" value="true"/>
<item key="78CF1A61-6F94-91F7-94B2-01E730B1C647" value="true"/>
</engineerTo>
<useDomainConstraints>false</useDomainConstraints>
<use>1</use>
<logicalDatatype>LOGDT024</logicalDatatype>
<dataTypeSize>180 CHAR</dataTypeSize>
<ownDataTypeParameters>180 CHAR,,</ownDataTypeParameters>
</Attribute>
<Attribute name="Inglés" id="42401D5E-7E03-DF98-CBBE-2829E5471A07">
<createdBy>JUANKA</createdBy>
<createdTime>2021-04-01 09:18:31 UTC</createdTime>
<ownerDesignName>EntidadRelacionFinal</ownerDesignName>
<importedID>BB00C8DD-54D5-3ABA-9172-F35AE330C073</importedID>
<engineerTo>
<item key="32BC3F49-CA9F-3F1B-BC11-CC8FE8B84DEE" value="true"/>
<item key="78CF1A61-6F94-91F7-94B2-01E730B1C647" value="true"/>
</engineerTo>
<useDomainConstraints>false</useDomainConstraints>
<use>1</use>
<logicalDatatype>LOGDT024</logicalDatatype>
<dataTypeSize>180 CHAR</dataTypeSize>
<ownDataTypeParameters>180 CHAR,,</ownDataTypeParameters>
</Attribute>
<Attribute name="Visible" id="7AAE8AD8-8E4B-C3E9-1B6B-F84199E9A13B">
<createdBy>JUANKA</createdBy>
<createdTime>2021-04-01 09:18:31 UTC</createdTime>
<ownerDesignName>EntidadRelacionFinal</ownerDesignName>
<importedID>9AADE434-09C2-7E06-759F-ABE24108577B</importedID>
<engineerTo>
<item key="32BC3F49-CA9F-3F1B-BC11-CC8FE8B84DEE" value="true"/>
<item key="78CF1A61-6F94-91F7-94B2-01E730B1C647" value="true"/>
</engineerTo>
<nullsAllowed>true</nullsAllowed>
<useDomainConstraints>false</useDomainConstraints>
<use>1</use>
<logicalDatatype>LOGDT024</logicalDatatype>
<dataTypeSize>180 CHAR</dataTypeSize>
<ownDataTypeParameters>180 CHAR,,</ownDataTypeParameters>
</Attribute>
<Attribute name="Asignar" id="A78331D7-A12A-B98B-3C4B-A5868CAF1AF3">
<createdBy>JUANKA</createdBy>
<createdTime>2021-04-01 09:18:31 UTC</createdTime>
<ownerDesignName>EntidadRelacionFinal</ownerDesignName>
<importedID>34321862-6513-09AE-DE66-3985A0270DC1</importedID>
<engineerTo>
<item key="32BC3F49-CA9F-3F1B-BC11-CC8FE8B84DEE" value="true"/>
<item key="78CF1A61-6F94-91F7-94B2-01E730B1C647" value="true"/>
</engineerTo>
<nullsAllowed>true</nullsAllowed>
<useDomainConstraints>false</useDomainConstraints>
<use>1</use>
<logicalDatatype>LOGDT024</logicalDatatype>
<dataTypeSize>180 CHAR</dataTypeSize>
<ownDataTypeParameters>180 CHAR,,</ownDataTypeParameters>
</Attribute>
<Attribute name="Plazas" id="DFA49FDC-67C6-BC69-1E85-EC52786EA7AF">
<createdBy>JUANKA</createdBy>
<createdTime>2021-04-01 09:18:31 UTC</createdTime>
<ownerDesignName>EntidadRelacionFinal</ownerDesignName>
<importedID>0CDE7D9E-BD12-7E85-50CF-044500BA767F</importedID>
<engineerTo>
<item key="32BC3F49-CA9F-3F1B-BC11-CC8FE8B84DEE" value="true"/>
<item key="78CF1A61-6F94-91F7-94B2-01E730B1C647" value="true"/>
</engineerTo>
<nullsAllowed>true</nullsAllowed>
<useDomainConstraints>false</useDomainConstraints>
<use>1</use>
<logicalDatatype>LOGDT024</logicalDatatype>
<dataTypeSize>180 CHAR</dataTypeSize>
<ownDataTypeParameters>180 CHAR,,</ownDataTypeParameters>
</Attribute>
<Attribute name="Código" id="40F19632-4F0A-962D-634E-B73978FA5DE3">
<createdBy>JUANKA</createdBy>
<createdTime>2021-04-01 09:18:31 UTC</createdTime>
<generatorID>00ABABE2-57AD-2191-56E6-EEEF01B38E04</generatorID>
<ownerDesignName>EntidadRelacionFinal</ownerDesignName>
<importedID>B149321E-B62B-864B-0D61-5B79BA63665A</importedID>
<engineerTo>
<item key="32BC3F49-CA9F-3F1B-BC11-CC8FE8B84DEE" value="true"/>
<item key="78CF1A61-6F94-91F7-94B2-01E730B1C647" value="true"/>
</engineerTo>
<referedAttribute>BE92E3D3-7EEC-5512-49CC-924A42CF6642</referedAttribute>
<useDomainConstraints>false</useDomainConstraints>
<use>1</use>
<logicalDatatype>LOGDT024</logicalDatatype>
<dataTypeSize>180 CHAR</dataTypeSize>
<ownDataTypeParameters>180 CHAR,,</ownDataTypeParameters>
</Attribute>
<Attribute name="ID1" id="9CE7B849-8606-9A36-BFE7-D416F0250BD4">
<createdBy>JUANKA</createdBy>
<createdTime>2021-04-01 09:18:31 UTC</createdTime>
<generatorID>FEA626BD-2D1E-1CCE-D0B9-A0533B6DD35C</generatorID>
<ownerDesignName>EntidadRelacionFinal</ownerDesignName>
<importedID>D45FD80E-1F14-8939-6A34-A943C7E8810D</importedID>
<engineerTo>
<item key="32BC3F49-CA9F-3F1B-BC11-CC8FE8B84DEE" value="true"/>
<item key="78CF1A61-6F94-91F7-94B2-01E730B1C647" value="true"/>
</engineerTo>
<nullsAllowed>true</nullsAllowed>
<referedAttribute>D828646C-3BEE-C083-A440-4C8CA346576E</referedAttribute>
<useDomainConstraints>false</useDomainConstraints>
<use>1</use>
<logicalDatatype>LOGDT024</logicalDatatype>
<dataTypeSize>180 CHAR</dataTypeSize>
<ownDataTypeParameters>,,</ownDataTypeParameters>
</Attribute>
</attributes>
<identifiers itemClass="oracle.dbtools.crest.model.design.logical.CandidateKey">
<identifier id="D65316D4-2EAE-0A90-640B-71A332622175" name="GRUPO PK">
<createdBy>JUANKA</createdBy>
<createdTime>2021-04-01 09:18:31 UTC</createdTime>
<ownerDesignName>EntidadRelacionFinal</ownerDesignName>
<importedID>F8B391A3-4636-9AB7-2BE0-0E17E5B1181C</importedID>
<engineerTo>
<item key="32BC3F49-CA9F-3F1B-BC11-CC8FE8B84DEE" value="true"/>
<item key="78CF1A61-6F94-91F7-94B2-01E730B1C647" value="true"/>
</engineerTo>
<pk>true</pk>
<usedAttributes>
<attributeRef>D828646C-3BEE-C083-A440-4C8CA346576E</attributeRef>
</usedAttributes>
</identifier>
<identifier id="5340E363-CBD0-F392-C6CC-6BBA8D6F0F59" name="Key_2">
<createdBy>JUANKA</createdBy>
<createdTime>2021-04-01 09:18:31 UTC</createdTime>
<ownerDesignName>EntidadRelacionFinal</ownerDesignName>
<importedID>D0DF79AA-9F4D-58C6-6F77-A9992DA5F336</importedID>
<engineerTo>
<item key="32BC3F49-CA9F-3F1B-BC11-CC8FE8B84DEE" value="true"/>
<item key="78CF1A61-6F94-91F7-94B2-01E730B1C647" value="true"/>
</engineerTo>
<usedAttributes>
<attributeRef>6AA65161-B295-2473-B296-ABA061C035A2</attributeRef>
</usedAttributes>
</identifier>
<identifier id="2C3A27D8-982A-CDA1-FC9E-76ECC81AF9BF" name="Key_3">
<createdBy>JUANKA</createdBy>
<createdTime>2021-04-01 09:18:31 UTC</createdTime>
<ownerDesignName>EntidadRelacionFinal</ownerDesignName>
<importedID>1069A73E-5380-E907-8DDA-C5684E41663F</importedID>
<engineerTo>
<item key="32BC3F49-CA9F-3F1B-BC11-CC8FE8B84DEE" value="true"/>
<item key="78CF1A61-6F94-91F7-94B2-01E730B1C647" value="true"/>
</engineerTo>
<usedAttributes>
<attributeRef>597FAEDC-C931-86CC-9D57-C3BD2179CE9E</attributeRef>
</usedAttributes>
</identifier>
</identifiers>
</Entity>