<?xml version = '1.0' encoding = 'UTF-8'?>
<Entity class="oracle.dbtools.crest.model.design.logical.Entity" directorySegmentName="seg_0" id="BE40980C-FBA8-BEE8-9AA9-7217837F70E4" name="SECRETARI@">
<createdBy>JUANKA</createdBy>
<createdTime>2021-04-01 09:18:31 UTC</createdTime>
<ownerDesignName>EntidadRelacionFinal</ownerDesignName>
<importedID>C8FC802D-60A0-D5B9-0C44-929A5829D712</importedID>
<engineerTo>
<item key="32BC3F49-CA9F-3F1B-BC11-CC8FE8B84DEE" value="true"/>
<item key="78CF1A61-6F94-91F7-94B2-01E730B1C647" value="true"/>
</engineerTo>
<adequatelyNormalized>NO</adequatelyNormalized>
<expectedVolumes>0</expectedVolumes>
<fwdEngineeringStrategyName>Single Table</fwdEngineeringStrategyName>
<growthPercent>0</growthPercent>
<growthType>Year</growthType>
<hierarchicalParent>DD1EDC97-0CC9-57F5-CA76-E495D30429CC</hierarchicalParent>
<maxVolumes>9999999</maxVolumes>
<minVolumes>0</minVolumes>
<normalForm>Third</normalForm>
</Entity>