<?xml version = '1.0' encoding = 'UTF-8'?>
<Diagram class="oracle.dbtools.crest.swingui.logical.DPVLogical" name="Logical" id="31FE9E07-94EF-E807-34DE-EA82C2E58975">
<createdBy>JUANKA</createdBy>
<modifiedBy>JUANKA</modifiedBy>
<createdTime>2021-04-01 09:18:31 UTC</createdTime>
<autoRoute>false</autoRoute>
<boxInbox>true</boxInbox>
<showLegend>false</showLegend>
<showLabels>true</showLabels>
<showRelAttributes>false</showRelAttributes>
<gridEnabled>false</gridEnabled>
<showGrid>false</showGrid>
<diagramColor>-1</diagramColor>
<display>false</display>
<notation>1</notation>
<objectViews>
<OView class="oracle.dbtools.crest.swingui.logical.TVEntity" oid="1876D958-BC27-8E81-AFE6-2FC9EE01F99B" otype="Entity" vid="CF34314A-F27F-D312-499A-D152936A0417">
<hideElementsInCurrentOnly>false</hideElementsInCurrentOnly>
<bounds x="495" y="538" width="169" height="59"/>
</OView>
<OView class="oracle.dbtools.crest.swingui.logical.TVEntity" oid="1DDA40E4-0CD2-45C4-131C-2733EA79BC21" otype="Entity" vid="74586705-9DF3-3420-F6AA-214425935EE2">
<hideElementsInCurrentOnly>false</hideElementsInCurrentOnly>
<bounds x="333" y="527" width="122" height="131"/>
</OView>
<OView class="oracle.dbtools.crest.swingui.logical.TVEntity" oid="3FF504F7-D7C9-61E1-1E1B-704EB3F2A45A" otype="Entity" vid="C8A8EF0B-7C5B-44C5-8D41-E7E354C1A1E7">
<hideElementsInCurrentOnly>false</hideElementsInCurrentOnly>
<bounds x="974" y="363" width="116" height="57"/>
</OView>
<OView class="oracle.dbtools.crest.swingui.logical.TVEntity" oid="414A4D84-D08B-3737-E422-89C198F74FA4" otype="Entity" vid="D2C8B139-216E-2A7F-4592-F84E4C1707D7">
<hideElementsInCurrentOnly>false</hideElementsInCurrentOnly>
<bounds x="326" y="708" width="179" height="44"/>
</OView>
<OView class="oracle.dbtools.crest.swingui.logical.TVEntity" oid="4B9D0F1B-F45D-A2B8-8F03-DBE2DFE1AB71" otype="Entity" vid="0D305601-D74D-CBCD-97EC-5243828E856C">
<hideElementsInCurrentOnly>false</hideElementsInCurrentOnly>
<bounds x="1236" y="32" width="123" height="69"/>
</OView>
<OView class="oracle.dbtools.crest.swingui.logical.TVEntity" oid="4E33167A-31F3-CA76-7242-D304261C1356" otype="Entity" vid="3D73EFC9-8B0D-DC3D-0F85-3D9CFA05E67F">
<hideElementsInCurrentOnly>false</hideElementsInCurrentOnly>
<bounds x="1251" y="713" width="168" height="151"/>
</OView>
<OView class="oracle.dbtools.crest.swingui.logical.TVEntity" oid="640252D4-C917-700B-8DDD-C2A8C94D22A1" otype="Entity" vid="F83BECDB-043E-705B-071A-903272B1FCD4">
<hideElementsInCurrentOnly>false</hideElementsInCurrentOnly>
<bounds x="1470" y="344" width="170" height="378"/>
</OView>
<OView class="oracle.dbtools.crest.swingui.logical.TVEntity" oid="719ED975-327E-36D0-8B80-58B5AB313FF7" otype="Entity" vid="D9F7840A-8A3E-A1F6-3EFC-9BF3B1744F26">
<hideElementsInCurrentOnly>false</hideElementsInCurrentOnly>
<bounds x="1448" y="104" width="196" height="206"/>
</OView>
<OView class="oracle.dbtools.crest.swingui.logical.TVEntity" oid="7B48A145-1404-7033-4615-9F8D0C3CE5ED" otype="Entity" vid="84FDEE37-9E5D-090C-9FF9-A3709DB6372A">
<hideElementsInCurrentOnly>false</hideElementsInCurrentOnly>
<bounds x="438" y="18" width="133" height="81"/>
</OView>
<OView class="oracle.dbtools.crest.swingui.logical.TVEntity" oid="8545D259-39EE-E082-D3E3-C73C567BFEFD" otype="Entity" vid="253490A2-59F1-A2D0-98CF-560A90E03370">
<hideElementsInCurrentOnly>false</hideElementsInCurrentOnly>
<bounds x="978" y="427" width="92" height="55"/>
</OView>
<OView class="oracle.dbtools.crest.swingui.logical.TVEntity" oid="87AEA170-A71E-40AF-93C5-0F45FE2390BB" otype="Entity" vid="5919DFF7-31CB-45B1-4475-45ECF5941B6B">
<hideElementsInCurrentOnly>false</hideElementsInCurrentOnly>
<bounds x="499" y="306" width="110" height="57"/>
</OView>
<OView class="oracle.dbtools.crest.swingui.logical.TVEntity" oid="8AEE6D82-C04B-628F-1D6E-6E0255D4ED77" otype="Entity" vid="83AB06E5-CB37-1D24-2E3A-80164D016919">
<hideElementsInCurrentOnly>false</hideElementsInCurrentOnly>
<bounds x="62" y="774" width="119" height="87"/>
</OView>
<OView class="oracle.dbtools.crest.swingui.logical.TVEntity" oid="BE40980C-FBA8-BEE8-9AA9-7217837F70E4" otype="Entity" vid="6CD44EB4-D13E-573E-5DDC-91970989DAE9">
<hideElementsInCurrentOnly>false</hideElementsInCurrentOnly>
<bounds x="977" y="495" width="100" height="35"/>
</OView>
<OView class="oracle.dbtools.crest.swingui.logical.TVEntity" oid="BEFF6591-C1C0-7278-8005-91CDE61066BB" otype="Entity" vid="545B6A3A-EE41-0698-BF67-BCD07B904F4B">
<hideElementsInCurrentOnly>false</hideElementsInCurrentOnly>
<bounds x="70" y="248" width="181" height="273"/>
</OView>
<OView class="oracle.dbtools.crest.swingui.logical.TVEntity" oid="C514AD6B-DA66-278C-DD08-DDF3CD9989CC" otype="Entity" vid="2FFE0AEF-6285-66F4-2AA1-7677EFB5A8A8">
<hideElementsInCurrentOnly>false</hideElementsInCurrentOnly>
<bounds x="79" y="440" width="161" height="67"/>
</OView>
<OView class="oracle.dbtools.crest.swingui.logical.TVEntity" oid="DD1EDC97-0CC9-57F5-CA76-E495D30429CC" otype="Entity" vid="B0151A03-9AA5-EAFB-7169-1AE026803EE9">
<hideElementsInCurrentOnly>false</hideElementsInCurrentOnly>
<bounds x="964" y="177" width="169" height="380"/>
</OView>
<OView class="oracle.dbtools.crest.swingui.logical.TVEntity" oid="F4C62850-8423-87B6-3055-42C1257FE7B3" otype="Entity" vid="D93691B9-F1B1-756C-D9E8-E9975A7C7B5E">
<hideElementsInCurrentOnly>false</hideElementsInCurrentOnly>
<bounds x="342" y="103" width="147" height="176"/>
</OView>
</objectViews>
<connectors>
<Connector class="oracle.dbtools.crest.swingui.logical.TVRelation" oid="00ABABE2-57AD-2191-56E6-EEEF01B38E04" otype="Relation" vid_source="0D305601-D74D-CBCD-97EC-5243828E856C" vid_target="3D73EFC9-8B0D-DC3D-0F85-3D9CFA05E67F">
<hideElementsInCurrentOnly>false</hideElementsInCurrentOnly>
<backgroundColor>-16777216</backgroundColor>
<lineWidth>1</lineWidth>
<points>
<point x="1305" y="101"/>
<point x="1305" y="713"/>
</points>
</Connector>
<Connector class="oracle.dbtools.crest.swingui.logical.TVRelation" oid="23169001-19A5-8B73-7355-A8C0027DB827" otype="Relation" vid_source="CF34314A-F27F-D312-499A-D152936A0417" vid_target="5919DFF7-31CB-45B1-4475-45ECF5941B6B">
<hideElementsInCurrentOnly>false</hideElementsInCurrentOnly>
<backgroundColor>-16777216</backgroundColor>
<lineWidth>1</lineWidth>
<points>
<point x="554" y="538"/>
<point x="554" y="363"/>
</points>
</Connector>
<Connector class="oracle.dbtools.crest.swingui.logical.TVRelation" oid="239D81C8-2E6C-1DA1-31D2-A45851DF27F4" otype="Relation" vid_source="74586705-9DF3-3420-F6AA-214425935EE2" vid_target="D2C8B139-216E-2A7F-4592-F84E4C1707D7">
<hideElementsInCurrentOnly>false</hideElementsInCurrentOnly>
<backgroundColor>-16777216</backgroundColor>
<lineWidth>1</lineWidth>
<points>
<point x="394" y="658"/>
<point x="394" y="708"/>
</points>
</Connector>
<Connector class="oracle.dbtools.crest.swingui.logical.TVRelation" oid="25C9CE14-0FC7-9EA1-1737-A06B285DE5A8" otype="Relation" vid_source="253490A2-59F1-A2D0-98CF-560A90E03370" vid_target="545B6A3A-EE41-0698-BF67-BCD07B904F4B">
<hideElementsInCurrentOnly>false</hideElementsInCurrentOnly>
<backgroundColor>-16777216</backgroundColor>
<lineWidth>1</lineWidth>
<sourceLabel class="oracle.dbtools.crest.model.design.Label">
<site>0</site>
<labelBounds x="953" y="463" width="51" height="30"/>
<noBackgroundColor>true</noBackgroundColor>
<noForegroundColor>true</noForegroundColor>
</sourceLabel>
<targetLabel class="oracle.dbtools.crest.model.design.Label">
<site>2</site>
<labelBounds x="176" y="463" width="74" height="30"/>
<noBackgroundColor>true</noBackgroundColor>
<noForegroundColor>true</noForegroundColor>
</targetLabel>
<points>
<point x="978" y="454"/>
<point x="251" y="454"/>
</points>
</Connector>
<Connector class="oracle.dbtools.crest.swingui.logical.TVRelation" oid="2F1E7A05-CC33-2860-0FB0-2AD8BE47084D" otype="Relation" vid_source="84FDEE37-9E5D-090C-9FF9-A3709DB6372A" vid_target="0D305601-D74D-CBCD-97EC-5243828E856C">
<hideElementsInCurrentOnly>false</hideElementsInCurrentOnly>
<backgroundColor>-16777216</backgroundColor>
<lineWidth>1</lineWidth>
<points>
<point x="571" y="65"/>
<point x="1236" y="65"/>
</points>
</Connector>
<Connector class="oracle.dbtools.crest.swingui.logical.TVInheritanceRelation" oid="356708A0-329B-8320-AAEC-D08DA676D672" otype="Hierarchy relation" vid_source="545B6A3A-EE41-0698-BF67-BCD07B904F4B" vid_target="2FFE0AEF-6285-66F4-2AA1-7677EFB5A8A8">
<hideElementsInCurrentOnly>false</hideElementsInCurrentOnly>
<backgroundColor>-65536</backgroundColor>
<lineWidth>1</lineWidth>
</Connector>
<Connector class="oracle.dbtools.crest.swingui.logical.TVRelation" oid="42435EE7-C1EE-BF57-4FC6-1B26A8544AB3" otype="Relation" vid_source="3D73EFC9-8B0D-DC3D-0F85-3D9CFA05E67F" vid_target="D2C8B139-216E-2A7F-4592-F84E4C1707D7">
<hideElementsInCurrentOnly>false</hideElementsInCurrentOnly>
<backgroundColor>-16777216</backgroundColor>
<lineWidth>1</lineWidth>
<points>
<point x="1251" y="732"/>
<point x="505" y="732"/>
</points>
</Connector>
<Connector class="oracle.dbtools.crest.swingui.logical.TVRelation" oid="498C0F59-CA2B-C770-BD97-9BD88F3B6C88" otype="Relation" vid_source="C8A8EF0B-7C5B-44C5-8D41-E7E354C1A1E7" vid_target="D93691B9-F1B1-756C-D9E8-E9975A7C7B5E">
<hideElementsInCurrentOnly>false</hideElementsInCurrentOnly>
<backgroundColor>-16777216</backgroundColor>
<lineWidth>1</lineWidth>
<points>
<point x="974" y="372"/>
<point x="489" y="214"/>
</points>
</Connector>
<Connector class="oracle.dbtools.crest.swingui.logical.TVInheritanceRelation" oid="4A198B45-8FB3-EA3D-299E-F0F2FBBDD465" otype="Hierarchy relation" vid_source="B0151A03-9AA5-EAFB-7169-1AE026803EE9" vid_target="253490A2-59F1-A2D0-98CF-560A90E03370">
<hideElementsInCurrentOnly>false</hideElementsInCurrentOnly>
<backgroundColor>-65536</backgroundColor>
<lineWidth>1</lineWidth>
</Connector>
<Connector class="oracle.dbtools.crest.swingui.logical.TVRelation" oid="51E2D7DC-3059-4D14-1035-5A288DF4557A" otype="Relation" vid_source="545B6A3A-EE41-0698-BF67-BCD07B904F4B" vid_target="CF34314A-F27F-D312-499A-D152936A0417">
<hideElementsInCurrentOnly>false</hideElementsInCurrentOnly>
<backgroundColor>-16777216</backgroundColor>
<lineWidth>1</lineWidth>
<points>
<point x="251" y="424"/>
<point x="511" y="538"/>
</points>
</Connector>
<Connector class="oracle.dbtools.crest.swingui.logical.TVRelation" oid="61428C38-9AEA-493F-8404-ABE672BC3A1E" otype="Relation" vid_source="D93691B9-F1B1-756C-D9E8-E9975A7C7B5E" vid_target="74586705-9DF3-3420-F6AA-214425935EE2">
<hideElementsInCurrentOnly>false</hideElementsInCurrentOnly>
<backgroundColor>-16777216</backgroundColor>
<lineWidth>1</lineWidth>
<points>
<point x="398" y="279"/>
<point x="398" y="527"/>
</points>
</Connector>
<Connector class="oracle.dbtools.crest.swingui.logical.TVRelation" oid="895C8DD3-48DA-E177-A6AB-9CC39B09A288" otype="Relation" vid_source="0D305601-D74D-CBCD-97EC-5243828E856C" vid_target="D93691B9-F1B1-756C-D9E8-E9975A7C7B5E">
<hideElementsInCurrentOnly>false</hideElementsInCurrentOnly>
<backgroundColor>-16777216</backgroundColor>
<lineWidth>1</lineWidth>
<points>
<point x="1236" y="75"/>
<point x="489" y="180"/>
</points>
</Connector>
<Connector class="oracle.dbtools.crest.swingui.logical.TVRelation" oid="93FE2ED7-26A8-39E7-E612-641628979CC4" otype="Relation" vid_source="3D73EFC9-8B0D-DC3D-0F85-3D9CFA05E67F" vid_target="83AB06E5-CB37-1D24-2E3A-80164D016919">
<hideElementsInCurrentOnly>false</hideElementsInCurrentOnly>
<backgroundColor>-16777216</backgroundColor>
<lineWidth>1</lineWidth>
<points>
<point x="1251" y="817"/>
<point x="181" y="817"/>
</points>
</Connector>
<Connector class="oracle.dbtools.crest.swingui.logical.TVRelation" oid="B65E0B86-7720-A7D2-61E7-8B1281FC821E" otype="Relation" vid_source="545B6A3A-EE41-0698-BF67-BCD07B904F4B" vid_target="D2C8B139-216E-2A7F-4592-F84E4C1707D7">
<hideElementsInCurrentOnly>false</hideElementsInCurrentOnly>
<backgroundColor>-16777216</backgroundColor>
<lineWidth>1</lineWidth>
<points>
<point x="251" y="507"/>
<point x="332" y="708"/>
</points>
</Connector>
<Connector class="oracle.dbtools.crest.swingui.logical.TVRelation" oid="BBB69449-8DEC-60AB-FB57-D4C83ECCE114" otype="Relation" vid_source="3D73EFC9-8B0D-DC3D-0F85-3D9CFA05E67F" vid_target="CF34314A-F27F-D312-499A-D152936A0417">
<hideElementsInCurrentOnly>false</hideElementsInCurrentOnly>
<backgroundColor>-16777216</backgroundColor>
<lineWidth>1</lineWidth>
<points>
<point x="1251" y="763"/>
<point x="664" y="592"/>
</points>
</Connector>
<Connector class="oracle.dbtools.crest.swingui.logical.TVRelation" oid="BE9B9A11-1929-C0CB-1170-217644287788" otype="Relation" vid_source="545B6A3A-EE41-0698-BF67-BCD07B904F4B" vid_target="83AB06E5-CB37-1D24-2E3A-80164D016919">
<hideElementsInCurrentOnly>false</hideElementsInCurrentOnly>
<backgroundColor>-16777216</backgroundColor>
<lineWidth>1</lineWidth>
<points>
<point x="125" y="521"/>
<point x="125" y="774"/>
</points>
</Connector>
<Connector class="oracle.dbtools.crest.swingui.logical.TVRelation" oid="D562DF03-D29D-2A01-0435-3AE6A237E358" otype="Relation" vid_source="D93691B9-F1B1-756C-D9E8-E9975A7C7B5E" vid_target="5919DFF7-31CB-45B1-4475-45ECF5941B6B">
<hideElementsInCurrentOnly>false</hideElementsInCurrentOnly>
<backgroundColor>-16777216</backgroundColor>
<lineWidth>1</lineWidth>
<points>
<point x="489" y="267"/>
<point x="526" y="306"/>
</points>
</Connector>
<Connector class="oracle.dbtools.crest.swingui.logical.TVInheritanceRelation" oid="E0ACD764-05BE-9CBB-9050-C54388070EE5" otype="Hierarchy relation" vid_source="B0151A03-9AA5-EAFB-7169-1AE026803EE9" vid_target="6CD44EB4-D13E-573E-5DDC-91970989DAE9">
<hideElementsInCurrentOnly>false</hideElementsInCurrentOnly>
<backgroundColor>-65536</backgroundColor>
<lineWidth>1</lineWidth>
</Connector>
<Connector class="oracle.dbtools.crest.swingui.logical.TVInheritanceRelation" oid="EABE04AE-D130-502D-BF0B-2030E112CE18" otype="Hierarchy relation" vid_source="B0151A03-9AA5-EAFB-7169-1AE026803EE9" vid_target="C8A8EF0B-7C5B-44C5-8D41-E7E354C1A1E7">
<hideElementsInCurrentOnly>false</hideElementsInCurrentOnly>
<backgroundColor>-65536</backgroundColor>
<lineWidth>1</lineWidth>
</Connector>
<Connector class="oracle.dbtools.crest.swingui.logical.TVRelation" oid="ECD4D08A-BFD5-98EB-E0CF-93DC07F00AD6" otype="Relation" vid_source="0D305601-D74D-CBCD-97EC-5243828E856C" vid_target="545B6A3A-EE41-0698-BF67-BCD07B904F4B">
<hideElementsInCurrentOnly>false</hideElementsInCurrentOnly>
<backgroundColor>-16777216</backgroundColor>
<lineWidth>1</lineWidth>
<points>
<point x="1236" y="83"/>
<point x="251" y="359"/>
</points>
</Connector>
<Connector class="oracle.dbtools.crest.swingui.logical.TVRelation" oid="FEA626BD-2D1E-1CCE-D0B9-A0533B6DD35C" otype="Relation" vid_source="3D73EFC9-8B0D-DC3D-0F85-3D9CFA05E67F" vid_target="3D73EFC9-8B0D-DC3D-0F85-3D9CFA05E67F">
<hideElementsInCurrentOnly>false</hideElementsInCurrentOnly>
<backgroundColor>-16777216</backgroundColor>
<lineWidth>1</lineWidth>
<points>
<point x="1419" y="801"/>
<point x="1444" y="801"/>
<point x="1444" y="889"/>
<point x="1349" y="889"/>
<point x="1349" y="864"/>
</points>
</Connector>
</connectors>
</Diagram>