<?xml version = '1.0' encoding = 'UTF-8'?>
<Relation class="oracle.dbtools.crest.model.design.logical.Relation" name="Relation_43" directorySegmentName="seg_0" id="00ABABE2-57AD-2191-56E6-EEEF01B38E04">
<createdBy>JUANKA</createdBy>
<createdTime>2021-04-01 09:18:31 UTC</createdTime>
<ownerDesignName>EntidadRelacionFinal</ownerDesignName>
<importedID>B85A6BE4-99C2-AA4A-E991-C5DF92D654F3</importedID>
<engineerTo>
<item key="32BC3F49-CA9F-3F1B-BC11-CC8FE8B84DEE" value="true"/>
<item key="78CF1A61-6F94-91F7-94B2-01E730B1C647" value="true"/>
</engineerTo>
<sourcePk>B3899331-1B98-A951-D230-C65093C0D734</sourcePk>
<identifying>false</identifying>
<optionalSource>true</optionalSource>
<optionalTarget>false</optionalTarget>
<sourceCardinality>1</sourceCardinality>
<sourceEntity>4B9D0F1B-F45D-A2B8-8F03-DBE2DFE1AB71</sourceEntity>
<targetCardinalityString>*</targetCardinalityString>
<targetEntity>4E33167A-31F3-CA76-7242-D304261C1356</targetEntity>
<transferable>true</transferable>
<deleteRule>NO ACTION</deleteRule>
</Relation>