<?xml version = '1.0' encoding = 'UTF-8'?>
<Relation class="oracle.dbtools.crest.model.design.logical.Relation" name="Relation_38" directorySegmentName="seg_0" id="239D81C8-2E6C-1DA1-31D2-A45851DF27F4">
<createdBy>JUANKA</createdBy>
<createdTime>2021-04-01 09:18:31 UTC</createdTime>
<ownerDesignName>EntidadRelacionFinal</ownerDesignName>
<importedID>C3B9588C-2AA7-D213-0D3B-008F46E6FAB7</importedID>
<engineerTo>
<item key="32BC3F49-CA9F-3F1B-BC11-CC8FE8B84DEE" value="true"/>
<item key="78CF1A61-6F94-91F7-94B2-01E730B1C647" value="true"/>
</engineerTo>
<sourcePk>025BC1EF-3E3E-812E-CFEE-0965F1DCEA3C</sourcePk>
<identifying>true</identifying>
<optionalSource>false</optionalSource>
<optionalTarget>false</optionalTarget>
<sourceCardinality>1</sourceCardinality>
<sourceEntity>1DDA40E4-0CD2-45C4-131C-2733EA79BC21</sourceEntity>
<targetCardinalityString>*</targetCardinalityString>
<targetEntity>414A4D84-D08B-3737-E422-89C198F74FA4</targetEntity>
<transferable>true</transferable>
<deleteRule>NO ACTION</deleteRule>
</Relation>