<?xml version = '1.0' encoding = 'UTF-8'?>
<Relation class="oracle.dbtools.crest.model.design.logical.Relation" name="Relation_27" directorySegmentName="seg_0" id="2F1E7A05-CC33-2860-0FB0-2AD8BE47084D">
<createdBy>JUANKA</createdBy>
<createdTime>2021-04-01 09:18:31 UTC</createdTime>
<ownerDesignName>EntidadRelacionFinal</ownerDesignName>
<importedID>6015D08E-4317-C30E-8476-94569BF88A4F</importedID>
<engineerTo>
<item key="32BC3F49-CA9F-3F1B-BC11-CC8FE8B84DEE" value="true"/>
<item key="78CF1A61-6F94-91F7-94B2-01E730B1C647" value="true"/>
</engineerTo>
<identifying>false</identifying>
<optionalSource>true</optionalSource>
<optionalTarget>false</optionalTarget>
<sourceCardinality>*</sourceCardinality>
<sourceEntity>7B48A145-1404-7033-4615-9F8D0C3CE5ED</sourceEntity>
<targetCardinalityString>*</targetCardinalityString>
<targetEntity>4B9D0F1B-F45D-A2B8-8F03-DBE2DFE1AB71</targetEntity>
<transferable>true</transferable>
<deleteRule>NO ACTION</deleteRule>
</Relation>