<?xml version = '1.0' encoding = 'UTF-8'?>
<Relation class="oracle.dbtools.crest.model.design.logical.Relation" name="Relation_39" directorySegmentName="seg_0" id="42435EE7-C1EE-BF57-4FC6-1B26A8544AB3">
<createdBy>JUANKA</createdBy>
<createdTime>2021-04-01 09:18:31 UTC</createdTime>
<ownerDesignName>EntidadRelacionFinal</ownerDesignName>
<importedID>3EA29DA1-A0B1-6DB8-F1C0-BCAE7E8EC4F6</importedID>
<engineerTo>
<item key="32BC3F49-CA9F-3F1B-BC11-CC8FE8B84DEE" value="true"/>
<item key="78CF1A61-6F94-91F7-94B2-01E730B1C647" value="true"/>
</engineerTo>
<sourcePk>D65316D4-2EAE-0A90-640B-71A332622175</sourcePk>
<identifying>false</identifying>
<optionalSource>true</optionalSource>
<optionalTarget>true</optionalTarget>
<sourceCardinality>1</sourceCardinality>
<sourceEntity>4E33167A-31F3-CA76-7242-D304261C1356</sourceEntity>
<targetCardinalityString>*</targetCardinalityString>
<targetEntity>414A4D84-D08B-3737-E422-89C198F74FA4</targetEntity>
<transferable>true</transferable>
<deleteRule>NO ACTION</deleteRule>
</Relation>