<?xml version = '1.0' encoding = 'UTF-8'?>
<Relation class="oracle.dbtools.crest.model.design.logical.Relation" name="Relation_30" directorySegmentName="seg_0" id="498C0F59-CA2B-C770-BD97-9BD88F3B6C88">
<createdBy>JUANKA</createdBy>
<createdTime>2021-04-01 09:18:31 UTC</createdTime>
<ownerDesignName>EntidadRelacionFinal</ownerDesignName>
<importedID>F6FC484A-F231-A1F9-31C3-EFD1B7FB2A8E</importedID>
<engineerTo>
<item key="32BC3F49-CA9F-3F1B-BC11-CC8FE8B84DEE" value="true"/>
<item key="78CF1A61-6F94-91F7-94B2-01E730B1C647" value="true"/>
</engineerTo>
<sourcePk>9F5D4675-2165-6D6E-B7C7-3282EFA2ABDF</sourcePk>
<identifying>false</identifying>
<optionalSource>true</optionalSource>
<optionalTarget>false</optionalTarget>
<sourceCardinality>1</sourceCardinality>
<sourceEntity>3FF504F7-D7C9-61E1-1E1B-704EB3F2A45A</sourceEntity>
<targetCardinalityString>*</targetCardinalityString>
<targetEntity>F4C62850-8423-87B6-3055-42C1257FE7B3</targetEntity>
<transferable>true</transferable>
<deleteRule>NO ACTION</deleteRule>
</Relation>