<?xml version = '1.0' encoding = 'UTF-8'?>
<Relation class="oracle.dbtools.crest.model.design.logical.Relation" name="Relation_26" directorySegmentName="seg_0" id="895C8DD3-48DA-E177-A6AB-9CC39B09A288">
<createdBy>JUANKA</createdBy>
<createdTime>2021-04-01 09:18:31 UTC</createdTime>
<ownerDesignName>EntidadRelacionFinal</ownerDesignName>
<importedID>5B962A9D-A3A9-EDCC-E622-8715AA96A1BA</importedID>
<engineerTo>
<item key="32BC3F49-CA9F-3F1B-BC11-CC8FE8B84DEE" value="true"/>
<item key="78CF1A61-6F94-91F7-94B2-01E730B1C647" value="true"/>
</engineerTo>
<sourcePk>B3899331-1B98-A951-D230-C65093C0D734</sourcePk>
<identifying>false</identifying>
<optionalSource>true</optionalSource>
<optionalTarget>false</optionalTarget>
<sourceCardinality>1</sourceCardinality>
<sourceEntity>4B9D0F1B-F45D-A2B8-8F03-DBE2DFE1AB71</sourceEntity>
<targetCardinalityString>*</targetCardinalityString>
<targetEntity>F4C62850-8423-87B6-3055-42C1257FE7B3</targetEntity>
<transferable>true</transferable>
<deleteRule>NO ACTION</deleteRule>
</Relation>