<?xml version = '1.0' encoding = 'UTF-8'?>
<Relation class="oracle.dbtools.crest.model.design.logical.Relation" name="Relation_37" directorySegmentName="seg_0" id="B65E0B86-7720-A7D2-61E7-8B1281FC821E">
<createdBy>JUANKA</createdBy>
<createdTime>2021-04-01 09:18:31 UTC</createdTime>
<ownerDesignName>EntidadRelacionFinal</ownerDesignName>
<importedID>FA6F3111-E140-122E-5BD9-AE9A4F0C95A3</importedID>
<engineerTo>
<item key="32BC3F49-CA9F-3F1B-BC11-CC8FE8B84DEE" value="true"/>
<item key="78CF1A61-6F94-91F7-94B2-01E730B1C647" value="true"/>
</engineerTo>
<sourcePk>D7D48C69-49E0-F0CB-516D-0514AA6BAC2E</sourcePk>
<identifying>true</identifying>
<optionalSource>true</optionalSource>
<optionalTarget>false</optionalTarget>
<sourceCardinality>1</sourceCardinality>
<sourceEntity>BEFF6591-C1C0-7278-8005-91CDE61066BB</sourceEntity>
<targetCardinalityString>*</targetCardinalityString>
<targetEntity>414A4D84-D08B-3737-E422-89C198F74FA4</targetEntity>
<transferable>true</transferable>
<deleteRule>NO ACTION</deleteRule>
</Relation>