<?xml version = '1.0' encoding = 'UTF-8'?>
<Relation class="oracle.dbtools.crest.model.design.logical.Relation" name="Relation_41" directorySegmentName="seg_0" id="BBB69449-8DEC-60AB-FB57-D4C83ECCE114">
<createdBy>JUANKA</createdBy>
<createdTime>2021-04-01 09:18:31 UTC</createdTime>
<ownerDesignName>EntidadRelacionFinal</ownerDesignName>
<importedID>A14E9EB3-D395-3091-4F34-1D7A782CFD80</importedID>
<engineerTo>
<item key="32BC3F49-CA9F-3F1B-BC11-CC8FE8B84DEE" value="true"/>
<item key="78CF1A61-6F94-91F7-94B2-01E730B1C647" value="true"/>
</engineerTo>
<sourcePk>D65316D4-2EAE-0A90-640B-71A332622175</sourcePk>
<identifying>true</identifying>
<optionalSource>true</optionalSource>
<optionalTarget>false</optionalTarget>
<sourceCardinality>1</sourceCardinality>
<sourceEntity>4E33167A-31F3-CA76-7242-D304261C1356</sourceEntity>
<targetCardinalityString>*</targetCardinalityString>
<targetEntity>1876D958-BC27-8E81-AFE6-2FC9EE01F99B</targetEntity>
<transferable>true</transferable>
<deleteRule>NO ACTION</deleteRule>
</Relation>