<?xml version = '1.0' encoding = 'UTF-8'?>
<Relation class="oracle.dbtools.crest.model.design.logical.Relation" name="Relation_29" directorySegmentName="seg_0" id="D562DF03-D29D-2A01-0435-3AE6A237E358">
<createdBy>JUANKA</createdBy>
<createdTime>2021-04-01 09:18:31 UTC</createdTime>
<ownerDesignName>EntidadRelacionFinal</ownerDesignName>
<importedID>F77CB201-7525-52F1-659D-286A45824E10</importedID>
<engineerTo>
<item key="32BC3F49-CA9F-3F1B-BC11-CC8FE8B84DEE" value="true"/>
<item key="78CF1A61-6F94-91F7-94B2-01E730B1C647" value="true"/>
</engineerTo>
<sourcePk>87263104-0C98-5648-C271-92D2E589A447</sourcePk>
<identifying>false</identifying>
<optionalSource>true</optionalSource>
<optionalTarget>false</optionalTarget>
<sourceCardinality>1</sourceCardinality>
<sourceEntity>F4C62850-8423-87B6-3055-42C1257FE7B3</sourceEntity>
<targetCardinalityString>*</targetCardinalityString>
<targetEntity>87AEA170-A71E-40AF-93C5-0F45FE2390BB</targetEntity>
<transferable>true</transferable>
<deleteRule>NO ACTION</deleteRule>
</Relation>