<?xml version = '1.0' encoding = 'UTF-8'?>
<Relation class="oracle.dbtools.crest.model.design.logical.Relation" name="Relation_42" directorySegmentName="seg_0" id="FEA626BD-2D1E-1CCE-D0B9-A0533B6DD35C">
<createdBy>JUANKA</createdBy>
<createdTime>2021-04-01 09:18:31 UTC</createdTime>
<ownerDesignName>EntidadRelacionFinal</ownerDesignName>
<importedID>79CD8EDA-A86B-F7BA-7F51-89D5F1BCF2AA</importedID>
<engineerTo>
<item key="32BC3F49-CA9F-3F1B-BC11-CC8FE8B84DEE" value="true"/>
<item key="78CF1A61-6F94-91F7-94B2-01E730B1C647" value="true"/>
</engineerTo>
<targetPk>D65316D4-2EAE-0A90-640B-71A332622175</targetPk>
<identifying>false</identifying>
<optionalSource>true</optionalSource>
<optionalTarget>true</optionalTarget>
<sourceCardinality>1</sourceCardinality>
<sourceEntity>4E33167A-31F3-CA76-7242-D304261C1356</sourceEntity>
<targetCardinalityString>*</targetCardinalityString>
<targetEntity>4E33167A-31F3-CA76-7242-D304261C1356</targetEntity>
<transferable>true</transferable>
<deleteRule>NO ACTION</deleteRule>
</Relation>