<?xml version = '1.0' encoding = 'UTF-8'?>
<Table class="oracle.dbtools.crest.model.design.relational.Table" directorySegmentName="seg_0" id="04ABA64E-58D3-B548-54E2-F36AFD17C37A" name="GRUPO_POR_ASIG">
<createdBy>JUANKA</createdBy>
<createdTime>2021-04-20 07:18:21 UTC</createdTime>
<generatorID>01F04449-DD55-56E9-903F-A66319D5FE7C</generatorID>
<ownerDesignName>NeuBDModeloLogico</ownerDesignName>
<allowColumnReorder>false</allowColumnReorder>
<existDependencyGenerateInDDl>true</existDependencyGenerateInDDl>
<parsed>true</parsed>
<columns itemClass="oracle.dbtools.crest.model.design.relational.Column">
<Column name="Curso_Academico" id="9107079E-4606-2B29-84C8-A63577767F37">
<createdBy>JUANKA</createdBy>
<createdTime>2021-04-20 07:18:21 UTC</createdTime>
<generatorID>3822B11B-6AA7-E85F-A21D-3F25D4F1B528</generatorID>
<ownerDesignName>NeuBDModeloLogico</ownerDesignName>
<useDomainConstraints>false</useDomainConstraints>
<use>1</use>
<logicalDatatype>LOGDT024</logicalDatatype>
<dataTypeSize>180 CHAR</dataTypeSize>
<ownDataTypeParameters>180 CHAR,,</ownDataTypeParameters>
<autoIncrementCycle>false</autoIncrementCycle>
</Column>
<Column name="Oferta" id="B382C96C-8912-519B-CF35-906A3F888433">
<createdBy>JUANKA</createdBy>
<createdTime>2021-04-20 07:18:21 UTC</createdTime>
<generatorID>1911BECD-46CF-6FE3-0DFE-50D821ADE3BE</generatorID>
<ownerDesignName>NeuBDModeloLogico</ownerDesignName>
<nullsAllowed>true</nullsAllowed>
<useDomainConstraints>false</useDomainConstraints>
<use>1</use>
<logicalDatatype>LOGDT024</logicalDatatype>
<dataTypeSize>180 CHAR</dataTypeSize>
<ownDataTypeParameters>180 CHAR,,</ownDataTypeParameters>
<autoIncrementCycle>false</autoIncrementCycle>
</Column>
<Column name="ASIGNATURA_Referencia" id="50EB6680-AA35-A4B2-0F37-956715E7E294">
<createdBy>JUANKA</createdBy>
<createdTime>2021-04-20 07:18:21 UTC</createdTime>
<generatorID>6EA9B0A0-5BB3-0EAB-1498-31EC2498809C</generatorID>
<ownerDesignName>NeuBDModeloLogico</ownerDesignName>
<useDomainConstraints>false</useDomainConstraints>
<use>1</use>
<logicalDatatype>LOGDT024</logicalDatatype>
<dataTypeSize>180 CHAR</dataTypeSize>
<ownDataTypeParameters>,,</ownDataTypeParameters>
<previousColumn>false</previousColumn>
<autoIncrementCycle>false</autoIncrementCycle>
<associations>
<colAssociation fkAssociation="D6537324-AD8E-7C52-4F69-9E6C161811A0" referredColumn="93300439-A06B-057B-32D8-46C69614FD68"/>
</associations>
</Column>
<Column name="GRUPO_ID" id="99F36B58-97BE-C8E2-732F-DABFF6F78205">
<createdBy>JUANKA</createdBy>
<createdTime>2021-04-20 07:18:21 UTC</createdTime>
<generatorID>005D792E-AF33-377A-8D6B-A714AA787F8B</generatorID>
<ownerDesignName>NeuBDModeloLogico</ownerDesignName>
<useDomainConstraints>false</useDomainConstraints>
<use>1</use>
<logicalDatatype>LOGDT024</logicalDatatype>
<dataTypeSize>180 CHAR</dataTypeSize>
<ownDataTypeParameters>,,</ownDataTypeParameters>
<previousColumn>false</previousColumn>
<autoIncrementCycle>false</autoIncrementCycle>
<associations>
<colAssociation fkAssociation="6F74CC30-7079-EA9E-C8A1-692B8E48C694" referredColumn="4C5FCD35-B6D3-465D-6155-63D49743E0A0"/>
</associations>
</Column>
</columns>
<indexes itemClass="oracle.dbtools.crest.model.design.relational.Index">
<ind_PK_UK id="3260EF60-5F58-BA5F-5AD2-CC8CFEC977A5" name="GRUPO_POR_ASIG_PK">
<createdBy>JUANKA</createdBy>
<createdTime>2021-04-20 07:18:21 UTC</createdTime>
<generatorID>BF043316-4024-85AF-34CC-9B56CE5A25A0</generatorID>
<ownerDesignName>NeuBDModeloLogico</ownerDesignName>
<pk>true</pk>
<indexState>Primary Constraint</indexState>
<isSurrogateKey>false</isSurrogateKey>
<indexColumnUsage>
<colUsage columnID="50EB6680-AA35-A4B2-0F37-956715E7E294"/>
<colUsage columnID="99F36B58-97BE-C8E2-732F-DABFF6F78205"/>
<colUsage columnID="9107079E-4606-2B29-84C8-A63577767F37"/>
</indexColumnUsage>
</ind_PK_UK>
<ind_PK_UK id="C0711998-17E6-70E7-EB03-AF612FE5467B" name="GRUPO_POR_ASIG_ASIGNATURA_FK">
<createdBy>JUANKA</createdBy>
<createdTime>2021-04-20 07:18:22 UTC</createdTime>
<generatorID>D4FB54E7-2F61-01C2-A329-CAB8A958688E</generatorID>
<ownerDesignName>NeuBDModeloLogico</ownerDesignName>
<indexState>Foreign Key</indexState>
<isSurrogateKey>false</isSurrogateKey>
<indexColumnUsage>
<colUsage columnID="50EB6680-AA35-A4B2-0F37-956715E7E294"/>
</indexColumnUsage>
</ind_PK_UK>
<ind_PK_UK id="2E65B183-4242-6E69-676C-AE54B75E9027" name="GRUPO_POR_ASIG_GRUPO_FK">
<createdBy>JUANKA</createdBy>
<createdTime>2021-04-20 07:18:22 UTC</createdTime>
<generatorID>FF57B311-72DC-6C9A-8E95-7E3DC2674DDA</generatorID>
<ownerDesignName>NeuBDModeloLogico</ownerDesignName>
<indexState>Foreign Key</indexState>
<isSurrogateKey>false</isSurrogateKey>
<indexColumnUsage>
<colUsage columnID="99F36B58-97BE-C8E2-732F-DABFF6F78205"/>
</indexColumnUsage>
</ind_PK_UK>
</indexes>
</Table>