<?xml version = '1.0' encoding = 'UTF-8'?>
<Table class="oracle.dbtools.crest.model.design.relational.Table" directorySegmentName="seg_0" id="0CCBD1C3-B282-1849-E5CC-9802AA2FCA93" name="R_CEN_TIT">
<createdBy>JUANKA</createdBy>
<createdTime>2021-04-20 07:18:22 UTC</createdTime>
<ownerDesignName>NeuBDModeloLogico</ownerDesignName>
<ordsAlias>relation_27</ordsAlias>
<allowColumnReorder>false</allowColumnReorder>
<existDependencyGenerateInDDl>true</existDependencyGenerateInDDl>
<parsed>true</parsed>
<columns itemClass="oracle.dbtools.crest.model.design.relational.Column">
<Column name="CENTRO_ID" id="A93FBBB2-CB6B-6512-D106-42607687B883">
<createdBy>JUANKA</createdBy>
<createdTime>2021-04-20 07:18:22 UTC</createdTime>
<ownerDesignName>NeuBDModeloLogico</ownerDesignName>
<useDomainConstraints>false</useDomainConstraints>
<use>1</use>
<logicalDatatype>LOGDT024</logicalDatatype>
<dataTypeSize>180 CHAR</dataTypeSize>
<ownDataTypeParameters>,,</ownDataTypeParameters>
<previousColumn>false</previousColumn>
<autoIncrementCycle>false</autoIncrementCycle>
<associations>
<colAssociation fkAssociation="F1B5475B-B371-6933-AE95-6BC55452A679" referredColumn="13540ACB-E3F7-C652-EC3A-0C55608E6F59"/>
</associations>
</Column>
<Column name="TITULACIÓN_Código" id="2FF08E37-707B-A4A6-DDFA-058D99ACC71A">
<createdBy>JUANKA</createdBy>
<createdTime>2021-04-20 07:18:22 UTC</createdTime>
<ownerDesignName>NeuBDModeloLogico</ownerDesignName>
<useDomainConstraints>false</useDomainConstraints>
<use>1</use>
<logicalDatatype>LOGDT024</logicalDatatype>
<dataTypeSize>180 CHAR</dataTypeSize>
<ownDataTypeParameters>,,</ownDataTypeParameters>
<previousColumn>false</previousColumn>
<autoIncrementCycle>false</autoIncrementCycle>
<associations>
<colAssociation fkAssociation="AAA7D698-9187-39A7-3F93-5C6FEC85022C" referredColumn="B0B19268-A516-ADAA-34B4-E00FC291156B"/>
</associations>
</Column>
</columns>
<indexes itemClass="oracle.dbtools.crest.model.design.relational.Index">
<ind_PK_UK id="514062D9-C6F7-1A81-D067-503ED5CC5D89" name="Relation_27_PK">
<createdBy>JUANKA</createdBy>
<createdTime>2021-04-20 07:18:22 UTC</createdTime>
<ownerDesignName>NeuBDModeloLogico</ownerDesignName>
<pk>true</pk>
<indexState>Primary Constraint</indexState>
<isSurrogateKey>false</isSurrogateKey>
<indexColumnUsage>
<colUsage columnID="A93FBBB2-CB6B-6512-D106-42607687B883"/>
<colUsage columnID="2FF08E37-707B-A4A6-DDFA-058D99ACC71A"/>
</indexColumnUsage>
</ind_PK_UK>
<ind_PK_UK id="BEA77773-ABBA-DE87-4943-47F0575C04F4" name="Relation_27_CENTRO_FK">
<createdBy>JUANKA</createdBy>
<createdTime>2021-04-20 07:18:22 UTC</createdTime>
<generatorID>1818261B-22B2-C2E3-0815-68AD9AE5AC9F</generatorID>
<ownerDesignName>NeuBDModeloLogico</ownerDesignName>
<indexState>Foreign Key</indexState>
<isSurrogateKey>false</isSurrogateKey>
<indexColumnUsage>
<colUsage columnID="A93FBBB2-CB6B-6512-D106-42607687B883"/>
</indexColumnUsage>
</ind_PK_UK>
<ind_PK_UK id="790BB31F-B598-5BF0-2355-01DB29E5EDAC" name="Relation_27_TITULACIÓN_FK">
<createdBy>JUANKA</createdBy>
<createdTime>2021-04-20 07:18:22 UTC</createdTime>
<generatorID>1818261B-22B2-C2E3-0815-68AD9AE5AC9F</generatorID>
<ownerDesignName>NeuBDModeloLogico</ownerDesignName>
<indexState>Foreign Key</indexState>
<isSurrogateKey>false</isSurrogateKey>
<indexColumnUsage>
<colUsage columnID="2FF08E37-707B-A4A6-DDFA-058D99ACC71A"/>
</indexColumnUsage>
</ind_PK_UK>
</indexes>
</Table>