<?xml version = '1.0' encoding = 'UTF-8'?>
<Table class="oracle.dbtools.crest.model.design.relational.Table" directorySegmentName="seg_0" id="20057F56-6113-3952-0DCB-26072CF44D7D" name="R_OPT_TIT">
<createdBy>JUANKA</createdBy>
<createdTime>2021-04-20 07:18:22 UTC</createdTime>
<ownerDesignName>NeuBDModeloLogico</ownerDesignName>
<ordsAlias>relation_20</ordsAlias>
<allowColumnReorder>false</allowColumnReorder>
<existDependencyGenerateInDDl>true</existDependencyGenerateInDDl>
<parsed>true</parsed>
<columns itemClass="oracle.dbtools.crest.model.design.relational.Column">
<Column name="OPTATIVA_Referencia" id="16224CBD-9B5C-C1E3-D8C8-C93D3B60466D">
<createdBy>JUANKA</createdBy>
<createdTime>2021-04-20 07:18:22 UTC</createdTime>
<ownerDesignName>NeuBDModeloLogico</ownerDesignName>
<useDomainConstraints>false</useDomainConstraints>
<use>1</use>
<logicalDatatype>LOGDT024</logicalDatatype>
<dataTypeSize>180 CHAR</dataTypeSize>
<ownDataTypeParameters>,,</ownDataTypeParameters>
<previousColumn>false</previousColumn>
<autoIncrementCycle>false</autoIncrementCycle>
<associations>
<colAssociation fkAssociation="5640751E-C3E7-EF8D-9DC0-FC2EA306A144" referredColumn="AA462C88-83DB-1D1A-CDE9-D5ED6865FF81"/>
</associations>
</Column>
<Column name="TITULACIÓN_Código" id="7F5912D4-9314-1EC5-2943-13199FB0631C">
<createdBy>JUANKA</createdBy>
<createdTime>2021-04-20 07:18:22 UTC</createdTime>
<ownerDesignName>NeuBDModeloLogico</ownerDesignName>
<useDomainConstraints>false</useDomainConstraints>
<use>1</use>
<logicalDatatype>LOGDT024</logicalDatatype>
<dataTypeSize>180 CHAR</dataTypeSize>
<ownDataTypeParameters>,,</ownDataTypeParameters>
<previousColumn>false</previousColumn>
<autoIncrementCycle>false</autoIncrementCycle>
<associations>
<colAssociation fkAssociation="83BDDAAD-EC0E-3226-FC98-82C53AAF5762" referredColumn="B0B19268-A516-ADAA-34B4-E00FC291156B"/>
</associations>
</Column>
</columns>
<indexes itemClass="oracle.dbtools.crest.model.design.relational.Index">
<ind_PK_UK id="DB618B8A-9020-9EE0-E8B4-2677565069C0" name="Relation_20_PK">
<createdBy>JUANKA</createdBy>
<createdTime>2021-04-20 07:18:22 UTC</createdTime>
<ownerDesignName>NeuBDModeloLogico</ownerDesignName>
<pk>true</pk>
<indexState>Primary Constraint</indexState>
<isSurrogateKey>false</isSurrogateKey>
<indexColumnUsage>
<colUsage columnID="16224CBD-9B5C-C1E3-D8C8-C93D3B60466D"/>
<colUsage columnID="7F5912D4-9314-1EC5-2943-13199FB0631C"/>
</indexColumnUsage>
</ind_PK_UK>
<ind_PK_UK id="6C9F84B0-546A-7FF4-AE89-2CF84104D0FA" name="Relation_20_OPTATIVA_FK">
<createdBy>JUANKA</createdBy>
<createdTime>2021-04-20 07:18:22 UTC</createdTime>
<generatorID>2CA42F78-EE47-57A7-74C4-F8AB72029389</generatorID>
<ownerDesignName>NeuBDModeloLogico</ownerDesignName>
<indexState>Foreign Key</indexState>
<isSurrogateKey>false</isSurrogateKey>
<indexColumnUsage>
<colUsage columnID="16224CBD-9B5C-C1E3-D8C8-C93D3B60466D"/>
</indexColumnUsage>
</ind_PK_UK>
<ind_PK_UK id="A14818B3-A89E-23B7-1A61-85E3E65943B4" name="Relation_20_TITULACIÓN_FK">
<createdBy>JUANKA</createdBy>
<createdTime>2021-04-20 07:18:22 UTC</createdTime>
<generatorID>2CA42F78-EE47-57A7-74C4-F8AB72029389</generatorID>
<ownerDesignName>NeuBDModeloLogico</ownerDesignName>
<indexState>Foreign Key</indexState>
<isSurrogateKey>false</isSurrogateKey>
<indexColumnUsage>
<colUsage columnID="7F5912D4-9314-1EC5-2943-13199FB0631C"/>
</indexColumnUsage>
</ind_PK_UK>
</indexes>
</Table>