<?xml version = '1.0' encoding = 'UTF-8'?>
<Table class="oracle.dbtools.crest.model.design.relational.Table" directorySegmentName="seg_0" id="32986EAE-5479-BD29-731C-528A918757D4" name="R_ENC_GRUPPASI">
<createdBy>JUANKA</createdBy>
<createdTime>2021-04-20 07:18:22 UTC</createdTime>
<ownerDesignName>NeuBDModeloLogico</ownerDesignName>
<ordsAlias>relation_31</ordsAlias>
<allowColumnReorder>false</allowColumnReorder>
<existDependencyGenerateInDDl>true</existDependencyGenerateInDDl>
<parsed>true</parsed>
<columns itemClass="oracle.dbtools.crest.model.design.relational.Column">
<Column name="GRUPO_POR_ASIG_Referencia" id="5A280B3D-3760-04AA-0CA3-05FC49C47869">
<createdBy>JUANKA</createdBy>
<createdTime>2021-04-20 07:18:22 UTC</createdTime>
<ownerDesignName>NeuBDModeloLogico</ownerDesignName>
<useDomainConstraints>false</useDomainConstraints>
<use>1</use>
<logicalDatatype>LOGDT024</logicalDatatype>
<dataTypeSize>180 CHAR</dataTypeSize>
<ownDataTypeParameters>,,</ownDataTypeParameters>
<previousColumn>false</previousColumn>
<autoIncrementCycle>false</autoIncrementCycle>
<associations>
<colAssociation fkAssociation="3485D8C6-E1D5-BD19-5D06-975A2AE5537B" referredColumn="50EB6680-AA35-A4B2-0F37-956715E7E294"/>
</associations>
</Column>
<Column name="GRUPO_POR_ASIG_ID" id="C80F8572-CF19-A3B5-48D8-F4EEFB72F639">
<createdBy>JUANKA</createdBy>
<createdTime>2021-04-20 07:18:22 UTC</createdTime>
<ownerDesignName>NeuBDModeloLogico</ownerDesignName>
<useDomainConstraints>false</useDomainConstraints>
<use>1</use>
<logicalDatatype>LOGDT024</logicalDatatype>
<dataTypeSize>180 CHAR</dataTypeSize>
<ownDataTypeParameters>,,</ownDataTypeParameters>
<previousColumn>false</previousColumn>
<autoIncrementCycle>false</autoIncrementCycle>
<associations>
<colAssociation fkAssociation="3485D8C6-E1D5-BD19-5D06-975A2AE5537B" referredColumn="99F36B58-97BE-C8E2-732F-DABFF6F78205"/>
</associations>
</Column>
<Column name="GRUPO_POR_ASIG_Curso_Academico" id="F34FF820-FCF0-8C4B-934C-82F1280DF170">
<createdBy>JUANKA</createdBy>
<createdTime>2021-04-20 07:18:22 UTC</createdTime>
<ownerDesignName>NeuBDModeloLogico</ownerDesignName>
<useDomainConstraints>false</useDomainConstraints>
<use>1</use>
<logicalDatatype>LOGDT024</logicalDatatype>
<dataTypeSize>180 CHAR</dataTypeSize>
<ownDataTypeParameters>,,</ownDataTypeParameters>
<previousColumn>false</previousColumn>
<autoIncrementCycle>false</autoIncrementCycle>
<associations>
<colAssociation fkAssociation="3485D8C6-E1D5-BD19-5D06-975A2AE5537B" referredColumn="9107079E-4606-2B29-84C8-A63577767F37"/>
</associations>
</Column>
<Column name="ENCUESTA_Fecha_de_envío" id="DC48EA0F-5EDA-0256-AE0C-ECEBBFBFB1F4">
<createdBy>JUANKA</createdBy>
<createdTime>2021-04-20 07:18:22 UTC</createdTime>
<ownerDesignName>NeuBDModeloLogico</ownerDesignName>
<useDomainConstraints>false</useDomainConstraints>
<use>1</use>
<logicalDatatype>LOGDT024</logicalDatatype>
<dataTypeSize>180 CHAR</dataTypeSize>
<ownDataTypeParameters>,,</ownDataTypeParameters>
<previousColumn>false</previousColumn>
<autoIncrementCycle>false</autoIncrementCycle>
<associations>
<colAssociation fkAssociation="192C6839-2556-1C6D-C3F7-B8AF7FF4E1A8" referredColumn="11A438DA-8815-AF44-8DBE-0464B82182A3"/>
</associations>
</Column>
</columns>
<indexes itemClass="oracle.dbtools.crest.model.design.relational.Index">
<ind_PK_UK id="ACA7966A-C9B3-6089-2BAF-6F4B380168E1" name="Relation_31_PK">
<createdBy>JUANKA</createdBy>
<createdTime>2021-04-20 07:18:22 UTC</createdTime>
<ownerDesignName>NeuBDModeloLogico</ownerDesignName>
<pk>true</pk>
<indexState>Primary Constraint</indexState>
<isSurrogateKey>false</isSurrogateKey>
<indexColumnUsage>
<colUsage columnID="5A280B3D-3760-04AA-0CA3-05FC49C47869"/>
<colUsage columnID="C80F8572-CF19-A3B5-48D8-F4EEFB72F639"/>
<colUsage columnID="F34FF820-FCF0-8C4B-934C-82F1280DF170"/>
<colUsage columnID="DC48EA0F-5EDA-0256-AE0C-ECEBBFBFB1F4"/>
</indexColumnUsage>
</ind_PK_UK>
<ind_PK_UK id="76E0956C-7B0C-F9DA-E9FE-304E24AA78C5" name="Relation_31_GRUPO_POR_ASIG_FK">
<createdBy>JUANKA</createdBy>
<createdTime>2021-04-20 07:18:22 UTC</createdTime>
<generatorID>B9F66AAB-3583-E06D-E32F-9B909843B1A5</generatorID>
<ownerDesignName>NeuBDModeloLogico</ownerDesignName>
<indexState>Foreign Key</indexState>
<isSurrogateKey>false</isSurrogateKey>
<indexColumnUsage>
<colUsage columnID="5A280B3D-3760-04AA-0CA3-05FC49C47869"/>
<colUsage columnID="C80F8572-CF19-A3B5-48D8-F4EEFB72F639"/>
<colUsage columnID="F34FF820-FCF0-8C4B-934C-82F1280DF170"/>
</indexColumnUsage>
</ind_PK_UK>
<ind_PK_UK id="4358FE11-06CC-4DF0-6C73-0EB3BF59B098" name="Relation_31_ENCUESTA_FK">
<createdBy>JUANKA</createdBy>
<createdTime>2021-04-20 07:18:22 UTC</createdTime>
<generatorID>B9F66AAB-3583-E06D-E32F-9B909843B1A5</generatorID>
<ownerDesignName>NeuBDModeloLogico</ownerDesignName>
<indexState>Foreign Key</indexState>
<isSurrogateKey>false</isSurrogateKey>
<indexColumnUsage>
<colUsage columnID="DC48EA0F-5EDA-0256-AE0C-ECEBBFBFB1F4"/>
</indexColumnUsage>
</ind_PK_UK>
</indexes>
</Table>