<?xml version = '1.0' encoding = 'UTF-8'?>
<Table class="oracle.dbtools.crest.model.design.relational.Table" directorySegmentName="seg_0" id="3A9BBD33-25A8-F518-AEA8-5100DA2D490E" name="OPTATIVA">
<createdBy>JUANKA</createdBy>
<createdTime>2021-04-20 07:18:21 UTC</createdTime>
<generatorID>9A03D468-B323-B214-2208-33E0A065DE4B</generatorID>
<ownerDesignName>NeuBDModeloLogico</ownerDesignName>
<allowColumnReorder>false</allowColumnReorder>
<existDependencyGenerateInDDl>true</existDependencyGenerateInDDl>
<parsed>true</parsed>
<columns itemClass="oracle.dbtools.crest.model.design.relational.Column">
<Column name="Referencia" id="AA462C88-83DB-1D1A-CDE9-D5ED6865FF81">
<createdBy>JUANKA</createdBy>
<createdTime>2021-04-20 07:18:21 UTC</createdTime>
<generatorID>57826A70-4A16-931F-47BD-B99BD39A9572</generatorID>
<ownerDesignName>NeuBDModeloLogico</ownerDesignName>
<useDomainConstraints>false</useDomainConstraints>
<use>1</use>
<logicalDatatype>LOGDT024</logicalDatatype>
<dataTypeSize>180 CHAR</dataTypeSize>
<ownDataTypeParameters>,,</ownDataTypeParameters>
<autoIncrementCycle>false</autoIncrementCycle>
<associations>
<colAssociation fkAssociation="C4F44844-60EE-EA40-E56E-89561C6F7C86" referredColumn="93300439-A06B-057B-32D8-46C69614FD68"/>
</associations>
</Column>
<Column name="Plazas" id="8558459A-EF8B-1DB0-6FCC-4B6F68A4F557">
<createdBy>JUANKA</createdBy>
<createdTime>2021-04-20 07:18:21 UTC</createdTime>
<generatorID>B9F4DA2A-5E62-CD49-56C9-78F0BF26FE0A</generatorID>
<ownerDesignName>NeuBDModeloLogico</ownerDesignName>
<useDomainConstraints>false</useDomainConstraints>
<use>1</use>
<logicalDatatype>LOGDT024</logicalDatatype>
<dataTypeSize>180 CHAR</dataTypeSize>
<ownDataTypeParameters>180 CHAR,,</ownDataTypeParameters>
<autoIncrementCycle>false</autoIncrementCycle>
</Column>
<Column name="Mención" id="5BD002A2-7FB3-2204-1462-8703DD3894CA">
<createdBy>JUANKA</createdBy>
<createdTime>2021-04-20 07:18:21 UTC</createdTime>
<generatorID>FC86A961-7E26-61F7-2A6B-E8ACD1F5C61B</generatorID>
<ownerDesignName>NeuBDModeloLogico</ownerDesignName>
<nullsAllowed>true</nullsAllowed>
<useDomainConstraints>false</useDomainConstraints>
<use>1</use>
<logicalDatatype>LOGDT024</logicalDatatype>
<dataTypeSize>180 CHAR</dataTypeSize>
<ownDataTypeParameters>180 CHAR,,</ownDataTypeParameters>
<autoIncrementCycle>false</autoIncrementCycle>
</Column>
</columns>
<indexes itemClass="oracle.dbtools.crest.model.design.relational.Index">
<ind_PK_UK id="F87CAC25-01E2-B0F7-B4DF-9F78083CDF10" name="OPTATIVA_PK">
<createdBy>JUANKA</createdBy>
<createdTime>2021-04-20 07:18:21 UTC</createdTime>
<generatorID>68E40367-E053-CF66-66C3-2A3967586146</generatorID>
<ownerDesignName>NeuBDModeloLogico</ownerDesignName>
<pk>true</pk>
<indexState>Primary Constraint</indexState>
<isSurrogateKey>false</isSurrogateKey>
<indexColumnUsage>
<colUsage columnID="AA462C88-83DB-1D1A-CDE9-D5ED6865FF81"/>
</indexColumnUsage>
</ind_PK_UK>
<ind_PK_UK id="B0DFDEAB-D674-1AB2-89EC-6AA14E3AA5E6" name="OPTATIVA_ASIGNATURA_FK">
<createdBy>JUANKA</createdBy>
<createdTime>2021-04-20 07:18:21 UTC</createdTime>
<generatorID>BBAFF07E-4119-CD98-8F08-DFB27366869C</generatorID>
<ownerDesignName>NeuBDModeloLogico</ownerDesignName>
<indexState>Foreign Key</indexState>
<isSurrogateKey>false</isSurrogateKey>
<indexColumnUsage>
<colUsage columnID="AA462C88-83DB-1D1A-CDE9-D5ED6865FF81"/>
</indexColumnUsage>
</ind_PK_UK>
</indexes>
</Table>