<?xml version = '1.0' encoding = 'UTF-8'?>
<Table class="oracle.dbtools.crest.model.design.relational.Table" directorySegmentName="seg_0" id="45D35818-C1BC-B33C-DBF5-0BBF2B3CA0E7" name="CLASE">
<createdBy>JUANKA</createdBy>
<createdTime>2021-04-20 07:18:21 UTC</createdTime>
<generatorID>452CE750-785B-B9D4-C61D-9B464BE2C17A</generatorID>
<ownerDesignName>NeuBDModeloLogico</ownerDesignName>
<allowColumnReorder>false</allowColumnReorder>
<existDependencyGenerateInDDl>true</existDependencyGenerateInDDl>
<parsed>true</parsed>
<columns itemClass="oracle.dbtools.crest.model.design.relational.Column">
<Column name="Día" id="90FBC5A8-8F64-4EDF-9F5C-FCAFFEED1F4F">
<createdBy>JUANKA</createdBy>
<createdTime>2021-04-20 07:18:21 UTC</createdTime>
<generatorID>6CC14FBC-EF98-EFDB-ABA0-BFF5D5332AFD</generatorID>
<ownerDesignName>NeuBDModeloLogico</ownerDesignName>
<useDomainConstraints>false</useDomainConstraints>
<use>1</use>
<logicalDatatype>LOGDT024</logicalDatatype>
<dataTypeSize>180 CHAR</dataTypeSize>
<ownDataTypeParameters>180 CHAR,,</ownDataTypeParameters>
<autoIncrementCycle>false</autoIncrementCycle>
</Column>
<Column name="Hora_inicio" id="55780CD7-565F-E10F-5889-4EDE446414D4">
<createdBy>JUANKA</createdBy>
<createdTime>2021-04-20 07:18:21 UTC</createdTime>
<generatorID>FBAFE0C9-ED48-5A15-4F08-01F1B59D9D39</generatorID>
<ownerDesignName>NeuBDModeloLogico</ownerDesignName>
<useDomainConstraints>false</useDomainConstraints>
<use>1</use>
<logicalDatatype>LOGDT024</logicalDatatype>
<dataTypeSize>180 CHAR</dataTypeSize>
<ownDataTypeParameters>180 CHAR,,</ownDataTypeParameters>
<autoIncrementCycle>false</autoIncrementCycle>
</Column>
<Column name="Hora_fin" id="57B36932-806F-F905-DF6C-83B407AC43B8">
<createdBy>JUANKA</createdBy>
<createdTime>2021-04-20 07:18:21 UTC</createdTime>
<generatorID>4E90E6C4-E9BC-D6B0-9D65-7A4428A8F31B</generatorID>
<ownerDesignName>NeuBDModeloLogico</ownerDesignName>
<nullsAllowed>true</nullsAllowed>
<useDomainConstraints>false</useDomainConstraints>
<use>1</use>
<logicalDatatype>LOGDT024</logicalDatatype>
<dataTypeSize>180 CHAR</dataTypeSize>
<ownDataTypeParameters>180 CHAR,,</ownDataTypeParameters>
<autoIncrementCycle>false</autoIncrementCycle>
</Column>
<Column name="ASIGNATURA_Referencia" id="12E182F2-3EE6-D4E1-593B-E7AD7D295655">
<createdBy>JUANKA</createdBy>
<createdTime>2021-04-20 07:18:21 UTC</createdTime>
<generatorID>EFE5A284-FD86-1E6C-6AE7-40AABC23A6FD</generatorID>
<ownerDesignName>NeuBDModeloLogico</ownerDesignName>
<useDomainConstraints>false</useDomainConstraints>
<use>1</use>
<logicalDatatype>LOGDT024</logicalDatatype>
<dataTypeSize>180 CHAR</dataTypeSize>
<ownDataTypeParameters>,,</ownDataTypeParameters>
<previousColumn>false</previousColumn>
<autoIncrementCycle>false</autoIncrementCycle>
<associations>
<colAssociation fkAssociation="4995B33D-0795-7392-2439-8A7E706FFAA9" referredColumn="93300439-A06B-057B-32D8-46C69614FD68"/>
</associations>
</Column>
<Column name="GRUPO_ID" id="6D725E64-1910-6790-1A70-CFDAF4A3D9AF">
<createdBy>JUANKA</createdBy>
<createdTime>2021-04-20 07:18:21 UTC</createdTime>
<generatorID>B17B2AD4-E549-C48E-3FFE-7A6D9134AC7D</generatorID>
<ownerDesignName>NeuBDModeloLogico</ownerDesignName>
<useDomainConstraints>false</useDomainConstraints>
<use>1</use>
<logicalDatatype>LOGDT024</logicalDatatype>
<dataTypeSize>180 CHAR</dataTypeSize>
<ownDataTypeParameters>,,</ownDataTypeParameters>
<previousColumn>false</previousColumn>
<autoIncrementCycle>false</autoIncrementCycle>
<associations>
<colAssociation fkAssociation="2E1E59DD-3AE3-1359-039D-F3FCBA8F6BD3" referredColumn="4C5FCD35-B6D3-465D-6155-63D49743E0A0"/>
</associations>
</Column>
</columns>
<indexes itemClass="oracle.dbtools.crest.model.design.relational.Index">
<ind_PK_UK id="6C299974-8B96-6A31-1588-C3F259B342E6" name="CLASE_PK">
<createdBy>JUANKA</createdBy>
<createdTime>2021-04-20 07:18:21 UTC</createdTime>
<generatorID>DDD2490C-C1FC-2FD8-4239-47ED9846C447</generatorID>
<ownerDesignName>NeuBDModeloLogico</ownerDesignName>
<pk>true</pk>
<indexState>Primary Constraint</indexState>
<isSurrogateKey>false</isSurrogateKey>
<indexColumnUsage>
<colUsage columnID="6D725E64-1910-6790-1A70-CFDAF4A3D9AF"/>
<colUsage columnID="90FBC5A8-8F64-4EDF-9F5C-FCAFFEED1F4F"/>
<colUsage columnID="55780CD7-565F-E10F-5889-4EDE446414D4"/>
</indexColumnUsage>
</ind_PK_UK>
<ind_PK_UK id="A8424149-4326-D6E7-1072-83D66AC2F13F" name="CLASE_ASIGNATURA_FK">
<createdBy>JUANKA</createdBy>
<createdTime>2021-04-20 07:18:22 UTC</createdTime>
<generatorID>4933A276-18ED-77F6-9595-BFA274A780ED</generatorID>
<ownerDesignName>NeuBDModeloLogico</ownerDesignName>
<indexState>Foreign Key</indexState>
<isSurrogateKey>false</isSurrogateKey>
<indexColumnUsage>
<colUsage columnID="12E182F2-3EE6-D4E1-593B-E7AD7D295655"/>
</indexColumnUsage>
</ind_PK_UK>
<ind_PK_UK id="41B68162-B3ED-6D39-47AB-7A8343D4CD61" name="CLASE_GRUPO_FK">
<createdBy>JUANKA</createdBy>
<createdTime>2021-04-20 07:18:22 UTC</createdTime>
<generatorID>AF305140-49E4-2DC4-832B-AFC15199C0A7</generatorID>
<ownerDesignName>NeuBDModeloLogico</ownerDesignName>
<indexState>Foreign Key</indexState>
<isSurrogateKey>false</isSurrogateKey>
<indexColumnUsage>
<colUsage columnID="6D725E64-1910-6790-1A70-CFDAF4A3D9AF"/>
</indexColumnUsage>
</ind_PK_UK>
</indexes>
</Table>