<?xml version = '1.0' encoding = 'UTF-8'?>
<Table class="oracle.dbtools.crest.model.design.relational.Table" directorySegmentName="seg_0" id="5249BDF2-73A0-329B-2027-ACED94853EE5" name="TITULACIÓN">
<createdBy>JUANKA</createdBy>
<createdTime>2021-04-20 07:18:21 UTC</createdTime>
<generatorID>51F09180-0E1B-2C98-B2A7-59DA68C25E5F</generatorID>
<ownerDesignName>NeuBDModeloLogico</ownerDesignName>
<allowColumnReorder>false</allowColumnReorder>
<existDependencyGenerateInDDl>true</existDependencyGenerateInDDl>
<parsed>true</parsed>
<columns itemClass="oracle.dbtools.crest.model.design.relational.Column">
<Column name="Código" id="B0B19268-A516-ADAA-34B4-E00FC291156B">
<createdBy>JUANKA</createdBy>
<createdTime>2021-04-20 07:18:21 UTC</createdTime>
<generatorID>C6D769F9-8163-A8B6-EDF6-69F731E1C8EF</generatorID>
<ownerDesignName>NeuBDModeloLogico</ownerDesignName>
<useDomainConstraints>false</useDomainConstraints>
<use>1</use>
<logicalDatatype>LOGDT024</logicalDatatype>
<dataTypeSize>180 CHAR</dataTypeSize>
<ownDataTypeParameters>180 CHAR,,</ownDataTypeParameters>
<autoIncrementCycle>false</autoIncrementCycle>
</Column>
<Column name="Nombre" id="245734DE-A54D-2D1E-CB9F-CE0170DA6E94">
<createdBy>JUANKA</createdBy>
<createdTime>2021-04-20 07:18:21 UTC</createdTime>
<generatorID>3073F62B-8130-2F81-A34F-7FD705E6F732</generatorID>
<ownerDesignName>NeuBDModeloLogico</ownerDesignName>
<useDomainConstraints>false</useDomainConstraints>
<use>1</use>
<logicalDatatype>LOGDT024</logicalDatatype>
<dataTypeSize>180 CHAR</dataTypeSize>
<ownDataTypeParameters>180 CHAR,,</ownDataTypeParameters>
<autoIncrementCycle>false</autoIncrementCycle>
</Column>
<Column name="Créditos" id="E47C3B35-0818-A50C-9AB5-1681A175ACDC">
<createdBy>JUANKA</createdBy>
<createdTime>2021-04-20 07:18:21 UTC</createdTime>
<generatorID>A7136E6F-E774-DB8D-12BB-A2C41EEE92FB</generatorID>
<ownerDesignName>NeuBDModeloLogico</ownerDesignName>
<useDomainConstraints>false</useDomainConstraints>
<use>1</use>
<logicalDatatype>LOGDT024</logicalDatatype>
<dataTypeSize>180 CHAR</dataTypeSize>
<ownDataTypeParameters>180 CHAR,,</ownDataTypeParameters>
<autoIncrementCycle>false</autoIncrementCycle>
</Column>
</columns>
<indexes itemClass="oracle.dbtools.crest.model.design.relational.Index">
<ind_PK_UK id="B0AA0E8C-6FC2-E738-6F47-48CB8173FE37" name="TITULACIÓN_PK">
<createdBy>JUANKA</createdBy>
<createdTime>2021-04-20 07:18:21 UTC</createdTime>
<generatorID>94F56D5E-1A0A-AFEE-CCE0-2EABBE64BE6D</generatorID>
<ownerDesignName>NeuBDModeloLogico</ownerDesignName>
<pk>true</pk>
<indexState>Primary Constraint</indexState>
<isSurrogateKey>false</isSurrogateKey>
<indexColumnUsage>
<colUsage columnID="B0B19268-A516-ADAA-34B4-E00FC291156B"/>
</indexColumnUsage>
</ind_PK_UK>
</indexes>
</Table>