<?xml version = '1.0' encoding = 'UTF-8'?>
<Table class="oracle.dbtools.crest.model.design.relational.Table" directorySegmentName="seg_0" id="7549328A-FFDF-B97F-EE94-E7DD6649F128" name="ASIGNATURA">
<createdBy>JUANKA</createdBy>
<createdTime>2021-04-20 07:18:21 UTC</createdTime>
<generatorID>5A940B90-E299-47EB-88EF-88485ECACB51</generatorID>
<ownerDesignName>NeuBDModeloLogico</ownerDesignName>
<allowColumnReorder>false</allowColumnReorder>
<existDependencyGenerateInDDl>true</existDependencyGenerateInDDl>
<parsed>true</parsed>
<columns itemClass="oracle.dbtools.crest.model.design.relational.Column">
<Column name="Referencia" id="93300439-A06B-057B-32D8-46C69614FD68">
<createdBy>JUANKA</createdBy>
<createdTime>2021-04-20 07:18:21 UTC</createdTime>
<generatorID>57826A70-4A16-931F-47BD-B99BD39A9572</generatorID>
<ownerDesignName>NeuBDModeloLogico</ownerDesignName>
<useDomainConstraints>false</useDomainConstraints>
<use>1</use>
<logicalDatatype>LOGDT024</logicalDatatype>
<dataTypeSize>180 CHAR</dataTypeSize>
<ownDataTypeParameters>180 CHAR,,</ownDataTypeParameters>
<autoIncrementCycle>false</autoIncrementCycle>
</Column>
<Column name="Código" id="EE7CB1A0-169F-470A-CFE5-0EF6AB30048D">
<createdBy>JUANKA</createdBy>
<createdTime>2021-04-20 07:18:21 UTC</createdTime>
<generatorID>16F8932D-972F-0692-4553-8DFC3C83B696</generatorID>
<ownerDesignName>NeuBDModeloLogico</ownerDesignName>
<useDomainConstraints>false</useDomainConstraints>
<use>1</use>
<logicalDatatype>LOGDT024</logicalDatatype>
<dataTypeSize>180 CHAR</dataTypeSize>
<ownDataTypeParameters>180 CHAR,,</ownDataTypeParameters>
<autoIncrementCycle>false</autoIncrementCycle>
</Column>
<Column name="Créditos_Práctica" id="F1265154-0CC1-06F0-DEC7-E8749E4F6184">
<createdBy>JUANKA</createdBy>
<createdTime>2021-04-20 07:18:21 UTC</createdTime>
<generatorID>01D9A219-F5BB-EEFC-2CD7-31817FA7EF5C</generatorID>
<ownerDesignName>NeuBDModeloLogico</ownerDesignName>
<useDomainConstraints>false</useDomainConstraints>
<use>1</use>
<logicalDatatype>LOGDT024</logicalDatatype>
<dataTypeSize>180 CHAR</dataTypeSize>
<ownDataTypeParameters>180 CHAR,,</ownDataTypeParameters>
<autoIncrementCycle>false</autoIncrementCycle>
</Column>
<Column name="Créditos_Teoría" id="1F7640A5-2788-2A93-DE8A-70B77CFAB741">
<createdBy>JUANKA</createdBy>
<createdTime>2021-04-20 07:18:21 UTC</createdTime>
<generatorID>F398373E-C740-E91B-EB25-34CAECCD2271</generatorID>
<ownerDesignName>NeuBDModeloLogico</ownerDesignName>
<useDomainConstraints>false</useDomainConstraints>
<use>1</use>
<logicalDatatype>LOGDT024</logicalDatatype>
<dataTypeSize>180 CHAR</dataTypeSize>
<ownDataTypeParameters>180 CHAR,,</ownDataTypeParameters>
<autoIncrementCycle>false</autoIncrementCycle>
</Column>
<Column name="Créditos" id="747BB40D-E6C5-AF55-54D3-DA260223EC7D">
<createdBy>JUANKA</createdBy>
<createdTime>2021-04-20 07:18:21 UTC</createdTime>
<generatorID>A4C48905-C246-A611-68B9-630962BD49D6</generatorID>
<ownerDesignName>NeuBDModeloLogico</ownerDesignName>
<useDomainConstraints>false</useDomainConstraints>
<use>1</use>
<logicalDatatype>LOGDT024</logicalDatatype>
<dataTypeSize>180 CHAR</dataTypeSize>
<ownDataTypeParameters>180 CHAR,,</ownDataTypeParameters>
<autoIncrementCycle>false</autoIncrementCycle>
</Column>
<Column name="Ofertada" id="22B0FE6D-AC3B-9C1C-668D-109853848280">
<createdBy>JUANKA</createdBy>
<createdTime>2021-04-20 07:18:21 UTC</createdTime>
<generatorID>C3D4C426-0326-7DE4-1B05-ADDA67AF54F8</generatorID>
<ownerDesignName>NeuBDModeloLogico</ownerDesignName>
<useDomainConstraints>false</useDomainConstraints>
<use>1</use>
<logicalDatatype>LOGDT024</logicalDatatype>
<dataTypeSize>180 CHAR</dataTypeSize>
<ownDataTypeParameters>180 CHAR,,</ownDataTypeParameters>
<autoIncrementCycle>false</autoIncrementCycle>
</Column>
<Column name="Nombre" id="7DC17937-A6D9-D588-A484-FF81F32BA2DC">
<createdBy>JUANKA</createdBy>
<createdTime>2021-04-20 07:18:21 UTC</createdTime>
<generatorID>C548BFEB-48D5-2861-4AC3-C99424008DF2</generatorID>
<ownerDesignName>NeuBDModeloLogico</ownerDesignName>
<useDomainConstraints>false</useDomainConstraints>
<use>1</use>
<logicalDatatype>LOGDT024</logicalDatatype>
<dataTypeSize>180 CHAR</dataTypeSize>
<ownDataTypeParameters>180 CHAR,,</ownDataTypeParameters>
<autoIncrementCycle>false</autoIncrementCycle>
</Column>
<Column name="Curso" id="5BE88718-A90B-ECBD-EA1C-16F5E94E2145">
<createdBy>JUANKA</createdBy>
<createdTime>2021-04-20 07:18:21 UTC</createdTime>
<generatorID>C7AF010F-B35B-A798-9C51-897A2D008D47</generatorID>
<ownerDesignName>NeuBDModeloLogico</ownerDesignName>
<nullsAllowed>true</nullsAllowed>
<useDomainConstraints>false</useDomainConstraints>
<use>1</use>
<logicalDatatype>LOGDT024</logicalDatatype>
<dataTypeSize>180 CHAR</dataTypeSize>
<ownDataTypeParameters>180 CHAR,,</ownDataTypeParameters>
<autoIncrementCycle>false</autoIncrementCycle>
</Column>
<Column name="Carácter" id="DCC8CECB-6CEE-C0E1-462B-D5AC05AB7852">
<createdBy>JUANKA</createdBy>
<createdTime>2021-04-20 07:18:21 UTC</createdTime>
<generatorID>5776506F-EBF3-282A-3568-7514BB5F9563</generatorID>
<ownerDesignName>NeuBDModeloLogico</ownerDesignName>
<nullsAllowed>true</nullsAllowed>
<useDomainConstraints>false</useDomainConstraints>
<use>1</use>
<logicalDatatype>LOGDT024</logicalDatatype>
<dataTypeSize>180 CHAR</dataTypeSize>
<ownDataTypeParameters>180 CHAR,,</ownDataTypeParameters>
<autoIncrementCycle>false</autoIncrementCycle>
</Column>
<Column name="Duración" id="47BBA337-C508-08A6-BD80-FB234FA97DD3">
<createdBy>JUANKA</createdBy>
<createdTime>2021-04-20 07:18:21 UTC</createdTime>
<generatorID>3A3E99B1-37CC-357C-E325-EBBAE9A13152</generatorID>
<ownerDesignName>NeuBDModeloLogico</ownerDesignName>
<nullsAllowed>true</nullsAllowed>
<useDomainConstraints>false</useDomainConstraints>
<use>1</use>
<logicalDatatype>LOGDT024</logicalDatatype>
<dataTypeSize>180 CHAR</dataTypeSize>
<ownDataTypeParameters>180 CHAR,,</ownDataTypeParameters>
<autoIncrementCycle>false</autoIncrementCycle>
</Column>
<Column name="Unidad_Temporal(Cuatrimestre)" id="2616A485-B1F0-0598-D9A9-8C2D0D4F2D97">
<createdBy>JUANKA</createdBy>
<createdTime>2021-04-20 07:18:21 UTC</createdTime>
<generatorID>579143C5-0CA0-77AF-91F7-B6C9BA3734F9</generatorID>
<ownerDesignName>NeuBDModeloLogico</ownerDesignName>
<nullsAllowed>true</nullsAllowed>
<useDomainConstraints>false</useDomainConstraints>
<use>1</use>
<logicalDatatype>LOGDT024</logicalDatatype>
<dataTypeSize>180 CHAR</dataTypeSize>
<ownDataTypeParameters>180 CHAR,,</ownDataTypeParameters>
<autoIncrementCycle>false</autoIncrementCycle>
</Column>
<Column name="Idiomas_de_impartición" id="DDE2B6F9-5EFF-8BF3-268A-60FFF2FB9844">
<createdBy>JUANKA</createdBy>
<createdTime>2021-04-20 07:18:21 UTC</createdTime>
<generatorID>7F4962C2-23C0-FCCF-D61F-FD75F09A298B</generatorID>
<ownerDesignName>NeuBDModeloLogico</ownerDesignName>
<nullsAllowed>true</nullsAllowed>
<useDomainConstraints>false</useDomainConstraints>
<use>1</use>
<logicalDatatype>LOGDT024</logicalDatatype>
<dataTypeSize>180 CHAR</dataTypeSize>
<ownDataTypeParameters>180 CHAR,,</ownDataTypeParameters>
<autoIncrementCycle>false</autoIncrementCycle>
</Column>
<Column name="TITULACIÓN_Código" id="019622AD-163A-7252-FC66-E5061DD4E833">
<createdBy>JUANKA</createdBy>
<createdTime>2021-04-20 07:18:21 UTC</createdTime>
<generatorID>EBF9952D-469E-1B46-2C9E-4AD82A47688D</generatorID>
<ownerDesignName>NeuBDModeloLogico</ownerDesignName>
<useDomainConstraints>false</useDomainConstraints>
<use>1</use>
<logicalDatatype>LOGDT024</logicalDatatype>
<dataTypeSize>180 CHAR</dataTypeSize>
<ownDataTypeParameters>,,</ownDataTypeParameters>
<previousColumn>false</previousColumn>
<autoIncrementCycle>false</autoIncrementCycle>
<associations>
<colAssociation fkAssociation="4B7600AC-C20D-6129-439B-90FB1AACF8A3" referredColumn="B0B19268-A516-ADAA-34B4-E00FC291156B"/>
</associations>
</Column>
</columns>
<indexes itemClass="oracle.dbtools.crest.model.design.relational.Index">
<ind_PK_UK id="A59657F3-58FD-0B42-1D4A-C7D22CD60529" name="ASIGNATURA_PK">
<createdBy>JUANKA</createdBy>
<createdTime>2021-04-20 07:18:21 UTC</createdTime>
<generatorID>68E40367-E053-CF66-66C3-2A3967586146</generatorID>
<ownerDesignName>NeuBDModeloLogico</ownerDesignName>
<pk>true</pk>
<indexState>Primary Constraint</indexState>
<isSurrogateKey>false</isSurrogateKey>
<indexColumnUsage>
<colUsage columnID="93300439-A06B-057B-32D8-46C69614FD68"/>
</indexColumnUsage>
</ind_PK_UK>
<ind_PK_UK id="F8AE8949-D82D-AF74-9076-3D28BCCE0198" name="ASIGNATURA_TITULACIÓN_FK">
<createdBy>JUANKA</createdBy>
<createdTime>2021-04-20 07:18:22 UTC</createdTime>
<generatorID>858553DE-458D-BF2A-2305-C72E1F23F3A6</generatorID>
<ownerDesignName>NeuBDModeloLogico</ownerDesignName>
<indexState>Foreign Key</indexState>
<isSurrogateKey>false</isSurrogateKey>
<indexColumnUsage>
<colUsage columnID="019622AD-163A-7252-FC66-E5061DD4E833"/>
</indexColumnUsage>
</ind_PK_UK>
</indexes>
</Table>