<?xml version = '1.0' encoding = 'UTF-8'?>
<Table class="oracle.dbtools.crest.model.design.relational.Table" directorySegmentName="seg_0" id="AB18964B-A66F-529F-E7B8-81E5C265B6DE" name="ENCUESTA">
<createdBy>JUANKA</createdBy>
<createdTime>2021-04-20 07:18:21 UTC</createdTime>
<generatorID>F7B2D27C-8ECA-AFA6-151D-0AF3E7E2FCA3</generatorID>
<ownerDesignName>NeuBDModeloLogico</ownerDesignName>
<allowColumnReorder>false</allowColumnReorder>
<existDependencyGenerateInDDl>true</existDependencyGenerateInDDl>
<parsed>true</parsed>
<columns itemClass="oracle.dbtools.crest.model.design.relational.Column">
<Column name="Fecha_de_envío" id="11A438DA-8815-AF44-8DBE-0464B82182A3">
<createdBy>JUANKA</createdBy>
<createdTime>2021-04-20 07:18:21 UTC</createdTime>
<generatorID>0C8EA1D3-2AC3-930D-939A-565EF37A776F</generatorID>
<ownerDesignName>NeuBDModeloLogico</ownerDesignName>
<useDomainConstraints>false</useDomainConstraints>
<use>1</use>
<logicalDatatype>LOGDT024</logicalDatatype>
<dataTypeSize>180 CHAR</dataTypeSize>
<ownDataTypeParameters>180 CHAR,,</ownDataTypeParameters>
<autoIncrementCycle>false</autoIncrementCycle>
</Column>
<Column name="EXPEDIENTES_Num_Expediente" id="E4318463-2DC4-7538-7BAE-F4F39C513C75">
<createdBy>JUANKA</createdBy>
<createdTime>2021-04-20 07:18:21 UTC</createdTime>
<generatorID>AA07D97D-0388-5453-B275-BBD4DD753F7B</generatorID>
<ownerDesignName>NeuBDModeloLogico</ownerDesignName>
<useDomainConstraints>false</useDomainConstraints>
<use>1</use>
<logicalDatatype>LOGDT024</logicalDatatype>
<dataTypeSize>180 CHAR</dataTypeSize>
<ownDataTypeParameters>,,</ownDataTypeParameters>
<previousColumn>false</previousColumn>
<autoIncrementCycle>false</autoIncrementCycle>
<associations>
<colAssociation fkAssociation="30BEBDD1-A04D-5157-E8AF-E7027B61F671" referredColumn="E57B7855-7C84-8463-A41F-3BFCE23FA84F"/>
</associations>
</Column>
</columns>
<indexes itemClass="oracle.dbtools.crest.model.design.relational.Index">
<ind_PK_UK id="E86AF0D0-3AD8-5768-294F-464ED2364D0E" name="ENCUESTA_PK">
<createdBy>JUANKA</createdBy>
<createdTime>2021-04-20 07:18:21 UTC</createdTime>
<generatorID>051428F0-F8D9-7305-0225-63B6482ED387</generatorID>
<ownerDesignName>NeuBDModeloLogico</ownerDesignName>
<pk>true</pk>
<indexState>Primary Constraint</indexState>
<isSurrogateKey>false</isSurrogateKey>
<indexColumnUsage>
<colUsage columnID="11A438DA-8815-AF44-8DBE-0464B82182A3"/>
</indexColumnUsage>
</ind_PK_UK>
<ind_PK_UK id="EA280BD5-2590-7CA7-335E-698C9AFE2D58" name="ENCUESTA_EXPEDIENTES_FK">
<createdBy>JUANKA</createdBy>
<createdTime>2021-04-20 07:18:22 UTC</createdTime>
<generatorID>FD1C2F18-2DE3-DD92-5550-490A90DCBB69</generatorID>
<ownerDesignName>NeuBDModeloLogico</ownerDesignName>
<indexState>Foreign Key</indexState>
<isSurrogateKey>false</isSurrogateKey>
<indexColumnUsage>
<colUsage columnID="E4318463-2DC4-7538-7BAE-F4F39C513C75"/>
</indexColumnUsage>
</ind_PK_UK>
</indexes>
</Table>