<?xml version = '1.0' encoding = 'UTF-8'?>
<Table class="oracle.dbtools.crest.model.design.relational.Table" directorySegmentName="seg_0" id="BBBD6744-EB15-E239-16F4-E213D8F09FEB" name="ASIG_MATRI">
<createdBy>JUANKA</createdBy>
<createdTime>2021-04-20 07:18:21 UTC</createdTime>
<generatorID>439EA753-A4A2-BBBF-2FA7-690BA32782A6</generatorID>
<ownerDesignName>NeuBDModeloLogico</ownerDesignName>
<allowColumnReorder>false</allowColumnReorder>
<existDependencyGenerateInDDl>true</existDependencyGenerateInDDl>
<parsed>true</parsed>
<columns itemClass="oracle.dbtools.crest.model.design.relational.Column">
<Column name="ASIG_Refer" id="BB564713-8A2B-754F-F7FC-9EA3E7A21781">
<createdBy>JUANKA</createdBy>
<createdTime>2021-04-20 07:18:21 UTC</createdTime>
<generatorID>282023B8-5A04-59C7-1BC4-9C9169604530</generatorID>
<ownerDesignName>NeuBDModeloLogico</ownerDesignName>
<useDomainConstraints>false</useDomainConstraints>
<use>1</use>
<logicalDatatype>LOGDT024</logicalDatatype>
<dataTypeSize>180 CHAR</dataTypeSize>
<ownDataTypeParameters>,,</ownDataTypeParameters>
<previousColumn>false</previousColumn>
<autoIncrementCycle>false</autoIncrementCycle>
<associations>
<colAssociation fkAssociation="5271C574-A6AE-5E4E-C656-0214A00846C4" referredColumn="93300439-A06B-057B-32D8-46C69614FD68"/>
</associations>
</Column>
<Column name="MATR_EXPE_Num_Expe" id="1FCF3B60-817F-5BBC-87F4-37C87FC04C1E">
<createdBy>JUANKA</createdBy>
<createdTime>2021-04-20 07:18:21 UTC</createdTime>
<generatorID>BA79B2B2-2DEA-F6F5-0F88-89D60F427619</generatorID>
<ownerDesignName>NeuBDModeloLogico</ownerDesignName>
<useDomainConstraints>false</useDomainConstraints>
<use>1</use>
<logicalDatatype>LOGDT024</logicalDatatype>
<dataTypeSize>180 CHAR</dataTypeSize>
<ownDataTypeParameters>,,</ownDataTypeParameters>
<previousColumn>false</previousColumn>
<autoIncrementCycle>false</autoIncrementCycle>
<associations>
<colAssociation fkAssociation="0B7A448B-DE40-F336-9238-6428D3581533" referredColumn="4A55B505-042D-1C55-5DD9-C6E7DF2C6DD4"/>
</associations>
</Column>
<Column name="MATRÍCULA_Curso_académico" id="BEA6204A-F9F9-58B5-03E8-601FA71C316F">
<createdBy>JUANKA</createdBy>
<createdTime>2021-04-20 07:18:21 UTC</createdTime>
<generatorID>B01A48BB-8E2D-0626-2A16-8298E72B6FE0</generatorID>
<ownerDesignName>NeuBDModeloLogico</ownerDesignName>
<useDomainConstraints>false</useDomainConstraints>
<use>1</use>
<logicalDatatype>LOGDT024</logicalDatatype>
<dataTypeSize>180 CHAR</dataTypeSize>
<ownDataTypeParameters>,,</ownDataTypeParameters>
<previousColumn>false</previousColumn>
<autoIncrementCycle>false</autoIncrementCycle>
<associations>
<colAssociation fkAssociation="0B7A448B-DE40-F336-9238-6428D3581533" referredColumn="84B227E1-5BC0-FA47-DFB0-473AA3F72EDC"/>
</associations>
</Column>
<Column name="GRUPO_ID" id="60A3D6E3-D630-8210-0429-D0697742EAFF">
<createdBy>JUANKA</createdBy>
<createdTime>2021-04-20 07:18:21 UTC</createdTime>
<generatorID>DF45C4A7-41E4-EB60-C131-748F2D5ABA0E</generatorID>
<ownerDesignName>NeuBDModeloLogico</ownerDesignName>
<nullsAllowed>true</nullsAllowed>
<useDomainConstraints>false</useDomainConstraints>
<use>1</use>
<logicalDatatype>LOGDT024</logicalDatatype>
<dataTypeSize>180 CHAR</dataTypeSize>
<ownDataTypeParameters>,,</ownDataTypeParameters>
<previousColumn>false</previousColumn>
<autoIncrementCycle>false</autoIncrementCycle>
<associations>
<colAssociation fkAssociation="9666AC9D-7BDC-7B79-FA06-34B0DF146A0B" referredColumn="4C5FCD35-B6D3-465D-6155-63D49743E0A0"/>
</associations>
</Column>
<Column name="Ingles" id="CE33D4D4-5EE1-08AF-D487-1414D5D52FAB">
<createdBy>JUANKA</createdBy>
<createdTime>2021-04-20 07:18:21 UTC</createdTime>
<generatorID>BA269D83-6FD8-4A5F-561E-5A6CC3ABFA67</generatorID>
<ownerDesignName>NeuBDModeloLogico</ownerDesignName>
<nullsAllowed>true</nullsAllowed>
<useDomainConstraints>false</useDomainConstraints>
<use>1</use>
<logicalDatatype>LOGDT006</logicalDatatype>
<dataTypeSize>1 BYTE</dataTypeSize>
<ownDataTypeParameters>1 BYTE,,</ownDataTypeParameters>
<autoIncrementCycle>false</autoIncrementCycle>
</Column>
<Column name="AsignacionManual" id="FE39A27C-9BE4-FDF4-CD7E-3FDD4F01A94A">
<createdBy>JUANKA</createdBy>
<createdTime>2021-04-20 07:18:21 UTC</createdTime>
<generatorID>F08B1CF1-00AA-C6D0-B68B-0E33D584627C</generatorID>
<ownerDesignName>NeuBDModeloLogico</ownerDesignName>
<nullsAllowed>true</nullsAllowed>
<useDomainConstraints>false</useDomainConstraints>
<use>1</use>
<logicalDatatype>LOGDT006</logicalDatatype>
<dataTypeSize>1 BYTE</dataTypeSize>
<ownDataTypeParameters>1 BYTE,,</ownDataTypeParameters>
<autoIncrementCycle>false</autoIncrementCycle>
</Column>
</columns>
<indexes itemClass="oracle.dbtools.crest.model.design.relational.Index">
<ind_PK_UK id="0565D6C4-34A8-707D-D186-4C5B232D338A" name="ASIG_MATRI_PK">
<createdBy>JUANKA</createdBy>
<createdTime>2021-04-20 07:18:21 UTC</createdTime>
<generatorID>99F4B23A-3526-88C5-5E61-88C74114C55A</generatorID>
<ownerDesignName>NeuBDModeloLogico</ownerDesignName>
<pk>true</pk>
<indexState>Primary Constraint</indexState>
<isSurrogateKey>false</isSurrogateKey>
<indexColumnUsage>
<colUsage columnID="1FCF3B60-817F-5BBC-87F4-37C87FC04C1E"/>
<colUsage columnID="BEA6204A-F9F9-58B5-03E8-601FA71C316F"/>
<colUsage columnID="BB564713-8A2B-754F-F7FC-9EA3E7A21781"/>
</indexColumnUsage>
</ind_PK_UK>
<ind_PK_UK id="D473A1D5-FC64-C90B-A9F1-DA40FB1E63F5" name="ASIG_MATRI_ASIGNATURA_FK">
<createdBy>JUANKA</createdBy>
<createdTime>2021-04-20 07:18:22 UTC</createdTime>
<generatorID>18B44746-3A96-B4C9-C27C-987FA70974F8</generatorID>
<ownerDesignName>NeuBDModeloLogico</ownerDesignName>
<indexState>Foreign Key</indexState>
<isSurrogateKey>false</isSurrogateKey>
<indexColumnUsage>
<colUsage columnID="BB564713-8A2B-754F-F7FC-9EA3E7A21781"/>
</indexColumnUsage>
</ind_PK_UK>
<ind_PK_UK id="4C4E07FB-F125-3F32-2B0D-ACE907CEDC45" name="ASIG_MATRI_MATRÍCULA_FK">
<createdBy>JUANKA</createdBy>
<createdTime>2021-04-20 07:18:22 UTC</createdTime>
<generatorID>25CD4DD3-201B-299E-0A70-BCDCBF0A5222</generatorID>
<ownerDesignName>NeuBDModeloLogico</ownerDesignName>
<indexState>Foreign Key</indexState>
<isSurrogateKey>false</isSurrogateKey>
<indexColumnUsage>
<colUsage columnID="1FCF3B60-817F-5BBC-87F4-37C87FC04C1E"/>
<colUsage columnID="BEA6204A-F9F9-58B5-03E8-601FA71C316F"/>
</indexColumnUsage>
</ind_PK_UK>
<ind_PK_UK id="2A14F333-1CA9-FD7D-AEB8-0FFE17C76826" name="ASIG_MATRI_GRUPO_FK">
<createdBy>JUANKA</createdBy>
<createdTime>2021-04-20 07:18:22 UTC</createdTime>
<generatorID>4E4188CC-DDDE-D370-0D59-29AF58DBB8C4</generatorID>
<ownerDesignName>NeuBDModeloLogico</ownerDesignName>
<indexState>Foreign Key</indexState>
<isSurrogateKey>false</isSurrogateKey>
<indexColumnUsage>
<colUsage columnID="60A3D6E3-D630-8210-0429-D0697742EAFF"/>
</indexColumnUsage>
</ind_PK_UK>
</indexes>
</Table>