<?xml version = '1.0' encoding = 'UTF-8'?>
<Table class="oracle.dbtools.crest.model.design.relational.Table" directorySegmentName="seg_0" id="D86A9B9A-5ADB-E71C-528B-EC338B65A4CE" name="SECRETARIO">
<createdBy>JUANKA</createdBy>
<createdTime>2021-04-20 07:18:21 UTC</createdTime>
<generatorID>DCEA9813-851D-CDEB-5632-23D42897B8F8</generatorID>
<ownerDesignName>NeuBDModeloLogico</ownerDesignName>
<allowColumnReorder>false</allowColumnReorder>
<existDependencyGenerateInDDl>true</existDependencyGenerateInDDl>
<parsed>true</parsed>
<columns itemClass="oracle.dbtools.crest.model.design.relational.Column">
<Column name="ID" id="5E3A90FE-9C38-60D4-277F-B367B4FBEC9F">
<createdBy>JUANKA</createdBy>
<createdTime>2021-04-20 07:18:21 UTC</createdTime>
<generatorID>3CCE4FEE-06E7-CCF7-E867-794BCF4BC13D</generatorID>
<ownerDesignName>NeuBDModeloLogico</ownerDesignName>
<useDomainConstraints>false</useDomainConstraints>
<use>1</use>
<logicalDatatype>LOGDT024</logicalDatatype>
<dataTypeSize>180 CHAR</dataTypeSize>
<ownDataTypeParameters>,,</ownDataTypeParameters>
<autoIncrementCycle>false</autoIncrementCycle>
<associations>
<colAssociation fkAssociation="D67FF3D0-5742-04FF-B001-B6FC2C8E8CAF" referredColumn="37DA239A-756A-F405-042C-2433B7A2B00E"/>
</associations>
</Column>
</columns>
<indexes itemClass="oracle.dbtools.crest.model.design.relational.Index">
<ind_PK_UK id="F33732C7-8F72-323A-6848-A576725737EE" name="SECRETARIO_PK">
<createdBy>JUANKA</createdBy>
<createdTime>2021-04-20 07:18:21 UTC</createdTime>
<generatorID>B4484BA1-B53C-40D8-D84B-9E2B594E576B</generatorID>
<ownerDesignName>NeuBDModeloLogico</ownerDesignName>
<pk>true</pk>
<indexState>Primary Constraint</indexState>
<isSurrogateKey>false</isSurrogateKey>
<indexColumnUsage>
<colUsage columnID="5E3A90FE-9C38-60D4-277F-B367B4FBEC9F"/>
</indexColumnUsage>
</ind_PK_UK>
<ind_PK_UK id="507B8B6E-F5E5-BB5B-3A67-CFD1BE9F3305" name="SECRETARIO_USUARIO_FK">
<createdBy>JUANKA</createdBy>
<createdTime>2021-04-20 07:18:21 UTC</createdTime>
<generatorID>32F9A1B6-EF64-E68B-81A0-A22A4E86378A</generatorID>
<ownerDesignName>NeuBDModeloLogico</ownerDesignName>
<indexState>Foreign Key</indexState>
<isSurrogateKey>false</isSurrogateKey>
<indexColumnUsage>
<colUsage columnID="5E3A90FE-9C38-60D4-277F-B367B4FBEC9F"/>
</indexColumnUsage>
</ind_PK_UK>
</indexes>
</Table>