<?xml version = '1.0' encoding = 'UTF-8'?>
<Table class="oracle.dbtools.crest.model.design.relational.Table" directorySegmentName="seg_0" id="DD7EFFF7-66BA-CA19-276B-F8A87B32B802" name="R_ASIG_PROF">
<createdBy>JUANKA</createdBy>
<createdTime>2021-04-20 07:18:22 UTC</createdTime>
<ownerDesignName>NeuBDModeloLogico</ownerDesignName>
<ordsAlias>relation_18</ordsAlias>
<allowColumnReorder>false</allowColumnReorder>
<existDependencyGenerateInDDl>true</existDependencyGenerateInDDl>
<parsed>true</parsed>
<columns itemClass="oracle.dbtools.crest.model.design.relational.Column">
<Column name="PROFESOR_ID" id="3A3BC309-6E6B-0653-06AA-79D5E336F9B3">
<createdBy>JUANKA</createdBy>
<createdTime>2021-04-20 07:18:22 UTC</createdTime>
<ownerDesignName>NeuBDModeloLogico</ownerDesignName>
<useDomainConstraints>false</useDomainConstraints>
<use>1</use>
<logicalDatatype>LOGDT024</logicalDatatype>
<dataTypeSize>180 CHAR</dataTypeSize>
<ownDataTypeParameters>,,</ownDataTypeParameters>
<previousColumn>false</previousColumn>
<autoIncrementCycle>false</autoIncrementCycle>
<associations>
<colAssociation fkAssociation="4CDBB014-DE08-413F-E755-C8AAE45B8297" referredColumn="B93F308F-2308-FAB3-23EF-27B1E85F1A1D"/>
</associations>
</Column>
<Column name="ASIGNATURA_Referencia" id="CE204021-6B43-E075-DCEF-8CE62C6BB42E">
<createdBy>JUANKA</createdBy>
<createdTime>2021-04-20 07:18:22 UTC</createdTime>
<ownerDesignName>NeuBDModeloLogico</ownerDesignName>
<useDomainConstraints>false</useDomainConstraints>
<use>1</use>
<logicalDatatype>LOGDT024</logicalDatatype>
<dataTypeSize>180 CHAR</dataTypeSize>
<ownDataTypeParameters>,,</ownDataTypeParameters>
<previousColumn>false</previousColumn>
<autoIncrementCycle>false</autoIncrementCycle>
<associations>
<colAssociation fkAssociation="11E2C19E-346F-DCFC-9851-6F0D1C77EA97" referredColumn="93300439-A06B-057B-32D8-46C69614FD68"/>
</associations>
</Column>
</columns>
<indexes itemClass="oracle.dbtools.crest.model.design.relational.Index">
<ind_PK_UK id="351667B0-5EC1-1303-BFD8-D7F9693447D4" name="Relation_18_PK">
<createdBy>JUANKA</createdBy>
<createdTime>2021-04-20 07:18:22 UTC</createdTime>
<ownerDesignName>NeuBDModeloLogico</ownerDesignName>
<pk>true</pk>
<indexState>Primary Constraint</indexState>
<isSurrogateKey>false</isSurrogateKey>
<indexColumnUsage>
<colUsage columnID="3A3BC309-6E6B-0653-06AA-79D5E336F9B3"/>
<colUsage columnID="CE204021-6B43-E075-DCEF-8CE62C6BB42E"/>
</indexColumnUsage>
</ind_PK_UK>
<ind_PK_UK id="605FA291-DE5B-F8E7-9349-6B9B1AE56CFE" name="Relation_18_PROFESOR_FK">
<createdBy>JUANKA</createdBy>
<createdTime>2021-04-20 07:18:22 UTC</createdTime>
<generatorID>1D898DF3-A815-40FB-8C3D-B98969B60121</generatorID>
<ownerDesignName>NeuBDModeloLogico</ownerDesignName>
<indexState>Foreign Key</indexState>
<isSurrogateKey>false</isSurrogateKey>
<indexColumnUsage>
<colUsage columnID="3A3BC309-6E6B-0653-06AA-79D5E336F9B3"/>
</indexColumnUsage>
</ind_PK_UK>
<ind_PK_UK id="13C5C209-CE7C-0D8E-4D47-6D774B6AD131" name="Relation_18_ASIGNATURA_FK">
<createdBy>JUANKA</createdBy>
<createdTime>2021-04-20 07:18:22 UTC</createdTime>
<generatorID>1D898DF3-A815-40FB-8C3D-B98969B60121</generatorID>
<ownerDesignName>NeuBDModeloLogico</ownerDesignName>
<indexState>Foreign Key</indexState>
<isSurrogateKey>false</isSurrogateKey>
<indexColumnUsage>
<colUsage columnID="CE204021-6B43-E075-DCEF-8CE62C6BB42E"/>
</indexColumnUsage>
</ind_PK_UK>
</indexes>
</Table>