<?xml version = '1.0' encoding = 'UTF-8'?>
<Table class="oracle.dbtools.crest.model.design.relational.Table" directorySegmentName="seg_0" id="E4168971-012E-2801-76BD-6E19F035E174" name="ALUMNO">
<createdBy>JUANKA</createdBy>
<createdTime>2021-04-20 07:18:21 UTC</createdTime>
<generatorID>A25535C1-F667-AE82-CAED-DDA8A0DD3312</generatorID>
<ownerDesignName>NeuBDModeloLogico</ownerDesignName>
<allowColumnReorder>false</allowColumnReorder>
<existDependencyGenerateInDDl>true</existDependencyGenerateInDDl>
<parsed>true</parsed>
<columns itemClass="oracle.dbtools.crest.model.design.relational.Column">
<Column name="ID" id="E2631E0D-3A61-19E9-E729-4056D4BA1C80">
<createdBy>JUANKA</createdBy>
<createdTime>2021-04-20 07:18:21 UTC</createdTime>
<generatorID>3CCE4FEE-06E7-CCF7-E867-794BCF4BC13D</generatorID>
<ownerDesignName>NeuBDModeloLogico</ownerDesignName>
<useDomainConstraints>false</useDomainConstraints>
<use>1</use>
<logicalDatatype>LOGDT024</logicalDatatype>
<dataTypeSize>180 CHAR</dataTypeSize>
<ownDataTypeParameters>,,</ownDataTypeParameters>
<autoIncrementCycle>false</autoIncrementCycle>
<associations>
<colAssociation fkAssociation="E16B0AFF-4C46-0429-7388-BBE9DC4ED569" referredColumn="37DA239A-756A-F405-042C-2433B7A2B00E"/>
</associations>
</Column>
<Column name="Email_Institucional" id="30647E15-01AA-1197-C75C-9AF6AEF60079">
<createdBy>JUANKA</createdBy>
<createdTime>2021-04-20 07:18:21 UTC</createdTime>
<generatorID>2795E051-5990-A7E6-5463-609ADF5A2A3C</generatorID>
<ownerDesignName>NeuBDModeloLogico</ownerDesignName>
<useDomainConstraints>false</useDomainConstraints>
<use>1</use>
<logicalDatatype>LOGDT024</logicalDatatype>
<dataTypeSize>180 CHAR</dataTypeSize>
<ownDataTypeParameters>180 CHAR,,</ownDataTypeParameters>
<autoIncrementCycle>false</autoIncrementCycle>
</Column>
</columns>
<indexes itemClass="oracle.dbtools.crest.model.design.relational.Index">
<ind_PK_UK id="2ABFBB2E-1624-9E88-8B4D-FC3C973DDA0F" name="ALUMNO_PK">
<createdBy>JUANKA</createdBy>
<createdTime>2021-04-20 07:18:21 UTC</createdTime>
<generatorID>B4484BA1-B53C-40D8-D84B-9E2B594E576B</generatorID>
<ownerDesignName>NeuBDModeloLogico</ownerDesignName>
<pk>true</pk>
<indexState>Primary Constraint</indexState>
<isSurrogateKey>false</isSurrogateKey>
<indexColumnUsage>
<colUsage columnID="E2631E0D-3A61-19E9-E729-4056D4BA1C80"/>
</indexColumnUsage>
</ind_PK_UK>
<ind_PK_UK id="0610BCEA-780C-9726-69C1-9BEBB850DFB7" name="ALUMNO_USUARIO_FK">
<createdBy>JUANKA</createdBy>
<createdTime>2021-04-20 07:18:21 UTC</createdTime>
<generatorID>0541801A-D74D-3DBF-167F-309AC7291827</generatorID>
<ownerDesignName>NeuBDModeloLogico</ownerDesignName>
<indexState>Foreign Key</indexState>
<isSurrogateKey>false</isSurrogateKey>
<indexColumnUsage>
<colUsage columnID="E2631E0D-3A61-19E9-E729-4056D4BA1C80"/>
</indexColumnUsage>
</ind_PK_UK>
</indexes>
</Table>