<?xml version = '1.0' encoding = 'UTF-8'?>
<Relation class="oracle.dbtools.crest.model.design.logical.Relation" name="Relation_26" directorySegmentName="seg_0" id="082D703F-A589-CCD8-D8B1-8F5FAA476D19">
<createdBy>JUANKA</createdBy>
<createdTime>2021-04-20 07:17:14 UTC</createdTime>
<ownerDesignName>NeuBDModeloLogico</ownerDesignName>
<importedID>1BC3823A-BAF8-152A-B79E-4C0C2C7A2F5B</importedID>
<engineerTo>
<item key="14DFEC09-88A0-67C9-F222-C7919C25966F" value="true"/>
<item key="8E3459F0-9E25-80AB-3397-F5978CA10707" value="true"/>
<item key="9A74C99F-416B-E938-DEE5-A22977160E78" value="true"/>
</engineerTo>
<sourcePk>94F56D5E-1A0A-AFEE-CCE0-2EABBE64BE6D</sourcePk>
<identifying>false</identifying>
<optionalSource>true</optionalSource>
<optionalTarget>false</optionalTarget>
<sourceCardinality>1</sourceCardinality>
<sourceEntity>51F09180-0E1B-2C98-B2A7-59DA68C25E5F</sourceEntity>
<targetCardinalityString>*</targetCardinalityString>
<targetEntity>C686DAEA-EFC8-E66F-EE08-1F9FE9C23A7D</targetEntity>
<transferable>true</transferable>
<deleteRule>NO ACTION</deleteRule>
</Relation>