<?xml version = '1.0' encoding = 'UTF-8'?>
<Relation class="oracle.dbtools.crest.model.design.logical.Relation" name="Relation_20" directorySegmentName="seg_0" id="2CA42F78-EE47-57A7-74C4-F8AB72029389">
<createdBy>JUANKA</createdBy>
<createdTime>2021-04-20 07:17:35 UTC</createdTime>
<ownerDesignName>NeuBDModeloLogico</ownerDesignName>
<engineerTo>
<item key="14DFEC09-88A0-67C9-F222-C7919C25966F" value="true"/>
<item key="8E3459F0-9E25-80AB-3397-F5978CA10707" value="true"/>
<item key="9A74C99F-416B-E938-DEE5-A22977160E78" value="true"/>
</engineerTo>
<identifying>false</identifying>
<optionalSource>true</optionalSource>
<optionalTarget>true</optionalTarget>
<sourceCardinality>*</sourceCardinality>
<sourceEntity>9A03D468-B323-B214-2208-33E0A065DE4B</sourceEntity>
<targetCardinalityString>*</targetCardinalityString>
<targetEntity>51F09180-0E1B-2C98-B2A7-59DA68C25E5F</targetEntity>
<transferable>true</transferable>
<deleteRule>NO ACTION</deleteRule>
</Relation>