<?xml version = '1.0' encoding = 'UTF-8'?>
<Relation class="oracle.dbtools.crest.model.design.logical.Relation" name="Relation_28" directorySegmentName="seg_0" id="463FE457-70B7-EA16-1218-25A225CCF950">
<createdBy>JUANKA</createdBy>
<createdTime>2021-04-20 07:17:14 UTC</createdTime>
<ownerDesignName>NeuBDModeloLogico</ownerDesignName>
<importedID>22A3AB7F-6FDD-DDB2-C6AB-CC67CF0199B6</importedID>
<engineerTo>
<item key="14DFEC09-88A0-67C9-F222-C7919C25966F" value="true"/>
<item key="8E3459F0-9E25-80AB-3397-F5978CA10707" value="true"/>
<item key="9A74C99F-416B-E938-DEE5-A22977160E78" value="true"/>
</engineerTo>
<sourcePk>9744BA2E-9378-E500-91AE-FAEA7CF1F02A</sourcePk>
<identifying>true</identifying>
<optionalSource>true</optionalSource>
<optionalTarget>false</optionalTarget>
<sourceCardinality>1</sourceCardinality>
<sourceEntity>C686DAEA-EFC8-E66F-EE08-1F9FE9C23A7D</sourceEntity>
<targetCardinalityString>*</targetCardinalityString>
<targetEntity>851FC8F1-3D10-AF77-58CE-FD17F77A8464</targetEntity>
<transferable>true</transferable>
<deleteRule>NO ACTION</deleteRule>
</Relation>