<?xml version = '1.0' encoding = 'UTF-8'?>
<Relation class="oracle.dbtools.crest.model.design.logical.Relation" name="Relation_21" directorySegmentName="seg_0" id="9AAEF6BE-9D0E-1C97-7582-B76EAE8E357C">
<createdBy>JUANKA</createdBy>
<createdTime>2021-04-20 08:11:54 UTC</createdTime>
<ownerDesignName>NeuBDModeloLogico</ownerDesignName>
<engineerTo>
<item key="14DFEC09-88A0-67C9-F222-C7919C25966F" value="true"/>
<item key="8E3459F0-9E25-80AB-3397-F5978CA10707" value="true"/>
<item key="9A74C99F-416B-E938-DEE5-A22977160E78" value="true"/>
</engineerTo>
<sourcePk>B4484BA1-B53C-40D8-D84B-9E2B594E576B</sourcePk>
<identifying>false</identifying>
<optionalSource>true</optionalSource>
<optionalTarget>false</optionalTarget>
<sourceCardinality>1</sourceCardinality>
<sourceEntity>078DC6AA-E30D-EEFE-9D5A-5D2A589DEF14</sourceEntity>
<targetCardinalityString>*</targetCardinalityString>
<targetEntity>C686DAEA-EFC8-E66F-EE08-1F9FE9C23A7D</targetEntity>
<transferable>true</transferable>
<deleteRule>NO ACTION</deleteRule>
</Relation>