<?xml version = '1.0' encoding = 'UTF-8'?>
<Relation class="oracle.dbtools.crest.model.design.logical.Relation" name="Relation_42" directorySegmentName="seg_0" id="9B318926-C6A7-1E42-927E-9D95EF52CDE3">
<createdBy>JUANKA</createdBy>
<createdTime>2021-04-20 07:17:14 UTC</createdTime>
<ownerDesignName>NeuBDModeloLogico</ownerDesignName>
<importedID>2AE4C19A-39AF-1E3B-D927-AA0994DBA697</importedID>
<engineerTo>
<item key="14DFEC09-88A0-67C9-F222-C7919C25966F" value="true"/>
<item key="8E3459F0-9E25-80AB-3397-F5978CA10707" value="true"/>
<item key="9A74C99F-416B-E938-DEE5-A22977160E78" value="true"/>
</engineerTo>
<targetPk>42491AC1-E636-8FF6-7DDD-558C272850CF</targetPk>
<identifying>false</identifying>
<optionalSource>true</optionalSource>
<optionalTarget>true</optionalTarget>
<sourceCardinality>1</sourceCardinality>
<sourceEntity>CD9D1E6D-4A1E-7A11-6CCD-429B5C6FCD59</sourceEntity>
<targetCardinalityString>*</targetCardinalityString>
<targetEntity>CD9D1E6D-4A1E-7A11-6CCD-429B5C6FCD59</targetEntity>
<transferable>true</transferable>
<deleteRule>NO ACTION</deleteRule>
</Relation>