<?xml version = '1.0' encoding = 'UTF-8'?>
<Relation class="oracle.dbtools.crest.model.design.logical.Relation" name="Relation_40" directorySegmentName="seg_0" id="AF305140-49E4-2DC4-832B-AFC15199C0A7">
<createdBy>JUANKA</createdBy>
<createdTime>2021-04-20 07:17:14 UTC</createdTime>
<ownerDesignName>NeuBDModeloLogico</ownerDesignName>
<importedID>764BE994-0B90-9617-6CFC-6A8003649896</importedID>
<engineerTo>
<item key="14DFEC09-88A0-67C9-F222-C7919C25966F" value="true"/>
<item key="8E3459F0-9E25-80AB-3397-F5978CA10707" value="true"/>
<item key="9A74C99F-416B-E938-DEE5-A22977160E78" value="true"/>
</engineerTo>
<sourcePk>42491AC1-E636-8FF6-7DDD-558C272850CF</sourcePk>
<identifying>true</identifying>
<optionalSource>true</optionalSource>
<optionalTarget>false</optionalTarget>
<sourceCardinality>1</sourceCardinality>
<sourceEntity>CD9D1E6D-4A1E-7A11-6CCD-429B5C6FCD59</sourceEntity>
<targetCardinalityString>*</targetCardinalityString>
<targetEntity>452CE750-785B-B9D4-C61D-9B464BE2C17A</targetEntity>
<transferable>true</transferable>
<deleteRule>NO ACTION</deleteRule>
</Relation>