<?xml version = '1.0' encoding = 'UTF-8'?>
<Relation class="oracle.dbtools.crest.model.design.logical.Relation" name="Relation_33" directorySegmentName="seg_0" id="D4FB54E7-2F61-01C2-A329-CAB8A958688E">
<createdBy>JUANKA</createdBy>
<createdTime>2021-04-20 07:17:14 UTC</createdTime>
<ownerDesignName>NeuBDModeloLogico</ownerDesignName>
<importedID>228FCA16-74D6-D105-0963-618DD2B0DC93</importedID>
<engineerTo>
<item key="14DFEC09-88A0-67C9-F222-C7919C25966F" value="true"/>
<item key="8E3459F0-9E25-80AB-3397-F5978CA10707" value="true"/>
<item key="9A74C99F-416B-E938-DEE5-A22977160E78" value="true"/>
</engineerTo>
<sourcePk>68E40367-E053-CF66-66C3-2A3967586146</sourcePk>
<identifying>true</identifying>
<optionalSource>true</optionalSource>
<optionalTarget>false</optionalTarget>
<sourceCardinality>1</sourceCardinality>
<sourceEntity>5A940B90-E299-47EB-88EF-88485ECACB51</sourceEntity>
<targetCardinalityString>*</targetCardinalityString>
<targetEntity>01F04449-DD55-56E9-903F-A66319D5FE7C</targetEntity>
<transferable>true</transferable>
<deleteRule>NO ACTION</deleteRule>
</Relation>